Night,Week,Date,Time,Courts,Line,Home Team,Away Team,Home Players,Away Players,Played (Y/N),Set 1 Home,Set 1 Away,Set 2 Home,Set 2 Away,Set 3/TB Home,Set 3/TB Away,Home Sets Won,Away Sets Won,Home Total Games,Away Total Games,Home Line Pts,Away Line Pts,Points Available
Tuesday,1,2026-05-26,5:30pm,"Courts 1–5","Line 1 (#1/#2)","Spin Doctors","Easy Overhead","","",Y,,,,,,,"=IF(L2="""",0,IF(L2>M2,1,0))+IF(N2="""",0,IF(N2>O2,1,0))+IF(P2="""",0,IF(P2>Q2,1,0))","=IF(M2="""",0,IF(M2>L2,1,0))+IF(O2="""",0,IF(O2>N2,1,0))+IF(Q2="""",0,IF(Q2>P2,1,0))","=SUM(L2,N2,P2)","=SUM(M2,O2,Q2)","=IF(K2=""Y"", 1, 0) + IF(AND(R2=1, S2=1, ISBLANK(P2), ISBLANK(Q2), T2=U2), 1, IF(AND(R2=1, S2=1, ISBLANK(P2), ISBLANK(Q2), T2>U2), 2, R2))","=IF(K2=""Y"", 1, 0) + IF(AND(R2=1, S2=1, ISBLANK(P2), ISBLANK(Q2), T2=U2), 1, IF(AND(R2=1, S2=1, ISBLANK(P2), ISBLANK(Q2), U2>T2), 2, S2))","=IF(K2<>""Y"", 0, IF(AND(R2=1, S2=1, ISBLANK(P2), ISBLANK(Q2), T2=U2), 2, 3))"
Tuesday,1,2026-05-26,5:30pm,"Courts 1–5","Line 2 (#3 Pair A)","Spin Doctors","Easy Overhead","","",Y,,,,,,,"=IF(L3="""",0,IF(L3>M3,1,0))+IF(N3="""",0,IF(N3>O3,1,0))+IF(P3="""",0,IF(P3>Q3,1,0))","=IF(M3="""",0,IF(M3>L3,1,0))+IF(O3="""",0,IF(O3>N3,1,0))+IF(Q3="""",0,IF(Q3>P3,1,0))","=SUM(L3,N3,P3)","=SUM(M3,O3,Q3)","=IF(K3=""Y"", 1, 0) + IF(AND(R3=1, S3=1, ISBLANK(P3), ISBLANK(Q3), T3=U3), 1, IF(AND(R3=1, S3=1, ISBLANK(P3), ISBLANK(Q3), T3>U3), 2, R3))","=IF(K3=""Y"", 1, 0) + IF(AND(R3=1, S3=1, ISBLANK(P3), ISBLANK(Q3), T3=U3), 1, IF(AND(R3=1, S3=1, ISBLANK(P3), ISBLANK(Q3), U3>T3), 2, S3))","=IF(K3<>""Y"", 0, IF(AND(R3=1, S3=1, ISBLANK(P3), ISBLANK(Q3), T3=U3), 2, 3))"
Tuesday,1,2026-05-26,5:30pm,"Courts 1–5","Line 3 (#3 Pair B)","Spin Doctors","Easy Overhead","","",Y,,,,,,,"=IF(L4="""",0,IF(L4>M4,1,0))+IF(N4="""",0,IF(N4>O4,1,0))+IF(P4="""",0,IF(P4>Q4,1,0))","=IF(M4="""",0,IF(M4>L4,1,0))+IF(O4="""",0,IF(O4>N4,1,0))+IF(Q4="""",0,IF(Q4>P4,1,0))","=SUM(L4,N4,P4)","=SUM(M4,O4,Q4)","=IF(K4=""Y"", 1, 0) + IF(AND(R4=1, S4=1, ISBLANK(P4), ISBLANK(Q4), T4=U4), 1, IF(AND(R4=1, S4=1, ISBLANK(P4), ISBLANK(Q4), T4>U4), 2, R4))","=IF(K4=""Y"", 1, 0) + IF(AND(R4=1, S4=1, ISBLANK(P4), ISBLANK(Q4), T4=U4), 1, IF(AND(R4=1, S4=1, ISBLANK(P4), ISBLANK(Q4), U4>T4), 2, S4))","=IF(K4<>""Y"", 0, IF(AND(R4=1, S4=1, ISBLANK(P4), ISBLANK(Q4), T4=U4), 2, 3))"
Tuesday,1,2026-05-26,5:30pm,"Courts 1–5","Line 4 (#4/#5)","Spin Doctors","Easy Overhead","","",Y,,,,,,,"=IF(L5="""",0,IF(L5>M5,1,0))+IF(N5="""",0,IF(N5>O5,1,0))+IF(P5="""",0,IF(P5>Q5,1,0))","=IF(M5="""",0,IF(M5>L5,1,0))+IF(O5="""",0,IF(O5>N5,1,0))+IF(Q5="""",0,IF(Q5>P5,1,0))","=SUM(L5,N5,P5)","=SUM(M5,O5,Q5)","=IF(K5=""Y"", 1, 0) + IF(AND(R5=1, S5=1, ISBLANK(P5), ISBLANK(Q5), T5=U5), 1, IF(AND(R5=1, S5=1, ISBLANK(P5), ISBLANK(Q5), T5>U5), 2, R5))","=IF(K5=""Y"", 1, 0) + IF(AND(R5=1, S5=1, ISBLANK(P5), ISBLANK(Q5), T5=U5), 1, IF(AND(R5=1, S5=1, ISBLANK(P5), ISBLANK(Q5), U5>T5), 2, S5))","=IF(K5<>""Y"", 0, IF(AND(R5=1, S5=1, ISBLANK(P5), ISBLANK(Q5), T5=U5), 2, 3))"
Tuesday,1,2026-05-26,7:00pm,"Courts 1–5","Line 1 (#1/#2)","Subs","Full Metal Racquet","","",Y,,,,,,,"=IF(L6="""",0,IF(L6>M6,1,0))+IF(N6="""",0,IF(N6>O6,1,0))+IF(P6="""",0,IF(P6>Q6,1,0))","=IF(M6="""",0,IF(M6>L6,1,0))+IF(O6="""",0,IF(O6>N6,1,0))+IF(Q6="""",0,IF(Q6>P6,1,0))","=SUM(L6,N6,P6)","=SUM(M6,O6,Q6)","=IF(K6=""Y"", 1, 0) + IF(AND(R6=1, S6=1, ISBLANK(P6), ISBLANK(Q6), T6=U6), 1, IF(AND(R6=1, S6=1, ISBLANK(P6), ISBLANK(Q6), T6>U6), 2, R6))","=IF(K6=""Y"", 1, 0) + IF(AND(R6=1, S6=1, ISBLANK(P6), ISBLANK(Q6), T6=U6), 1, IF(AND(R6=1, S6=1, ISBLANK(P6), ISBLANK(Q6), U6>T6), 2, S6))","=IF(K6<>""Y"", 0, IF(AND(R6=1, S6=1, ISBLANK(P6), ISBLANK(Q6), T6=U6), 2, 3))"
Tuesday,1,2026-05-26,7:00pm,"Courts 1–5","Line 2 (#3 Pair A)","Subs","Full Metal Racquet","","",Y,,,,,,,"=IF(L7="""",0,IF(L7>M7,1,0))+IF(N7="""",0,IF(N7>O7,1,0))+IF(P7="""",0,IF(P7>Q7,1,0))","=IF(M7="""",0,IF(M7>L7,1,0))+IF(O7="""",0,IF(O7>N7,1,0))+IF(Q7="""",0,IF(Q7>P7,1,0))","=SUM(L7,N7,P7)","=SUM(M7,O7,Q7)","=IF(K7=""Y"", 1, 0) + IF(AND(R7=1, S7=1, ISBLANK(P7), ISBLANK(Q7), T7=U7), 1, IF(AND(R7=1, S7=1, ISBLANK(P7), ISBLANK(Q7), T7>U7), 2, R7))","=IF(K7=""Y"", 1, 0) + IF(AND(R7=1, S7=1, ISBLANK(P7), ISBLANK(Q7), T7=U7), 1, IF(AND(R7=1, S7=1, ISBLANK(P7), ISBLANK(Q7), U7>T7), 2, S7))","=IF(K7<>""Y"", 0, IF(AND(R7=1, S7=1, ISBLANK(P7), ISBLANK(Q7), T7=U7), 2, 3))"
Tuesday,1,2026-05-26,7:00pm,"Courts 1–5","Line 3 (#3 Pair B)","Subs","Full Metal Racquet","","",Y,,,,,,,"=IF(L8="""",0,IF(L8>M8,1,0))+IF(N8="""",0,IF(N8>O8,1,0))+IF(P8="""",0,IF(P8>Q8,1,0))","=IF(M8="""",0,IF(M8>L8,1,0))+IF(O8="""",0,IF(O8>N8,1,0))+IF(Q8="""",0,IF(Q8>P8,1,0))","=SUM(L8,N8,P8)","=SUM(M8,O8,Q8)","=IF(K8=""Y"", 1, 0) + IF(AND(R8=1, S8=1, ISBLANK(P8), ISBLANK(Q8), T8=U8), 1, IF(AND(R8=1, S8=1, ISBLANK(P8), ISBLANK(Q8), T8>U8), 2, R8))","=IF(K8=""Y"", 1, 0) + IF(AND(R8=1, S8=1, ISBLANK(P8), ISBLANK(Q8), T8=U8), 1, IF(AND(R8=1, S8=1, ISBLANK(P8), ISBLANK(Q8), U8>T8), 2, S8))","=IF(K8<>""Y"", 0, IF(AND(R8=1, S8=1, ISBLANK(P8), ISBLANK(Q8), T8=U8), 2, 3))"
Tuesday,1,2026-05-26,7:00pm,"Courts 1–5","Line 4 (#4/#5)","Subs","Full Metal Racquet","","",Y,,,,,,,"=IF(L9="""",0,IF(L9>M9,1,0))+IF(N9="""",0,IF(N9>O9,1,0))+IF(P9="""",0,IF(P9>Q9,1,0))","=IF(M9="""",0,IF(M9>L9,1,0))+IF(O9="""",0,IF(O9>N9,1,0))+IF(Q9="""",0,IF(Q9>P9,1,0))","=SUM(L9,N9,P9)","=SUM(M9,O9,Q9)","=IF(K9=""Y"", 1, 0) + IF(AND(R9=1, S9=1, ISBLANK(P9), ISBLANK(Q9), T9=U9), 1, IF(AND(R9=1, S9=1, ISBLANK(P9), ISBLANK(Q9), T9>U9), 2, R9))","=IF(K9=""Y"", 1, 0) + IF(AND(R9=1, S9=1, ISBLANK(P9), ISBLANK(Q9), T9=U9), 1, IF(AND(R9=1, S9=1, ISBLANK(P9), ISBLANK(Q9), U9>T9), 2, S9))","=IF(K9<>""Y"", 0, IF(AND(R9=1, S9=1, ISBLANK(P9), ISBLANK(Q9), T9=U9), 2, 3))"
Tuesday,1,2026-05-26,5:30pm,"Courts 6–9","Line 1 (#1/#2)","Herons","Jetsetters","","",Y,,,,,,,"=IF(L10="""",0,IF(L10>M10,1,0))+IF(N10="""",0,IF(N10>O10,1,0))+IF(P10="""",0,IF(P10>Q10,1,0))","=IF(M10="""",0,IF(M10>L10,1,0))+IF(O10="""",0,IF(O10>N10,1,0))+IF(Q10="""",0,IF(Q10>P10,1,0))","=SUM(L10,N10,P10)","=SUM(M10,O10,Q10)","=IF(K10=""Y"", 1, 0) + IF(AND(R10=1, S10=1, ISBLANK(P10), ISBLANK(Q10), T10=U10), 1, IF(AND(R10=1, S10=1, ISBLANK(P10), ISBLANK(Q10), T10>U10), 2, R10))","=IF(K10=""Y"", 1, 0) + IF(AND(R10=1, S10=1, ISBLANK(P10), ISBLANK(Q10), T10=U10), 1, IF(AND(R10=1, S10=1, ISBLANK(P10), ISBLANK(Q10), U10>T10), 2, S10))","=IF(K10<>""Y"", 0, IF(AND(R10=1, S10=1, ISBLANK(P10), ISBLANK(Q10), T10=U10), 2, 3))"
Tuesday,1,2026-05-26,5:30pm,"Courts 6–9","Line 2 (#3 Pair A)","Herons","Jetsetters","","",Y,,,,,,,"=IF(L11="""",0,IF(L11>M11,1,0))+IF(N11="""",0,IF(N11>O11,1,0))+IF(P11="""",0,IF(P11>Q11,1,0))","=IF(M11="""",0,IF(M11>L11,1,0))+IF(O11="""",0,IF(O11>N11,1,0))+IF(Q11="""",0,IF(Q11>P11,1,0))","=SUM(L11,N11,P11)","=SUM(M11,O11,Q11)","=IF(K11=""Y"", 1, 0) + IF(AND(R11=1, S11=1, ISBLANK(P11), ISBLANK(Q11), T11=U11), 1, IF(AND(R11=1, S11=1, ISBLANK(P11), ISBLANK(Q11), T11>U11), 2, R11))","=IF(K11=""Y"", 1, 0) + IF(AND(R11=1, S11=1, ISBLANK(P11), ISBLANK(Q11), T11=U11), 1, IF(AND(R11=1, S11=1, ISBLANK(P11), ISBLANK(Q11), U11>T11), 2, S11))","=IF(K11<>""Y"", 0, IF(AND(R11=1, S11=1, ISBLANK(P11), ISBLANK(Q11), T11=U11), 2, 3))"
Tuesday,1,2026-05-26,5:30pm,"Courts 6–9","Line 3 (#3 Pair B)","Herons","Jetsetters","","",Y,,,,,,,"=IF(L12="""",0,IF(L12>M12,1,0))+IF(N12="""",0,IF(N12>O12,1,0))+IF(P12="""",0,IF(P12>Q12,1,0))","=IF(M12="""",0,IF(M12>L12,1,0))+IF(O12="""",0,IF(O12>N12,1,0))+IF(Q12="""",0,IF(Q12>P12,1,0))","=SUM(L12,N12,P12)","=SUM(M12,O12,Q12)","=IF(K12=""Y"", 1, 0) + IF(AND(R12=1, S12=1, ISBLANK(P12), ISBLANK(Q12), T12=U12), 1, IF(AND(R12=1, S12=1, ISBLANK(P12), ISBLANK(Q12), T12>U12), 2, R12))","=IF(K12=""Y"", 1, 0) + IF(AND(R12=1, S12=1, ISBLANK(P12), ISBLANK(Q12), T12=U12), 1, IF(AND(R12=1, S12=1, ISBLANK(P12), ISBLANK(Q12), U12>T12), 2, S12))","=IF(K12<>""Y"", 0, IF(AND(R12=1, S12=1, ISBLANK(P12), ISBLANK(Q12), T12=U12), 2, 3))"
Tuesday,1,2026-05-26,5:30pm,"Courts 6–9","Line 4 (#4/#5)","Herons","Jetsetters","","",Y,,,,,,,"=IF(L13="""",0,IF(L13>M13,1,0))+IF(N13="""",0,IF(N13>O13,1,0))+IF(P13="""",0,IF(P13>Q13,1,0))","=IF(M13="""",0,IF(M13>L13,1,0))+IF(O13="""",0,IF(O13>N13,1,0))+IF(Q13="""",0,IF(Q13>P13,1,0))","=SUM(L13,N13,P13)","=SUM(M13,O13,Q13)","=IF(K13=""Y"", 1, 0) + IF(AND(R13=1, S13=1, ISBLANK(P13), ISBLANK(Q13), T13=U13), 1, IF(AND(R13=1, S13=1, ISBLANK(P13), ISBLANK(Q13), T13>U13), 2, R13))","=IF(K13=""Y"", 1, 0) + IF(AND(R13=1, S13=1, ISBLANK(P13), ISBLANK(Q13), T13=U13), 1, IF(AND(R13=1, S13=1, ISBLANK(P13), ISBLANK(Q13), U13>T13), 2, S13))","=IF(K13<>""Y"", 0, IF(AND(R13=1, S13=1, ISBLANK(P13), ISBLANK(Q13), T13=U13), 2, 3))"
Tuesday,1,2026-05-26,7:00pm,"Courts 6–9","Line 1 (#1/#2)","Approach Shots","Bounce It","","",Y,,,,,,,"=IF(L14="""",0,IF(L14>M14,1,0))+IF(N14="""",0,IF(N14>O14,1,0))+IF(P14="""",0,IF(P14>Q14,1,0))","=IF(M14="""",0,IF(M14>L14,1,0))+IF(O14="""",0,IF(O14>N14,1,0))+IF(Q14="""",0,IF(Q14>P14,1,0))","=SUM(L14,N14,P14)","=SUM(M14,O14,Q14)","=IF(K14=""Y"", 1, 0) + IF(AND(R14=1, S14=1, ISBLANK(P14), ISBLANK(Q14), T14=U14), 1, IF(AND(R14=1, S14=1, ISBLANK(P14), ISBLANK(Q14), T14>U14), 2, R14))","=IF(K14=""Y"", 1, 0) + IF(AND(R14=1, S14=1, ISBLANK(P14), ISBLANK(Q14), T14=U14), 1, IF(AND(R14=1, S14=1, ISBLANK(P14), ISBLANK(Q14), U14>T14), 2, S14))","=IF(K14<>""Y"", 0, IF(AND(R14=1, S14=1, ISBLANK(P14), ISBLANK(Q14), T14=U14), 2, 3))"
Tuesday,1,2026-05-26,7:00pm,"Courts 6–9","Line 2 (#3 Pair A)","Approach Shots","Bounce It","","",Y,,,,,,,"=IF(L15="""",0,IF(L15>M15,1,0))+IF(N15="""",0,IF(N15>O15,1,0))+IF(P15="""",0,IF(P15>Q15,1,0))","=IF(M15="""",0,IF(M15>L15,1,0))+IF(O15="""",0,IF(O15>N15,1,0))+IF(Q15="""",0,IF(Q15>P15,1,0))","=SUM(L15,N15,P15)","=SUM(M15,O15,Q15)","=IF(K15=""Y"", 1, 0) + IF(AND(R15=1, S15=1, ISBLANK(P15), ISBLANK(Q15), T15=U15), 1, IF(AND(R15=1, S15=1, ISBLANK(P15), ISBLANK(Q15), T15>U15), 2, R15))","=IF(K15=""Y"", 1, 0) + IF(AND(R15=1, S15=1, ISBLANK(P15), ISBLANK(Q15), T15=U15), 1, IF(AND(R15=1, S15=1, ISBLANK(P15), ISBLANK(Q15), U15>T15), 2, S15))","=IF(K15<>""Y"", 0, IF(AND(R15=1, S15=1, ISBLANK(P15), ISBLANK(Q15), T15=U15), 2, 3))"
Tuesday,1,2026-05-26,7:00pm,"Courts 6–9","Line 3 (#3 Pair B)","Approach Shots","Bounce It","","",Y,,,,,,,"=IF(L16="""",0,IF(L16>M16,1,0))+IF(N16="""",0,IF(N16>O16,1,0))+IF(P16="""",0,IF(P16>Q16,1,0))","=IF(M16="""",0,IF(M16>L16,1,0))+IF(O16="""",0,IF(O16>N16,1,0))+IF(Q16="""",0,IF(Q16>P16,1,0))","=SUM(L16,N16,P16)","=SUM(M16,O16,Q16)","=IF(K16=""Y"", 1, 0) + IF(AND(R16=1, S16=1, ISBLANK(P16), ISBLANK(Q16), T16=U16), 1, IF(AND(R16=1, S16=1, ISBLANK(P16), ISBLANK(Q16), T16>U16), 2, R16))","=IF(K16=""Y"", 1, 0) + IF(AND(R16=1, S16=1, ISBLANK(P16), ISBLANK(Q16), T16=U16), 1, IF(AND(R16=1, S16=1, ISBLANK(P16), ISBLANK(Q16), U16>T16), 2, S16))","=IF(K16<>""Y"", 0, IF(AND(R16=1, S16=1, ISBLANK(P16), ISBLANK(Q16), T16=U16), 2, 3))"
Tuesday,1,2026-05-26,7:00pm,"Courts 6–9","Line 4 (#4/#5)","Approach Shots","Bounce It","","",Y,,,,,,,"=IF(L17="""",0,IF(L17>M17,1,0))+IF(N17="""",0,IF(N17>O17,1,0))+IF(P17="""",0,IF(P17>Q17,1,0))","=IF(M17="""",0,IF(M17>L17,1,0))+IF(O17="""",0,IF(O17>N17,1,0))+IF(Q17="""",0,IF(Q17>P17,1,0))","=SUM(L17,N17,P17)","=SUM(M17,O17,Q17)","=IF(K17=""Y"", 1, 0) + IF(AND(R17=1, S17=1, ISBLANK(P17), ISBLANK(Q17), T17=U17), 1, IF(AND(R17=1, S17=1, ISBLANK(P17), ISBLANK(Q17), T17>U17), 2, R17))","=IF(K17=""Y"", 1, 0) + IF(AND(R17=1, S17=1, ISBLANK(P17), ISBLANK(Q17), T17=U17), 1, IF(AND(R17=1, S17=1, ISBLANK(P17), ISBLANK(Q17), U17>T17), 2, S17))","=IF(K17<>""Y"", 0, IF(AND(R17=1, S17=1, ISBLANK(P17), ISBLANK(Q17), T17=U17), 2, 3))"
Tuesday,1,2026-05-26,5:30pm,"Courts 10–13","Line 1 (#1/#2)","Racquet Scientists","Return to Sender with Love","","",Y,,,,,,,"=IF(L18="""",0,IF(L18>M18,1,0))+IF(N18="""",0,IF(N18>O18,1,0))+IF(P18="""",0,IF(P18>Q18,1,0))","=IF(M18="""",0,IF(M18>L18,1,0))+IF(O18="""",0,IF(O18>N18,1,0))+IF(Q18="""",0,IF(Q18>P18,1,0))","=SUM(L18,N18,P18)","=SUM(M18,O18,Q18)","=IF(K18=""Y"", 1, 0) + IF(AND(R18=1, S18=1, ISBLANK(P18), ISBLANK(Q18), T18=U18), 1, IF(AND(R18=1, S18=1, ISBLANK(P18), ISBLANK(Q18), T18>U18), 2, R18))","=IF(K18=""Y"", 1, 0) + IF(AND(R18=1, S18=1, ISBLANK(P18), ISBLANK(Q18), T18=U18), 1, IF(AND(R18=1, S18=1, ISBLANK(P18), ISBLANK(Q18), U18>T18), 2, S18))","=IF(K18<>""Y"", 0, IF(AND(R18=1, S18=1, ISBLANK(P18), ISBLANK(Q18), T18=U18), 2, 3))"
Tuesday,1,2026-05-26,5:30pm,"Courts 10–13","Line 2 (#3 Pair A)","Racquet Scientists","Return to Sender with Love","","",Y,,,,,,,"=IF(L19="""",0,IF(L19>M19,1,0))+IF(N19="""",0,IF(N19>O19,1,0))+IF(P19="""",0,IF(P19>Q19,1,0))","=IF(M19="""",0,IF(M19>L19,1,0))+IF(O19="""",0,IF(O19>N19,1,0))+IF(Q19="""",0,IF(Q19>P19,1,0))","=SUM(L19,N19,P19)","=SUM(M19,O19,Q19)","=IF(K19=""Y"", 1, 0) + IF(AND(R19=1, S19=1, ISBLANK(P19), ISBLANK(Q19), T19=U19), 1, IF(AND(R19=1, S19=1, ISBLANK(P19), ISBLANK(Q19), T19>U19), 2, R19))","=IF(K19=""Y"", 1, 0) + IF(AND(R19=1, S19=1, ISBLANK(P19), ISBLANK(Q19), T19=U19), 1, IF(AND(R19=1, S19=1, ISBLANK(P19), ISBLANK(Q19), U19>T19), 2, S19))","=IF(K19<>""Y"", 0, IF(AND(R19=1, S19=1, ISBLANK(P19), ISBLANK(Q19), T19=U19), 2, 3))"
Tuesday,1,2026-05-26,5:30pm,"Courts 10–13","Line 3 (#3 Pair B)","Racquet Scientists","Return to Sender with Love","","",Y,,,,,,,"=IF(L20="""",0,IF(L20>M20,1,0))+IF(N20="""",0,IF(N20>O20,1,0))+IF(P20="""",0,IF(P20>Q20,1,0))","=IF(M20="""",0,IF(M20>L20,1,0))+IF(O20="""",0,IF(O20>N20,1,0))+IF(Q20="""",0,IF(Q20>P20,1,0))","=SUM(L20,N20,P20)","=SUM(M20,O20,Q20)","=IF(K20=""Y"", 1, 0) + IF(AND(R20=1, S20=1, ISBLANK(P20), ISBLANK(Q20), T20=U20), 1, IF(AND(R20=1, S20=1, ISBLANK(P20), ISBLANK(Q20), T20>U20), 2, R20))","=IF(K20=""Y"", 1, 0) + IF(AND(R20=1, S20=1, ISBLANK(P20), ISBLANK(Q20), T20=U20), 1, IF(AND(R20=1, S20=1, ISBLANK(P20), ISBLANK(Q20), U20>T20), 2, S20))","=IF(K20<>""Y"", 0, IF(AND(R20=1, S20=1, ISBLANK(P20), ISBLANK(Q20), T20=U20), 2, 3))"
Tuesday,1,2026-05-26,5:30pm,"Courts 10–13","Line 4 (#4/#5)","Racquet Scientists","Return to Sender with Love","","",Y,,,,,,,"=IF(L21="""",0,IF(L21>M21,1,0))+IF(N21="""",0,IF(N21>O21,1,0))+IF(P21="""",0,IF(P21>Q21,1,0))","=IF(M21="""",0,IF(M21>L21,1,0))+IF(O21="""",0,IF(O21>N21,1,0))+IF(Q21="""",0,IF(Q21>P21,1,0))","=SUM(L21,N21,P21)","=SUM(M21,O21,Q21)","=IF(K21=""Y"", 1, 0) + IF(AND(R21=1, S21=1, ISBLANK(P21), ISBLANK(Q21), T21=U21), 1, IF(AND(R21=1, S21=1, ISBLANK(P21), ISBLANK(Q21), T21>U21), 2, R21))","=IF(K21=""Y"", 1, 0) + IF(AND(R21=1, S21=1, ISBLANK(P21), ISBLANK(Q21), T21=U21), 1, IF(AND(R21=1, S21=1, ISBLANK(P21), ISBLANK(Q21), U21>T21), 2, S21))","=IF(K21<>""Y"", 0, IF(AND(R21=1, S21=1, ISBLANK(P21), ISBLANK(Q21), T21=U21), 2, 3))"
Tuesday,1,2026-05-26,7:00pm,"Courts 10–13","Line 1 (#1/#2)","Rascals","Good Ol' Boys","","",Y,,,,,,,"=IF(L22="""",0,IF(L22>M22,1,0))+IF(N22="""",0,IF(N22>O22,1,0))+IF(P22="""",0,IF(P22>Q22,1,0))","=IF(M22="""",0,IF(M22>L22,1,0))+IF(O22="""",0,IF(O22>N22,1,0))+IF(Q22="""",0,IF(Q22>P22,1,0))","=SUM(L22,N22,P22)","=SUM(M22,O22,Q22)","=IF(K22=""Y"", 1, 0) + IF(AND(R22=1, S22=1, ISBLANK(P22), ISBLANK(Q22), T22=U22), 1, IF(AND(R22=1, S22=1, ISBLANK(P22), ISBLANK(Q22), T22>U22), 2, R22))","=IF(K22=""Y"", 1, 0) + IF(AND(R22=1, S22=1, ISBLANK(P22), ISBLANK(Q22), T22=U22), 1, IF(AND(R22=1, S22=1, ISBLANK(P22), ISBLANK(Q22), U22>T22), 2, S22))","=IF(K22<>""Y"", 0, IF(AND(R22=1, S22=1, ISBLANK(P22), ISBLANK(Q22), T22=U22), 2, 3))"
Tuesday,1,2026-05-26,7:00pm,"Courts 10–13","Line 2 (#3 Pair A)","Rascals","Good Ol' Boys","","",Y,,,,,,,"=IF(L23="""",0,IF(L23>M23,1,0))+IF(N23="""",0,IF(N23>O23,1,0))+IF(P23="""",0,IF(P23>Q23,1,0))","=IF(M23="""",0,IF(M23>L23,1,0))+IF(O23="""",0,IF(O23>N23,1,0))+IF(Q23="""",0,IF(Q23>P23,1,0))","=SUM(L23,N23,P23)","=SUM(M23,O23,Q23)","=IF(K23=""Y"", 1, 0) + IF(AND(R23=1, S23=1, ISBLANK(P23), ISBLANK(Q23), T23=U23), 1, IF(AND(R23=1, S23=1, ISBLANK(P23), ISBLANK(Q23), T23>U23), 2, R23))","=IF(K23=""Y"", 1, 0) + IF(AND(R23=1, S23=1, ISBLANK(P23), ISBLANK(Q23), T23=U23), 1, IF(AND(R23=1, S23=1, ISBLANK(P23), ISBLANK(Q23), U23>T23), 2, S23))","=IF(K23<>""Y"", 0, IF(AND(R23=1, S23=1, ISBLANK(P23), ISBLANK(Q23), T23=U23), 2, 3))"
Tuesday,1,2026-05-26,7:00pm,"Courts 10–13","Line 3 (#3 Pair B)","Rascals","Good Ol' Boys","","",Y,,,,,,,"=IF(L24="""",0,IF(L24>M24,1,0))+IF(N24="""",0,IF(N24>O24,1,0))+IF(P24="""",0,IF(P24>Q24,1,0))","=IF(M24="""",0,IF(M24>L24,1,0))+IF(O24="""",0,IF(O24>N24,1,0))+IF(Q24="""",0,IF(Q24>P24,1,0))","=SUM(L24,N24,P24)","=SUM(M24,O24,Q24)","=IF(K24=""Y"", 1, 0) + IF(AND(R24=1, S24=1, ISBLANK(P24), ISBLANK(Q24), T24=U24), 1, IF(AND(R24=1, S24=1, ISBLANK(P24), ISBLANK(Q24), T24>U24), 2, R24))","=IF(K24=""Y"", 1, 0) + IF(AND(R24=1, S24=1, ISBLANK(P24), ISBLANK(Q24), T24=U24), 1, IF(AND(R24=1, S24=1, ISBLANK(P24), ISBLANK(Q24), U24>T24), 2, S24))","=IF(K24<>""Y"", 0, IF(AND(R24=1, S24=1, ISBLANK(P24), ISBLANK(Q24), T24=U24), 2, 3))"
Tuesday,1,2026-05-26,7:00pm,"Courts 10–13","Line 4 (#4/#5)","Rascals","Good Ol' Boys","","",Y,,,,,,,"=IF(L25="""",0,IF(L25>M25,1,0))+IF(N25="""",0,IF(N25>O25,1,0))+IF(P25="""",0,IF(P25>Q25,1,0))","=IF(M25="""",0,IF(M25>L25,1,0))+IF(O25="""",0,IF(O25>N25,1,0))+IF(Q25="""",0,IF(Q25>P25,1,0))","=SUM(L25,N25,P25)","=SUM(M25,O25,Q25)","=IF(K25=""Y"", 1, 0) + IF(AND(R25=1, S25=1, ISBLANK(P25), ISBLANK(Q25), T25=U25), 1, IF(AND(R25=1, S25=1, ISBLANK(P25), ISBLANK(Q25), T25>U25), 2, R25))","=IF(K25=""Y"", 1, 0) + IF(AND(R25=1, S25=1, ISBLANK(P25), ISBLANK(Q25), T25=U25), 1, IF(AND(R25=1, S25=1, ISBLANK(P25), ISBLANK(Q25), U25>T25), 2, S25))","=IF(K25<>""Y"", 0, IF(AND(R25=1, S25=1, ISBLANK(P25), ISBLANK(Q25), T25=U25), 2, 3))"
Tuesday,2,2026-06-02,7:00pm,"Courts 10–13","Line 1 (#1/#2)","Full Metal Racquet","Spin Doctors","","",Y,,,,,,,"=IF(L26="""",0,IF(L26>M26,1,0))+IF(N26="""",0,IF(N26>O26,1,0))+IF(P26="""",0,IF(P26>Q26,1,0))","=IF(M26="""",0,IF(M26>L26,1,0))+IF(O26="""",0,IF(O26>N26,1,0))+IF(Q26="""",0,IF(Q26>P26,1,0))","=SUM(L26,N26,P26)","=SUM(M26,O26,Q26)","=IF(K26=""Y"", 1, 0) + IF(AND(R26=1, S26=1, ISBLANK(P26), ISBLANK(Q26), T26=U26), 1, IF(AND(R26=1, S26=1, ISBLANK(P26), ISBLANK(Q26), T26>U26), 2, R26))","=IF(K26=""Y"", 1, 0) + IF(AND(R26=1, S26=1, ISBLANK(P26), ISBLANK(Q26), T26=U26), 1, IF(AND(R26=1, S26=1, ISBLANK(P26), ISBLANK(Q26), U26>T26), 2, S26))","=IF(K26<>""Y"", 0, IF(AND(R26=1, S26=1, ISBLANK(P26), ISBLANK(Q26), T26=U26), 2, 3))"
Tuesday,2,2026-06-02,7:00pm,"Courts 10–13","Line 2 (#3 Pair A)","Full Metal Racquet","Spin Doctors","","",Y,,,,,,,"=IF(L27="""",0,IF(L27>M27,1,0))+IF(N27="""",0,IF(N27>O27,1,0))+IF(P27="""",0,IF(P27>Q27,1,0))","=IF(M27="""",0,IF(M27>L27,1,0))+IF(O27="""",0,IF(O27>N27,1,0))+IF(Q27="""",0,IF(Q27>P27,1,0))","=SUM(L27,N27,P27)","=SUM(M27,O27,Q27)","=IF(K27=""Y"", 1, 0) + IF(AND(R27=1, S27=1, ISBLANK(P27), ISBLANK(Q27), T27=U27), 1, IF(AND(R27=1, S27=1, ISBLANK(P27), ISBLANK(Q27), T27>U27), 2, R27))","=IF(K27=""Y"", 1, 0) + IF(AND(R27=1, S27=1, ISBLANK(P27), ISBLANK(Q27), T27=U27), 1, IF(AND(R27=1, S27=1, ISBLANK(P27), ISBLANK(Q27), U27>T27), 2, S27))","=IF(K27<>""Y"", 0, IF(AND(R27=1, S27=1, ISBLANK(P27), ISBLANK(Q27), T27=U27), 2, 3))"
Tuesday,2,2026-06-02,7:00pm,"Courts 10–13","Line 3 (#3 Pair B)","Full Metal Racquet","Spin Doctors","","",Y,,,,,,,"=IF(L28="""",0,IF(L28>M28,1,0))+IF(N28="""",0,IF(N28>O28,1,0))+IF(P28="""",0,IF(P28>Q28,1,0))","=IF(M28="""",0,IF(M28>L28,1,0))+IF(O28="""",0,IF(O28>N28,1,0))+IF(Q28="""",0,IF(Q28>P28,1,0))","=SUM(L28,N28,P28)","=SUM(M28,O28,Q28)","=IF(K28=""Y"", 1, 0) + IF(AND(R28=1, S28=1, ISBLANK(P28), ISBLANK(Q28), T28=U28), 1, IF(AND(R28=1, S28=1, ISBLANK(P28), ISBLANK(Q28), T28>U28), 2, R28))","=IF(K28=""Y"", 1, 0) + IF(AND(R28=1, S28=1, ISBLANK(P28), ISBLANK(Q28), T28=U28), 1, IF(AND(R28=1, S28=1, ISBLANK(P28), ISBLANK(Q28), U28>T28), 2, S28))","=IF(K28<>""Y"", 0, IF(AND(R28=1, S28=1, ISBLANK(P28), ISBLANK(Q28), T28=U28), 2, 3))"
Tuesday,2,2026-06-02,7:00pm,"Courts 10–13","Line 4 (#4/#5)","Full Metal Racquet","Spin Doctors","","",Y,,,,,,,"=IF(L29="""",0,IF(L29>M29,1,0))+IF(N29="""",0,IF(N29>O29,1,0))+IF(P29="""",0,IF(P29>Q29,1,0))","=IF(M29="""",0,IF(M29>L29,1,0))+IF(O29="""",0,IF(O29>N29,1,0))+IF(Q29="""",0,IF(Q29>P29,1,0))","=SUM(L29,N29,P29)","=SUM(M29,O29,Q29)","=IF(K29=""Y"", 1, 0) + IF(AND(R29=1, S29=1, ISBLANK(P29), ISBLANK(Q29), T29=U29), 1, IF(AND(R29=1, S29=1, ISBLANK(P29), ISBLANK(Q29), T29>U29), 2, R29))","=IF(K29=""Y"", 1, 0) + IF(AND(R29=1, S29=1, ISBLANK(P29), ISBLANK(Q29), T29=U29), 1, IF(AND(R29=1, S29=1, ISBLANK(P29), ISBLANK(Q29), U29>T29), 2, S29))","=IF(K29<>""Y"", 0, IF(AND(R29=1, S29=1, ISBLANK(P29), ISBLANK(Q29), T29=U29), 2, 3))"
Tuesday,2,2026-06-02,7:00pm,"Courts 6–9","Line 1 (#1/#2)","Easy Overhead","Jetsetters","","",Y,,,,,,,"=IF(L30="""",0,IF(L30>M30,1,0))+IF(N30="""",0,IF(N30>O30,1,0))+IF(P30="""",0,IF(P30>Q30,1,0))","=IF(M30="""",0,IF(M30>L30,1,0))+IF(O30="""",0,IF(O30>N30,1,0))+IF(Q30="""",0,IF(Q30>P30,1,0))","=SUM(L30,N30,P30)","=SUM(M30,O30,Q30)","=IF(K30=""Y"", 1, 0) + IF(AND(R30=1, S30=1, ISBLANK(P30), ISBLANK(Q30), T30=U30), 1, IF(AND(R30=1, S30=1, ISBLANK(P30), ISBLANK(Q30), T30>U30), 2, R30))","=IF(K30=""Y"", 1, 0) + IF(AND(R30=1, S30=1, ISBLANK(P30), ISBLANK(Q30), T30=U30), 1, IF(AND(R30=1, S30=1, ISBLANK(P30), ISBLANK(Q30), U30>T30), 2, S30))","=IF(K30<>""Y"", 0, IF(AND(R30=1, S30=1, ISBLANK(P30), ISBLANK(Q30), T30=U30), 2, 3))"
Tuesday,2,2026-06-02,7:00pm,"Courts 6–9","Line 2 (#3 Pair A)","Easy Overhead","Jetsetters","","",Y,,,,,,,"=IF(L31="""",0,IF(L31>M31,1,0))+IF(N31="""",0,IF(N31>O31,1,0))+IF(P31="""",0,IF(P31>Q31,1,0))","=IF(M31="""",0,IF(M31>L31,1,0))+IF(O31="""",0,IF(O31>N31,1,0))+IF(Q31="""",0,IF(Q31>P31,1,0))","=SUM(L31,N31,P31)","=SUM(M31,O31,Q31)","=IF(K31=""Y"", 1, 0) + IF(AND(R31=1, S31=1, ISBLANK(P31), ISBLANK(Q31), T31=U31), 1, IF(AND(R31=1, S31=1, ISBLANK(P31), ISBLANK(Q31), T31>U31), 2, R31))","=IF(K31=""Y"", 1, 0) + IF(AND(R31=1, S31=1, ISBLANK(P31), ISBLANK(Q31), T31=U31), 1, IF(AND(R31=1, S31=1, ISBLANK(P31), ISBLANK(Q31), U31>T31), 2, S31))","=IF(K31<>""Y"", 0, IF(AND(R31=1, S31=1, ISBLANK(P31), ISBLANK(Q31), T31=U31), 2, 3))"
Tuesday,2,2026-06-02,7:00pm,"Courts 6–9","Line 3 (#3 Pair B)","Easy Overhead","Jetsetters","","",Y,,,,,,,"=IF(L32="""",0,IF(L32>M32,1,0))+IF(N32="""",0,IF(N32>O32,1,0))+IF(P32="""",0,IF(P32>Q32,1,0))","=IF(M32="""",0,IF(M32>L32,1,0))+IF(O32="""",0,IF(O32>N32,1,0))+IF(Q32="""",0,IF(Q32>P32,1,0))","=SUM(L32,N32,P32)","=SUM(M32,O32,Q32)","=IF(K32=""Y"", 1, 0) + IF(AND(R32=1, S32=1, ISBLANK(P32), ISBLANK(Q32), T32=U32), 1, IF(AND(R32=1, S32=1, ISBLANK(P32), ISBLANK(Q32), T32>U32), 2, R32))","=IF(K32=""Y"", 1, 0) + IF(AND(R32=1, S32=1, ISBLANK(P32), ISBLANK(Q32), T32=U32), 1, IF(AND(R32=1, S32=1, ISBLANK(P32), ISBLANK(Q32), U32>T32), 2, S32))","=IF(K32<>""Y"", 0, IF(AND(R32=1, S32=1, ISBLANK(P32), ISBLANK(Q32), T32=U32), 2, 3))"
Tuesday,2,2026-06-02,7:00pm,"Courts 6–9","Line 4 (#4/#5)","Easy Overhead","Jetsetters","","",Y,,,,,,,"=IF(L33="""",0,IF(L33>M33,1,0))+IF(N33="""",0,IF(N33>O33,1,0))+IF(P33="""",0,IF(P33>Q33,1,0))","=IF(M33="""",0,IF(M33>L33,1,0))+IF(O33="""",0,IF(O33>N33,1,0))+IF(Q33="""",0,IF(Q33>P33,1,0))","=SUM(L33,N33,P33)","=SUM(M33,O33,Q33)","=IF(K33=""Y"", 1, 0) + IF(AND(R33=1, S33=1, ISBLANK(P33), ISBLANK(Q33), T33=U33), 1, IF(AND(R33=1, S33=1, ISBLANK(P33), ISBLANK(Q33), T33>U33), 2, R33))","=IF(K33=""Y"", 1, 0) + IF(AND(R33=1, S33=1, ISBLANK(P33), ISBLANK(Q33), T33=U33), 1, IF(AND(R33=1, S33=1, ISBLANK(P33), ISBLANK(Q33), U33>T33), 2, S33))","=IF(K33<>""Y"", 0, IF(AND(R33=1, S33=1, ISBLANK(P33), ISBLANK(Q33), T33=U33), 2, 3))"
Tuesday,2,2026-06-02,5:30pm,"Courts 10–13","Line 1 (#1/#2)","Bounce It","Subs","","",Y,,,,,,,"=IF(L34="""",0,IF(L34>M34,1,0))+IF(N34="""",0,IF(N34>O34,1,0))+IF(P34="""",0,IF(P34>Q34,1,0))","=IF(M34="""",0,IF(M34>L34,1,0))+IF(O34="""",0,IF(O34>N34,1,0))+IF(Q34="""",0,IF(Q34>P34,1,0))","=SUM(L34,N34,P34)","=SUM(M34,O34,Q34)","=IF(K34=""Y"", 1, 0) + IF(AND(R34=1, S34=1, ISBLANK(P34), ISBLANK(Q34), T34=U34), 1, IF(AND(R34=1, S34=1, ISBLANK(P34), ISBLANK(Q34), T34>U34), 2, R34))","=IF(K34=""Y"", 1, 0) + IF(AND(R34=1, S34=1, ISBLANK(P34), ISBLANK(Q34), T34=U34), 1, IF(AND(R34=1, S34=1, ISBLANK(P34), ISBLANK(Q34), U34>T34), 2, S34))","=IF(K34<>""Y"", 0, IF(AND(R34=1, S34=1, ISBLANK(P34), ISBLANK(Q34), T34=U34), 2, 3))"
Tuesday,2,2026-06-02,5:30pm,"Courts 10–13","Line 2 (#3 Pair A)","Bounce It","Subs","","",Y,,,,,,,"=IF(L35="""",0,IF(L35>M35,1,0))+IF(N35="""",0,IF(N35>O35,1,0))+IF(P35="""",0,IF(P35>Q35,1,0))","=IF(M35="""",0,IF(M35>L35,1,0))+IF(O35="""",0,IF(O35>N35,1,0))+IF(Q35="""",0,IF(Q35>P35,1,0))","=SUM(L35,N35,P35)","=SUM(M35,O35,Q35)","=IF(K35=""Y"", 1, 0) + IF(AND(R35=1, S35=1, ISBLANK(P35), ISBLANK(Q35), T35=U35), 1, IF(AND(R35=1, S35=1, ISBLANK(P35), ISBLANK(Q35), T35>U35), 2, R35))","=IF(K35=""Y"", 1, 0) + IF(AND(R35=1, S35=1, ISBLANK(P35), ISBLANK(Q35), T35=U35), 1, IF(AND(R35=1, S35=1, ISBLANK(P35), ISBLANK(Q35), U35>T35), 2, S35))","=IF(K35<>""Y"", 0, IF(AND(R35=1, S35=1, ISBLANK(P35), ISBLANK(Q35), T35=U35), 2, 3))"
Tuesday,2,2026-06-02,5:30pm,"Courts 10–13","Line 3 (#3 Pair B)","Bounce It","Subs","","",Y,,,,,,,"=IF(L36="""",0,IF(L36>M36,1,0))+IF(N36="""",0,IF(N36>O36,1,0))+IF(P36="""",0,IF(P36>Q36,1,0))","=IF(M36="""",0,IF(M36>L36,1,0))+IF(O36="""",0,IF(O36>N36,1,0))+IF(Q36="""",0,IF(Q36>P36,1,0))","=SUM(L36,N36,P36)","=SUM(M36,O36,Q36)","=IF(K36=""Y"", 1, 0) + IF(AND(R36=1, S36=1, ISBLANK(P36), ISBLANK(Q36), T36=U36), 1, IF(AND(R36=1, S36=1, ISBLANK(P36), ISBLANK(Q36), T36>U36), 2, R36))","=IF(K36=""Y"", 1, 0) + IF(AND(R36=1, S36=1, ISBLANK(P36), ISBLANK(Q36), T36=U36), 1, IF(AND(R36=1, S36=1, ISBLANK(P36), ISBLANK(Q36), U36>T36), 2, S36))","=IF(K36<>""Y"", 0, IF(AND(R36=1, S36=1, ISBLANK(P36), ISBLANK(Q36), T36=U36), 2, 3))"
Tuesday,2,2026-06-02,5:30pm,"Courts 10–13","Line 4 (#4/#5)","Bounce It","Subs","","",Y,,,,,,,"=IF(L37="""",0,IF(L37>M37,1,0))+IF(N37="""",0,IF(N37>O37,1,0))+IF(P37="""",0,IF(P37>Q37,1,0))","=IF(M37="""",0,IF(M37>L37,1,0))+IF(O37="""",0,IF(O37>N37,1,0))+IF(Q37="""",0,IF(Q37>P37,1,0))","=SUM(L37,N37,P37)","=SUM(M37,O37,Q37)","=IF(K37=""Y"", 1, 0) + IF(AND(R37=1, S37=1, ISBLANK(P37), ISBLANK(Q37), T37=U37), 1, IF(AND(R37=1, S37=1, ISBLANK(P37), ISBLANK(Q37), T37>U37), 2, R37))","=IF(K37=""Y"", 1, 0) + IF(AND(R37=1, S37=1, ISBLANK(P37), ISBLANK(Q37), T37=U37), 1, IF(AND(R37=1, S37=1, ISBLANK(P37), ISBLANK(Q37), U37>T37), 2, S37))","=IF(K37<>""Y"", 0, IF(AND(R37=1, S37=1, ISBLANK(P37), ISBLANK(Q37), T37=U37), 2, 3))"
Tuesday,2,2026-06-02,7:00pm,"Courts 1–5","Line 1 (#1/#2)","Return to Sender with Love","Herons","","",Y,,,,,,,"=IF(L38="""",0,IF(L38>M38,1,0))+IF(N38="""",0,IF(N38>O38,1,0))+IF(P38="""",0,IF(P38>Q38,1,0))","=IF(M38="""",0,IF(M38>L38,1,0))+IF(O38="""",0,IF(O38>N38,1,0))+IF(Q38="""",0,IF(Q38>P38,1,0))","=SUM(L38,N38,P38)","=SUM(M38,O38,Q38)","=IF(K38=""Y"", 1, 0) + IF(AND(R38=1, S38=1, ISBLANK(P38), ISBLANK(Q38), T38=U38), 1, IF(AND(R38=1, S38=1, ISBLANK(P38), ISBLANK(Q38), T38>U38), 2, R38))","=IF(K38=""Y"", 1, 0) + IF(AND(R38=1, S38=1, ISBLANK(P38), ISBLANK(Q38), T38=U38), 1, IF(AND(R38=1, S38=1, ISBLANK(P38), ISBLANK(Q38), U38>T38), 2, S38))","=IF(K38<>""Y"", 0, IF(AND(R38=1, S38=1, ISBLANK(P38), ISBLANK(Q38), T38=U38), 2, 3))"
Tuesday,2,2026-06-02,7:00pm,"Courts 1–5","Line 2 (#3 Pair A)","Return to Sender with Love","Herons","","",Y,,,,,,,"=IF(L39="""",0,IF(L39>M39,1,0))+IF(N39="""",0,IF(N39>O39,1,0))+IF(P39="""",0,IF(P39>Q39,1,0))","=IF(M39="""",0,IF(M39>L39,1,0))+IF(O39="""",0,IF(O39>N39,1,0))+IF(Q39="""",0,IF(Q39>P39,1,0))","=SUM(L39,N39,P39)","=SUM(M39,O39,Q39)","=IF(K39=""Y"", 1, 0) + IF(AND(R39=1, S39=1, ISBLANK(P39), ISBLANK(Q39), T39=U39), 1, IF(AND(R39=1, S39=1, ISBLANK(P39), ISBLANK(Q39), T39>U39), 2, R39))","=IF(K39=""Y"", 1, 0) + IF(AND(R39=1, S39=1, ISBLANK(P39), ISBLANK(Q39), T39=U39), 1, IF(AND(R39=1, S39=1, ISBLANK(P39), ISBLANK(Q39), U39>T39), 2, S39))","=IF(K39<>""Y"", 0, IF(AND(R39=1, S39=1, ISBLANK(P39), ISBLANK(Q39), T39=U39), 2, 3))"
Tuesday,2,2026-06-02,7:00pm,"Courts 1–5","Line 3 (#3 Pair B)","Return to Sender with Love","Herons","","",Y,,,,,,,"=IF(L40="""",0,IF(L40>M40,1,0))+IF(N40="""",0,IF(N40>O40,1,0))+IF(P40="""",0,IF(P40>Q40,1,0))","=IF(M40="""",0,IF(M40>L40,1,0))+IF(O40="""",0,IF(O40>N40,1,0))+IF(Q40="""",0,IF(Q40>P40,1,0))","=SUM(L40,N40,P40)","=SUM(M40,O40,Q40)","=IF(K40=""Y"", 1, 0) + IF(AND(R40=1, S40=1, ISBLANK(P40), ISBLANK(Q40), T40=U40), 1, IF(AND(R40=1, S40=1, ISBLANK(P40), ISBLANK(Q40), T40>U40), 2, R40))","=IF(K40=""Y"", 1, 0) + IF(AND(R40=1, S40=1, ISBLANK(P40), ISBLANK(Q40), T40=U40), 1, IF(AND(R40=1, S40=1, ISBLANK(P40), ISBLANK(Q40), U40>T40), 2, S40))","=IF(K40<>""Y"", 0, IF(AND(R40=1, S40=1, ISBLANK(P40), ISBLANK(Q40), T40=U40), 2, 3))"
Tuesday,2,2026-06-02,7:00pm,"Courts 1–5","Line 4 (#4/#5)","Return to Sender with Love","Herons","","",Y,,,,,,,"=IF(L41="""",0,IF(L41>M41,1,0))+IF(N41="""",0,IF(N41>O41,1,0))+IF(P41="""",0,IF(P41>Q41,1,0))","=IF(M41="""",0,IF(M41>L41,1,0))+IF(O41="""",0,IF(O41>N41,1,0))+IF(Q41="""",0,IF(Q41>P41,1,0))","=SUM(L41,N41,P41)","=SUM(M41,O41,Q41)","=IF(K41=""Y"", 1, 0) + IF(AND(R41=1, S41=1, ISBLANK(P41), ISBLANK(Q41), T41=U41), 1, IF(AND(R41=1, S41=1, ISBLANK(P41), ISBLANK(Q41), T41>U41), 2, R41))","=IF(K41=""Y"", 1, 0) + IF(AND(R41=1, S41=1, ISBLANK(P41), ISBLANK(Q41), T41=U41), 1, IF(AND(R41=1, S41=1, ISBLANK(P41), ISBLANK(Q41), U41>T41), 2, S41))","=IF(K41<>""Y"", 0, IF(AND(R41=1, S41=1, ISBLANK(P41), ISBLANK(Q41), T41=U41), 2, 3))"
Tuesday,2,2026-06-02,5:30pm,"Courts 1–5","Line 1 (#1/#2)","Good Ol' Boys","Approach Shots","","",Y,,,,,,,"=IF(L42="""",0,IF(L42>M42,1,0))+IF(N42="""",0,IF(N42>O42,1,0))+IF(P42="""",0,IF(P42>Q42,1,0))","=IF(M42="""",0,IF(M42>L42,1,0))+IF(O42="""",0,IF(O42>N42,1,0))+IF(Q42="""",0,IF(Q42>P42,1,0))","=SUM(L42,N42,P42)","=SUM(M42,O42,Q42)","=IF(K42=""Y"", 1, 0) + IF(AND(R42=1, S42=1, ISBLANK(P42), ISBLANK(Q42), T42=U42), 1, IF(AND(R42=1, S42=1, ISBLANK(P42), ISBLANK(Q42), T42>U42), 2, R42))","=IF(K42=""Y"", 1, 0) + IF(AND(R42=1, S42=1, ISBLANK(P42), ISBLANK(Q42), T42=U42), 1, IF(AND(R42=1, S42=1, ISBLANK(P42), ISBLANK(Q42), U42>T42), 2, S42))","=IF(K42<>""Y"", 0, IF(AND(R42=1, S42=1, ISBLANK(P42), ISBLANK(Q42), T42=U42), 2, 3))"
Tuesday,2,2026-06-02,5:30pm,"Courts 1–5","Line 2 (#3 Pair A)","Good Ol' Boys","Approach Shots","","",Y,,,,,,,"=IF(L43="""",0,IF(L43>M43,1,0))+IF(N43="""",0,IF(N43>O43,1,0))+IF(P43="""",0,IF(P43>Q43,1,0))","=IF(M43="""",0,IF(M43>L43,1,0))+IF(O43="""",0,IF(O43>N43,1,0))+IF(Q43="""",0,IF(Q43>P43,1,0))","=SUM(L43,N43,P43)","=SUM(M43,O43,Q43)","=IF(K43=""Y"", 1, 0) + IF(AND(R43=1, S43=1, ISBLANK(P43), ISBLANK(Q43), T43=U43), 1, IF(AND(R43=1, S43=1, ISBLANK(P43), ISBLANK(Q43), T43>U43), 2, R43))","=IF(K43=""Y"", 1, 0) + IF(AND(R43=1, S43=1, ISBLANK(P43), ISBLANK(Q43), T43=U43), 1, IF(AND(R43=1, S43=1, ISBLANK(P43), ISBLANK(Q43), U43>T43), 2, S43))","=IF(K43<>""Y"", 0, IF(AND(R43=1, S43=1, ISBLANK(P43), ISBLANK(Q43), T43=U43), 2, 3))"
Tuesday,2,2026-06-02,5:30pm,"Courts 1–5","Line 3 (#3 Pair B)","Good Ol' Boys","Approach Shots","","",Y,,,,,,,"=IF(L44="""",0,IF(L44>M44,1,0))+IF(N44="""",0,IF(N44>O44,1,0))+IF(P44="""",0,IF(P44>Q44,1,0))","=IF(M44="""",0,IF(M44>L44,1,0))+IF(O44="""",0,IF(O44>N44,1,0))+IF(Q44="""",0,IF(Q44>P44,1,0))","=SUM(L44,N44,P44)","=SUM(M44,O44,Q44)","=IF(K44=""Y"", 1, 0) + IF(AND(R44=1, S44=1, ISBLANK(P44), ISBLANK(Q44), T44=U44), 1, IF(AND(R44=1, S44=1, ISBLANK(P44), ISBLANK(Q44), T44>U44), 2, R44))","=IF(K44=""Y"", 1, 0) + IF(AND(R44=1, S44=1, ISBLANK(P44), ISBLANK(Q44), T44=U44), 1, IF(AND(R44=1, S44=1, ISBLANK(P44), ISBLANK(Q44), U44>T44), 2, S44))","=IF(K44<>""Y"", 0, IF(AND(R44=1, S44=1, ISBLANK(P44), ISBLANK(Q44), T44=U44), 2, 3))"
Tuesday,2,2026-06-02,5:30pm,"Courts 1–5","Line 4 (#4/#5)","Good Ol' Boys","Approach Shots","","",Y,,,,,,,"=IF(L45="""",0,IF(L45>M45,1,0))+IF(N45="""",0,IF(N45>O45,1,0))+IF(P45="""",0,IF(P45>Q45,1,0))","=IF(M45="""",0,IF(M45>L45,1,0))+IF(O45="""",0,IF(O45>N45,1,0))+IF(Q45="""",0,IF(Q45>P45,1,0))","=SUM(L45,N45,P45)","=SUM(M45,O45,Q45)","=IF(K45=""Y"", 1, 0) + IF(AND(R45=1, S45=1, ISBLANK(P45), ISBLANK(Q45), T45=U45), 1, IF(AND(R45=1, S45=1, ISBLANK(P45), ISBLANK(Q45), T45>U45), 2, R45))","=IF(K45=""Y"", 1, 0) + IF(AND(R45=1, S45=1, ISBLANK(P45), ISBLANK(Q45), T45=U45), 1, IF(AND(R45=1, S45=1, ISBLANK(P45), ISBLANK(Q45), U45>T45), 2, S45))","=IF(K45<>""Y"", 0, IF(AND(R45=1, S45=1, ISBLANK(P45), ISBLANK(Q45), T45=U45), 2, 3))"
Tuesday,2,2026-06-02,5:30pm,"Courts 6–9","Line 1 (#1/#2)","Racquet Scientists","Rascals","","",Y,,,,,,,"=IF(L46="""",0,IF(L46>M46,1,0))+IF(N46="""",0,IF(N46>O46,1,0))+IF(P46="""",0,IF(P46>Q46,1,0))","=IF(M46="""",0,IF(M46>L46,1,0))+IF(O46="""",0,IF(O46>N46,1,0))+IF(Q46="""",0,IF(Q46>P46,1,0))","=SUM(L46,N46,P46)","=SUM(M46,O46,Q46)","=IF(K46=""Y"", 1, 0) + IF(AND(R46=1, S46=1, ISBLANK(P46), ISBLANK(Q46), T46=U46), 1, IF(AND(R46=1, S46=1, ISBLANK(P46), ISBLANK(Q46), T46>U46), 2, R46))","=IF(K46=""Y"", 1, 0) + IF(AND(R46=1, S46=1, ISBLANK(P46), ISBLANK(Q46), T46=U46), 1, IF(AND(R46=1, S46=1, ISBLANK(P46), ISBLANK(Q46), U46>T46), 2, S46))","=IF(K46<>""Y"", 0, IF(AND(R46=1, S46=1, ISBLANK(P46), ISBLANK(Q46), T46=U46), 2, 3))"
Tuesday,2,2026-06-02,5:30pm,"Courts 6–9","Line 2 (#3 Pair A)","Racquet Scientists","Rascals","","",Y,,,,,,,"=IF(L47="""",0,IF(L47>M47,1,0))+IF(N47="""",0,IF(N47>O47,1,0))+IF(P47="""",0,IF(P47>Q47,1,0))","=IF(M47="""",0,IF(M47>L47,1,0))+IF(O47="""",0,IF(O47>N47,1,0))+IF(Q47="""",0,IF(Q47>P47,1,0))","=SUM(L47,N47,P47)","=SUM(M47,O47,Q47)","=IF(K47=""Y"", 1, 0) + IF(AND(R47=1, S47=1, ISBLANK(P47), ISBLANK(Q47), T47=U47), 1, IF(AND(R47=1, S47=1, ISBLANK(P47), ISBLANK(Q47), T47>U47), 2, R47))","=IF(K47=""Y"", 1, 0) + IF(AND(R47=1, S47=1, ISBLANK(P47), ISBLANK(Q47), T47=U47), 1, IF(AND(R47=1, S47=1, ISBLANK(P47), ISBLANK(Q47), U47>T47), 2, S47))","=IF(K47<>""Y"", 0, IF(AND(R47=1, S47=1, ISBLANK(P47), ISBLANK(Q47), T47=U47), 2, 3))"
Tuesday,2,2026-06-02,5:30pm,"Courts 6–9","Line 3 (#3 Pair B)","Racquet Scientists","Rascals","","",Y,,,,,,,"=IF(L48="""",0,IF(L48>M48,1,0))+IF(N48="""",0,IF(N48>O48,1,0))+IF(P48="""",0,IF(P48>Q48,1,0))","=IF(M48="""",0,IF(M48>L48,1,0))+IF(O48="""",0,IF(O48>N48,1,0))+IF(Q48="""",0,IF(Q48>P48,1,0))","=SUM(L48,N48,P48)","=SUM(M48,O48,Q48)","=IF(K48=""Y"", 1, 0) + IF(AND(R48=1, S48=1, ISBLANK(P48), ISBLANK(Q48), T48=U48), 1, IF(AND(R48=1, S48=1, ISBLANK(P48), ISBLANK(Q48), T48>U48), 2, R48))","=IF(K48=""Y"", 1, 0) + IF(AND(R48=1, S48=1, ISBLANK(P48), ISBLANK(Q48), T48=U48), 1, IF(AND(R48=1, S48=1, ISBLANK(P48), ISBLANK(Q48), U48>T48), 2, S48))","=IF(K48<>""Y"", 0, IF(AND(R48=1, S48=1, ISBLANK(P48), ISBLANK(Q48), T48=U48), 2, 3))"
Tuesday,2,2026-06-02,5:30pm,"Courts 6–9","Line 4 (#4/#5)","Racquet Scientists","Rascals","","",Y,,,,,,,"=IF(L49="""",0,IF(L49>M49,1,0))+IF(N49="""",0,IF(N49>O49,1,0))+IF(P49="""",0,IF(P49>Q49,1,0))","=IF(M49="""",0,IF(M49>L49,1,0))+IF(O49="""",0,IF(O49>N49,1,0))+IF(Q49="""",0,IF(Q49>P49,1,0))","=SUM(L49,N49,P49)","=SUM(M49,O49,Q49)","=IF(K49=""Y"", 1, 0) + IF(AND(R49=1, S49=1, ISBLANK(P49), ISBLANK(Q49), T49=U49), 1, IF(AND(R49=1, S49=1, ISBLANK(P49), ISBLANK(Q49), T49>U49), 2, R49))","=IF(K49=""Y"", 1, 0) + IF(AND(R49=1, S49=1, ISBLANK(P49), ISBLANK(Q49), T49=U49), 1, IF(AND(R49=1, S49=1, ISBLANK(P49), ISBLANK(Q49), U49>T49), 2, S49))","=IF(K49<>""Y"", 0, IF(AND(R49=1, S49=1, ISBLANK(P49), ISBLANK(Q49), T49=U49), 2, 3))"
Tuesday,3,2026-06-09,5:30pm,"Courts 1–5","Line 1 (#1/#2)","Jetsetters","Spin Doctors","","",Y,,,,,,,"=IF(L50="""",0,IF(L50>M50,1,0))+IF(N50="""",0,IF(N50>O50,1,0))+IF(P50="""",0,IF(P50>Q50,1,0))","=IF(M50="""",0,IF(M50>L50,1,0))+IF(O50="""",0,IF(O50>N50,1,0))+IF(Q50="""",0,IF(Q50>P50,1,0))","=SUM(L50,N50,P50)","=SUM(M50,O50,Q50)","=IF(K50=""Y"", 1, 0) + IF(AND(R50=1, S50=1, ISBLANK(P50), ISBLANK(Q50), T50=U50), 1, IF(AND(R50=1, S50=1, ISBLANK(P50), ISBLANK(Q50), T50>U50), 2, R50))","=IF(K50=""Y"", 1, 0) + IF(AND(R50=1, S50=1, ISBLANK(P50), ISBLANK(Q50), T50=U50), 1, IF(AND(R50=1, S50=1, ISBLANK(P50), ISBLANK(Q50), U50>T50), 2, S50))","=IF(K50<>""Y"", 0, IF(AND(R50=1, S50=1, ISBLANK(P50), ISBLANK(Q50), T50=U50), 2, 3))"
Tuesday,3,2026-06-09,5:30pm,"Courts 1–5","Line 2 (#3 Pair A)","Jetsetters","Spin Doctors","","",Y,,,,,,,"=IF(L51="""",0,IF(L51>M51,1,0))+IF(N51="""",0,IF(N51>O51,1,0))+IF(P51="""",0,IF(P51>Q51,1,0))","=IF(M51="""",0,IF(M51>L51,1,0))+IF(O51="""",0,IF(O51>N51,1,0))+IF(Q51="""",0,IF(Q51>P51,1,0))","=SUM(L51,N51,P51)","=SUM(M51,O51,Q51)","=IF(K51=""Y"", 1, 0) + IF(AND(R51=1, S51=1, ISBLANK(P51), ISBLANK(Q51), T51=U51), 1, IF(AND(R51=1, S51=1, ISBLANK(P51), ISBLANK(Q51), T51>U51), 2, R51))","=IF(K51=""Y"", 1, 0) + IF(AND(R51=1, S51=1, ISBLANK(P51), ISBLANK(Q51), T51=U51), 1, IF(AND(R51=1, S51=1, ISBLANK(P51), ISBLANK(Q51), U51>T51), 2, S51))","=IF(K51<>""Y"", 0, IF(AND(R51=1, S51=1, ISBLANK(P51), ISBLANK(Q51), T51=U51), 2, 3))"
Tuesday,3,2026-06-09,5:30pm,"Courts 1–5","Line 3 (#3 Pair B)","Jetsetters","Spin Doctors","","",Y,,,,,,,"=IF(L52="""",0,IF(L52>M52,1,0))+IF(N52="""",0,IF(N52>O52,1,0))+IF(P52="""",0,IF(P52>Q52,1,0))","=IF(M52="""",0,IF(M52>L52,1,0))+IF(O52="""",0,IF(O52>N52,1,0))+IF(Q52="""",0,IF(Q52>P52,1,0))","=SUM(L52,N52,P52)","=SUM(M52,O52,Q52)","=IF(K52=""Y"", 1, 0) + IF(AND(R52=1, S52=1, ISBLANK(P52), ISBLANK(Q52), T52=U52), 1, IF(AND(R52=1, S52=1, ISBLANK(P52), ISBLANK(Q52), T52>U52), 2, R52))","=IF(K52=""Y"", 1, 0) + IF(AND(R52=1, S52=1, ISBLANK(P52), ISBLANK(Q52), T52=U52), 1, IF(AND(R52=1, S52=1, ISBLANK(P52), ISBLANK(Q52), U52>T52), 2, S52))","=IF(K52<>""Y"", 0, IF(AND(R52=1, S52=1, ISBLANK(P52), ISBLANK(Q52), T52=U52), 2, 3))"
Tuesday,3,2026-06-09,5:30pm,"Courts 1–5","Line 4 (#4/#5)","Jetsetters","Spin Doctors","","",Y,,,,,,,"=IF(L53="""",0,IF(L53>M53,1,0))+IF(N53="""",0,IF(N53>O53,1,0))+IF(P53="""",0,IF(P53>Q53,1,0))","=IF(M53="""",0,IF(M53>L53,1,0))+IF(O53="""",0,IF(O53>N53,1,0))+IF(Q53="""",0,IF(Q53>P53,1,0))","=SUM(L53,N53,P53)","=SUM(M53,O53,Q53)","=IF(K53=""Y"", 1, 0) + IF(AND(R53=1, S53=1, ISBLANK(P53), ISBLANK(Q53), T53=U53), 1, IF(AND(R53=1, S53=1, ISBLANK(P53), ISBLANK(Q53), T53>U53), 2, R53))","=IF(K53=""Y"", 1, 0) + IF(AND(R53=1, S53=1, ISBLANK(P53), ISBLANK(Q53), T53=U53), 1, IF(AND(R53=1, S53=1, ISBLANK(P53), ISBLANK(Q53), U53>T53), 2, S53))","=IF(K53<>""Y"", 0, IF(AND(R53=1, S53=1, ISBLANK(P53), ISBLANK(Q53), T53=U53), 2, 3))"
Tuesday,3,2026-06-09,5:30pm,"Courts 6–9","Line 1 (#1/#2)","Full Metal Racquet","Bounce It","","",Y,,,,,,,"=IF(L54="""",0,IF(L54>M54,1,0))+IF(N54="""",0,IF(N54>O54,1,0))+IF(P54="""",0,IF(P54>Q54,1,0))","=IF(M54="""",0,IF(M54>L54,1,0))+IF(O54="""",0,IF(O54>N54,1,0))+IF(Q54="""",0,IF(Q54>P54,1,0))","=SUM(L54,N54,P54)","=SUM(M54,O54,Q54)","=IF(K54=""Y"", 1, 0) + IF(AND(R54=1, S54=1, ISBLANK(P54), ISBLANK(Q54), T54=U54), 1, IF(AND(R54=1, S54=1, ISBLANK(P54), ISBLANK(Q54), T54>U54), 2, R54))","=IF(K54=""Y"", 1, 0) + IF(AND(R54=1, S54=1, ISBLANK(P54), ISBLANK(Q54), T54=U54), 1, IF(AND(R54=1, S54=1, ISBLANK(P54), ISBLANK(Q54), U54>T54), 2, S54))","=IF(K54<>""Y"", 0, IF(AND(R54=1, S54=1, ISBLANK(P54), ISBLANK(Q54), T54=U54), 2, 3))"
Tuesday,3,2026-06-09,5:30pm,"Courts 6–9","Line 2 (#3 Pair A)","Full Metal Racquet","Bounce It","","",Y,,,,,,,"=IF(L55="""",0,IF(L55>M55,1,0))+IF(N55="""",0,IF(N55>O55,1,0))+IF(P55="""",0,IF(P55>Q55,1,0))","=IF(M55="""",0,IF(M55>L55,1,0))+IF(O55="""",0,IF(O55>N55,1,0))+IF(Q55="""",0,IF(Q55>P55,1,0))","=SUM(L55,N55,P55)","=SUM(M55,O55,Q55)","=IF(K55=""Y"", 1, 0) + IF(AND(R55=1, S55=1, ISBLANK(P55), ISBLANK(Q55), T55=U55), 1, IF(AND(R55=1, S55=1, ISBLANK(P55), ISBLANK(Q55), T55>U55), 2, R55))","=IF(K55=""Y"", 1, 0) + IF(AND(R55=1, S55=1, ISBLANK(P55), ISBLANK(Q55), T55=U55), 1, IF(AND(R55=1, S55=1, ISBLANK(P55), ISBLANK(Q55), U55>T55), 2, S55))","=IF(K55<>""Y"", 0, IF(AND(R55=1, S55=1, ISBLANK(P55), ISBLANK(Q55), T55=U55), 2, 3))"
Tuesday,3,2026-06-09,5:30pm,"Courts 6–9","Line 3 (#3 Pair B)","Full Metal Racquet","Bounce It","","",Y,,,,,,,"=IF(L56="""",0,IF(L56>M56,1,0))+IF(N56="""",0,IF(N56>O56,1,0))+IF(P56="""",0,IF(P56>Q56,1,0))","=IF(M56="""",0,IF(M56>L56,1,0))+IF(O56="""",0,IF(O56>N56,1,0))+IF(Q56="""",0,IF(Q56>P56,1,0))","=SUM(L56,N56,P56)","=SUM(M56,O56,Q56)","=IF(K56=""Y"", 1, 0) + IF(AND(R56=1, S56=1, ISBLANK(P56), ISBLANK(Q56), T56=U56), 1, IF(AND(R56=1, S56=1, ISBLANK(P56), ISBLANK(Q56), T56>U56), 2, R56))","=IF(K56=""Y"", 1, 0) + IF(AND(R56=1, S56=1, ISBLANK(P56), ISBLANK(Q56), T56=U56), 1, IF(AND(R56=1, S56=1, ISBLANK(P56), ISBLANK(Q56), U56>T56), 2, S56))","=IF(K56<>""Y"", 0, IF(AND(R56=1, S56=1, ISBLANK(P56), ISBLANK(Q56), T56=U56), 2, 3))"
Tuesday,3,2026-06-09,5:30pm,"Courts 6–9","Line 4 (#4/#5)","Full Metal Racquet","Bounce It","","",Y,,,,,,,"=IF(L57="""",0,IF(L57>M57,1,0))+IF(N57="""",0,IF(N57>O57,1,0))+IF(P57="""",0,IF(P57>Q57,1,0))","=IF(M57="""",0,IF(M57>L57,1,0))+IF(O57="""",0,IF(O57>N57,1,0))+IF(Q57="""",0,IF(Q57>P57,1,0))","=SUM(L57,N57,P57)","=SUM(M57,O57,Q57)","=IF(K57=""Y"", 1, 0) + IF(AND(R57=1, S57=1, ISBLANK(P57), ISBLANK(Q57), T57=U57), 1, IF(AND(R57=1, S57=1, ISBLANK(P57), ISBLANK(Q57), T57>U57), 2, R57))","=IF(K57=""Y"", 1, 0) + IF(AND(R57=1, S57=1, ISBLANK(P57), ISBLANK(Q57), T57=U57), 1, IF(AND(R57=1, S57=1, ISBLANK(P57), ISBLANK(Q57), U57>T57), 2, S57))","=IF(K57<>""Y"", 0, IF(AND(R57=1, S57=1, ISBLANK(P57), ISBLANK(Q57), T57=U57), 2, 3))"
Tuesday,3,2026-06-09,5:30pm,"Courts 10–13","Line 1 (#1/#2)","Easy Overhead","Return to Sender with Love","","",Y,,,,,,,"=IF(L58="""",0,IF(L58>M58,1,0))+IF(N58="""",0,IF(N58>O58,1,0))+IF(P58="""",0,IF(P58>Q58,1,0))","=IF(M58="""",0,IF(M58>L58,1,0))+IF(O58="""",0,IF(O58>N58,1,0))+IF(Q58="""",0,IF(Q58>P58,1,0))","=SUM(L58,N58,P58)","=SUM(M58,O58,Q58)","=IF(K58=""Y"", 1, 0) + IF(AND(R58=1, S58=1, ISBLANK(P58), ISBLANK(Q58), T58=U58), 1, IF(AND(R58=1, S58=1, ISBLANK(P58), ISBLANK(Q58), T58>U58), 2, R58))","=IF(K58=""Y"", 1, 0) + IF(AND(R58=1, S58=1, ISBLANK(P58), ISBLANK(Q58), T58=U58), 1, IF(AND(R58=1, S58=1, ISBLANK(P58), ISBLANK(Q58), U58>T58), 2, S58))","=IF(K58<>""Y"", 0, IF(AND(R58=1, S58=1, ISBLANK(P58), ISBLANK(Q58), T58=U58), 2, 3))"
Tuesday,3,2026-06-09,5:30pm,"Courts 10–13","Line 2 (#3 Pair A)","Easy Overhead","Return to Sender with Love","","",Y,,,,,,,"=IF(L59="""",0,IF(L59>M59,1,0))+IF(N59="""",0,IF(N59>O59,1,0))+IF(P59="""",0,IF(P59>Q59,1,0))","=IF(M59="""",0,IF(M59>L59,1,0))+IF(O59="""",0,IF(O59>N59,1,0))+IF(Q59="""",0,IF(Q59>P59,1,0))","=SUM(L59,N59,P59)","=SUM(M59,O59,Q59)","=IF(K59=""Y"", 1, 0) + IF(AND(R59=1, S59=1, ISBLANK(P59), ISBLANK(Q59), T59=U59), 1, IF(AND(R59=1, S59=1, ISBLANK(P59), ISBLANK(Q59), T59>U59), 2, R59))","=IF(K59=""Y"", 1, 0) + IF(AND(R59=1, S59=1, ISBLANK(P59), ISBLANK(Q59), T59=U59), 1, IF(AND(R59=1, S59=1, ISBLANK(P59), ISBLANK(Q59), U59>T59), 2, S59))","=IF(K59<>""Y"", 0, IF(AND(R59=1, S59=1, ISBLANK(P59), ISBLANK(Q59), T59=U59), 2, 3))"
Tuesday,3,2026-06-09,5:30pm,"Courts 10–13","Line 3 (#3 Pair B)","Easy Overhead","Return to Sender with Love","","",Y,,,,,,,"=IF(L60="""",0,IF(L60>M60,1,0))+IF(N60="""",0,IF(N60>O60,1,0))+IF(P60="""",0,IF(P60>Q60,1,0))","=IF(M60="""",0,IF(M60>L60,1,0))+IF(O60="""",0,IF(O60>N60,1,0))+IF(Q60="""",0,IF(Q60>P60,1,0))","=SUM(L60,N60,P60)","=SUM(M60,O60,Q60)","=IF(K60=""Y"", 1, 0) + IF(AND(R60=1, S60=1, ISBLANK(P60), ISBLANK(Q60), T60=U60), 1, IF(AND(R60=1, S60=1, ISBLANK(P60), ISBLANK(Q60), T60>U60), 2, R60))","=IF(K60=""Y"", 1, 0) + IF(AND(R60=1, S60=1, ISBLANK(P60), ISBLANK(Q60), T60=U60), 1, IF(AND(R60=1, S60=1, ISBLANK(P60), ISBLANK(Q60), U60>T60), 2, S60))","=IF(K60<>""Y"", 0, IF(AND(R60=1, S60=1, ISBLANK(P60), ISBLANK(Q60), T60=U60), 2, 3))"
Tuesday,3,2026-06-09,5:30pm,"Courts 10–13","Line 4 (#4/#5)","Easy Overhead","Return to Sender with Love","","",Y,,,,,,,"=IF(L61="""",0,IF(L61>M61,1,0))+IF(N61="""",0,IF(N61>O61,1,0))+IF(P61="""",0,IF(P61>Q61,1,0))","=IF(M61="""",0,IF(M61>L61,1,0))+IF(O61="""",0,IF(O61>N61,1,0))+IF(Q61="""",0,IF(Q61>P61,1,0))","=SUM(L61,N61,P61)","=SUM(M61,O61,Q61)","=IF(K61=""Y"", 1, 0) + IF(AND(R61=1, S61=1, ISBLANK(P61), ISBLANK(Q61), T61=U61), 1, IF(AND(R61=1, S61=1, ISBLANK(P61), ISBLANK(Q61), T61>U61), 2, R61))","=IF(K61=""Y"", 1, 0) + IF(AND(R61=1, S61=1, ISBLANK(P61), ISBLANK(Q61), T61=U61), 1, IF(AND(R61=1, S61=1, ISBLANK(P61), ISBLANK(Q61), U61>T61), 2, S61))","=IF(K61<>""Y"", 0, IF(AND(R61=1, S61=1, ISBLANK(P61), ISBLANK(Q61), T61=U61), 2, 3))"
Tuesday,3,2026-06-09,7:00pm,"Courts 6–9","Line 1 (#1/#2)","Subs","Good Ol' Boys","","",Y,,,,,,,"=IF(L62="""",0,IF(L62>M62,1,0))+IF(N62="""",0,IF(N62>O62,1,0))+IF(P62="""",0,IF(P62>Q62,1,0))","=IF(M62="""",0,IF(M62>L62,1,0))+IF(O62="""",0,IF(O62>N62,1,0))+IF(Q62="""",0,IF(Q62>P62,1,0))","=SUM(L62,N62,P62)","=SUM(M62,O62,Q62)","=IF(K62=""Y"", 1, 0) + IF(AND(R62=1, S62=1, ISBLANK(P62), ISBLANK(Q62), T62=U62), 1, IF(AND(R62=1, S62=1, ISBLANK(P62), ISBLANK(Q62), T62>U62), 2, R62))","=IF(K62=""Y"", 1, 0) + IF(AND(R62=1, S62=1, ISBLANK(P62), ISBLANK(Q62), T62=U62), 1, IF(AND(R62=1, S62=1, ISBLANK(P62), ISBLANK(Q62), U62>T62), 2, S62))","=IF(K62<>""Y"", 0, IF(AND(R62=1, S62=1, ISBLANK(P62), ISBLANK(Q62), T62=U62), 2, 3))"
Tuesday,3,2026-06-09,7:00pm,"Courts 6–9","Line 2 (#3 Pair A)","Subs","Good Ol' Boys","","",Y,,,,,,,"=IF(L63="""",0,IF(L63>M63,1,0))+IF(N63="""",0,IF(N63>O63,1,0))+IF(P63="""",0,IF(P63>Q63,1,0))","=IF(M63="""",0,IF(M63>L63,1,0))+IF(O63="""",0,IF(O63>N63,1,0))+IF(Q63="""",0,IF(Q63>P63,1,0))","=SUM(L63,N63,P63)","=SUM(M63,O63,Q63)","=IF(K63=""Y"", 1, 0) + IF(AND(R63=1, S63=1, ISBLANK(P63), ISBLANK(Q63), T63=U63), 1, IF(AND(R63=1, S63=1, ISBLANK(P63), ISBLANK(Q63), T63>U63), 2, R63))","=IF(K63=""Y"", 1, 0) + IF(AND(R63=1, S63=1, ISBLANK(P63), ISBLANK(Q63), T63=U63), 1, IF(AND(R63=1, S63=1, ISBLANK(P63), ISBLANK(Q63), U63>T63), 2, S63))","=IF(K63<>""Y"", 0, IF(AND(R63=1, S63=1, ISBLANK(P63), ISBLANK(Q63), T63=U63), 2, 3))"
Tuesday,3,2026-06-09,7:00pm,"Courts 6–9","Line 3 (#3 Pair B)","Subs","Good Ol' Boys","","",Y,,,,,,,"=IF(L64="""",0,IF(L64>M64,1,0))+IF(N64="""",0,IF(N64>O64,1,0))+IF(P64="""",0,IF(P64>Q64,1,0))","=IF(M64="""",0,IF(M64>L64,1,0))+IF(O64="""",0,IF(O64>N64,1,0))+IF(Q64="""",0,IF(Q64>P64,1,0))","=SUM(L64,N64,P64)","=SUM(M64,O64,Q64)","=IF(K64=""Y"", 1, 0) + IF(AND(R64=1, S64=1, ISBLANK(P64), ISBLANK(Q64), T64=U64), 1, IF(AND(R64=1, S64=1, ISBLANK(P64), ISBLANK(Q64), T64>U64), 2, R64))","=IF(K64=""Y"", 1, 0) + IF(AND(R64=1, S64=1, ISBLANK(P64), ISBLANK(Q64), T64=U64), 1, IF(AND(R64=1, S64=1, ISBLANK(P64), ISBLANK(Q64), U64>T64), 2, S64))","=IF(K64<>""Y"", 0, IF(AND(R64=1, S64=1, ISBLANK(P64), ISBLANK(Q64), T64=U64), 2, 3))"
Tuesday,3,2026-06-09,7:00pm,"Courts 6–9","Line 4 (#4/#5)","Subs","Good Ol' Boys","","",Y,,,,,,,"=IF(L65="""",0,IF(L65>M65,1,0))+IF(N65="""",0,IF(N65>O65,1,0))+IF(P65="""",0,IF(P65>Q65,1,0))","=IF(M65="""",0,IF(M65>L65,1,0))+IF(O65="""",0,IF(O65>N65,1,0))+IF(Q65="""",0,IF(Q65>P65,1,0))","=SUM(L65,N65,P65)","=SUM(M65,O65,Q65)","=IF(K65=""Y"", 1, 0) + IF(AND(R65=1, S65=1, ISBLANK(P65), ISBLANK(Q65), T65=U65), 1, IF(AND(R65=1, S65=1, ISBLANK(P65), ISBLANK(Q65), T65>U65), 2, R65))","=IF(K65=""Y"", 1, 0) + IF(AND(R65=1, S65=1, ISBLANK(P65), ISBLANK(Q65), T65=U65), 1, IF(AND(R65=1, S65=1, ISBLANK(P65), ISBLANK(Q65), U65>T65), 2, S65))","=IF(K65<>""Y"", 0, IF(AND(R65=1, S65=1, ISBLANK(P65), ISBLANK(Q65), T65=U65), 2, 3))"
Tuesday,3,2026-06-09,7:00pm,"Courts 10–13","Line 1 (#1/#2)","Herons","Rascals","","",Y,,,,,,,"=IF(L66="""",0,IF(L66>M66,1,0))+IF(N66="""",0,IF(N66>O66,1,0))+IF(P66="""",0,IF(P66>Q66,1,0))","=IF(M66="""",0,IF(M66>L66,1,0))+IF(O66="""",0,IF(O66>N66,1,0))+IF(Q66="""",0,IF(Q66>P66,1,0))","=SUM(L66,N66,P66)","=SUM(M66,O66,Q66)","=IF(K66=""Y"", 1, 0) + IF(AND(R66=1, S66=1, ISBLANK(P66), ISBLANK(Q66), T66=U66), 1, IF(AND(R66=1, S66=1, ISBLANK(P66), ISBLANK(Q66), T66>U66), 2, R66))","=IF(K66=""Y"", 1, 0) + IF(AND(R66=1, S66=1, ISBLANK(P66), ISBLANK(Q66), T66=U66), 1, IF(AND(R66=1, S66=1, ISBLANK(P66), ISBLANK(Q66), U66>T66), 2, S66))","=IF(K66<>""Y"", 0, IF(AND(R66=1, S66=1, ISBLANK(P66), ISBLANK(Q66), T66=U66), 2, 3))"
Tuesday,3,2026-06-09,7:00pm,"Courts 10–13","Line 2 (#3 Pair A)","Herons","Rascals","","",Y,,,,,,,"=IF(L67="""",0,IF(L67>M67,1,0))+IF(N67="""",0,IF(N67>O67,1,0))+IF(P67="""",0,IF(P67>Q67,1,0))","=IF(M67="""",0,IF(M67>L67,1,0))+IF(O67="""",0,IF(O67>N67,1,0))+IF(Q67="""",0,IF(Q67>P67,1,0))","=SUM(L67,N67,P67)","=SUM(M67,O67,Q67)","=IF(K67=""Y"", 1, 0) + IF(AND(R67=1, S67=1, ISBLANK(P67), ISBLANK(Q67), T67=U67), 1, IF(AND(R67=1, S67=1, ISBLANK(P67), ISBLANK(Q67), T67>U67), 2, R67))","=IF(K67=""Y"", 1, 0) + IF(AND(R67=1, S67=1, ISBLANK(P67), ISBLANK(Q67), T67=U67), 1, IF(AND(R67=1, S67=1, ISBLANK(P67), ISBLANK(Q67), U67>T67), 2, S67))","=IF(K67<>""Y"", 0, IF(AND(R67=1, S67=1, ISBLANK(P67), ISBLANK(Q67), T67=U67), 2, 3))"
Tuesday,3,2026-06-09,7:00pm,"Courts 10–13","Line 3 (#3 Pair B)","Herons","Rascals","","",Y,,,,,,,"=IF(L68="""",0,IF(L68>M68,1,0))+IF(N68="""",0,IF(N68>O68,1,0))+IF(P68="""",0,IF(P68>Q68,1,0))","=IF(M68="""",0,IF(M68>L68,1,0))+IF(O68="""",0,IF(O68>N68,1,0))+IF(Q68="""",0,IF(Q68>P68,1,0))","=SUM(L68,N68,P68)","=SUM(M68,O68,Q68)","=IF(K68=""Y"", 1, 0) + IF(AND(R68=1, S68=1, ISBLANK(P68), ISBLANK(Q68), T68=U68), 1, IF(AND(R68=1, S68=1, ISBLANK(P68), ISBLANK(Q68), T68>U68), 2, R68))","=IF(K68=""Y"", 1, 0) + IF(AND(R68=1, S68=1, ISBLANK(P68), ISBLANK(Q68), T68=U68), 1, IF(AND(R68=1, S68=1, ISBLANK(P68), ISBLANK(Q68), U68>T68), 2, S68))","=IF(K68<>""Y"", 0, IF(AND(R68=1, S68=1, ISBLANK(P68), ISBLANK(Q68), T68=U68), 2, 3))"
Tuesday,3,2026-06-09,7:00pm,"Courts 10–13","Line 4 (#4/#5)","Herons","Rascals","","",Y,,,,,,,"=IF(L69="""",0,IF(L69>M69,1,0))+IF(N69="""",0,IF(N69>O69,1,0))+IF(P69="""",0,IF(P69>Q69,1,0))","=IF(M69="""",0,IF(M69>L69,1,0))+IF(O69="""",0,IF(O69>N69,1,0))+IF(Q69="""",0,IF(Q69>P69,1,0))","=SUM(L69,N69,P69)","=SUM(M69,O69,Q69)","=IF(K69=""Y"", 1, 0) + IF(AND(R69=1, S69=1, ISBLANK(P69), ISBLANK(Q69), T69=U69), 1, IF(AND(R69=1, S69=1, ISBLANK(P69), ISBLANK(Q69), T69>U69), 2, R69))","=IF(K69=""Y"", 1, 0) + IF(AND(R69=1, S69=1, ISBLANK(P69), ISBLANK(Q69), T69=U69), 1, IF(AND(R69=1, S69=1, ISBLANK(P69), ISBLANK(Q69), U69>T69), 2, S69))","=IF(K69<>""Y"", 0, IF(AND(R69=1, S69=1, ISBLANK(P69), ISBLANK(Q69), T69=U69), 2, 3))"
Tuesday,3,2026-06-09,7:00pm,"Courts 1–5","Line 1 (#1/#2)","Approach Shots","Racquet Scientists","","",Y,,,,,,,"=IF(L70="""",0,IF(L70>M70,1,0))+IF(N70="""",0,IF(N70>O70,1,0))+IF(P70="""",0,IF(P70>Q70,1,0))","=IF(M70="""",0,IF(M70>L70,1,0))+IF(O70="""",0,IF(O70>N70,1,0))+IF(Q70="""",0,IF(Q70>P70,1,0))","=SUM(L70,N70,P70)","=SUM(M70,O70,Q70)","=IF(K70=""Y"", 1, 0) + IF(AND(R70=1, S70=1, ISBLANK(P70), ISBLANK(Q70), T70=U70), 1, IF(AND(R70=1, S70=1, ISBLANK(P70), ISBLANK(Q70), T70>U70), 2, R70))","=IF(K70=""Y"", 1, 0) + IF(AND(R70=1, S70=1, ISBLANK(P70), ISBLANK(Q70), T70=U70), 1, IF(AND(R70=1, S70=1, ISBLANK(P70), ISBLANK(Q70), U70>T70), 2, S70))","=IF(K70<>""Y"", 0, IF(AND(R70=1, S70=1, ISBLANK(P70), ISBLANK(Q70), T70=U70), 2, 3))"
Tuesday,3,2026-06-09,7:00pm,"Courts 1–5","Line 2 (#3 Pair A)","Approach Shots","Racquet Scientists","","",Y,,,,,,,"=IF(L71="""",0,IF(L71>M71,1,0))+IF(N71="""",0,IF(N71>O71,1,0))+IF(P71="""",0,IF(P71>Q71,1,0))","=IF(M71="""",0,IF(M71>L71,1,0))+IF(O71="""",0,IF(O71>N71,1,0))+IF(Q71="""",0,IF(Q71>P71,1,0))","=SUM(L71,N71,P71)","=SUM(M71,O71,Q71)","=IF(K71=""Y"", 1, 0) + IF(AND(R71=1, S71=1, ISBLANK(P71), ISBLANK(Q71), T71=U71), 1, IF(AND(R71=1, S71=1, ISBLANK(P71), ISBLANK(Q71), T71>U71), 2, R71))","=IF(K71=""Y"", 1, 0) + IF(AND(R71=1, S71=1, ISBLANK(P71), ISBLANK(Q71), T71=U71), 1, IF(AND(R71=1, S71=1, ISBLANK(P71), ISBLANK(Q71), U71>T71), 2, S71))","=IF(K71<>""Y"", 0, IF(AND(R71=1, S71=1, ISBLANK(P71), ISBLANK(Q71), T71=U71), 2, 3))"
Tuesday,3,2026-06-09,7:00pm,"Courts 1–5","Line 3 (#3 Pair B)","Approach Shots","Racquet Scientists","","",Y,,,,,,,"=IF(L72="""",0,IF(L72>M72,1,0))+IF(N72="""",0,IF(N72>O72,1,0))+IF(P72="""",0,IF(P72>Q72,1,0))","=IF(M72="""",0,IF(M72>L72,1,0))+IF(O72="""",0,IF(O72>N72,1,0))+IF(Q72="""",0,IF(Q72>P72,1,0))","=SUM(L72,N72,P72)","=SUM(M72,O72,Q72)","=IF(K72=""Y"", 1, 0) + IF(AND(R72=1, S72=1, ISBLANK(P72), ISBLANK(Q72), T72=U72), 1, IF(AND(R72=1, S72=1, ISBLANK(P72), ISBLANK(Q72), T72>U72), 2, R72))","=IF(K72=""Y"", 1, 0) + IF(AND(R72=1, S72=1, ISBLANK(P72), ISBLANK(Q72), T72=U72), 1, IF(AND(R72=1, S72=1, ISBLANK(P72), ISBLANK(Q72), U72>T72), 2, S72))","=IF(K72<>""Y"", 0, IF(AND(R72=1, S72=1, ISBLANK(P72), ISBLANK(Q72), T72=U72), 2, 3))"
Tuesday,3,2026-06-09,7:00pm,"Courts 1–5","Line 4 (#4/#5)","Approach Shots","Racquet Scientists","","",Y,,,,,,,"=IF(L73="""",0,IF(L73>M73,1,0))+IF(N73="""",0,IF(N73>O73,1,0))+IF(P73="""",0,IF(P73>Q73,1,0))","=IF(M73="""",0,IF(M73>L73,1,0))+IF(O73="""",0,IF(O73>N73,1,0))+IF(Q73="""",0,IF(Q73>P73,1,0))","=SUM(L73,N73,P73)","=SUM(M73,O73,Q73)","=IF(K73=""Y"", 1, 0) + IF(AND(R73=1, S73=1, ISBLANK(P73), ISBLANK(Q73), T73=U73), 1, IF(AND(R73=1, S73=1, ISBLANK(P73), ISBLANK(Q73), T73>U73), 2, R73))","=IF(K73=""Y"", 1, 0) + IF(AND(R73=1, S73=1, ISBLANK(P73), ISBLANK(Q73), T73=U73), 1, IF(AND(R73=1, S73=1, ISBLANK(P73), ISBLANK(Q73), U73>T73), 2, S73))","=IF(K73<>""Y"", 0, IF(AND(R73=1, S73=1, ISBLANK(P73), ISBLANK(Q73), T73=U73), 2, 3))"
Tuesday,4,2026-06-16,7:00pm,"Courts 10–13","Line 1 (#1/#2)","Spin Doctors","Bounce It","","",Y,,,,,,,"=IF(L74="""",0,IF(L74>M74,1,0))+IF(N74="""",0,IF(N74>O74,1,0))+IF(P74="""",0,IF(P74>Q74,1,0))","=IF(M74="""",0,IF(M74>L74,1,0))+IF(O74="""",0,IF(O74>N74,1,0))+IF(Q74="""",0,IF(Q74>P74,1,0))","=SUM(L74,N74,P74)","=SUM(M74,O74,Q74)","=IF(K74=""Y"", 1, 0) + IF(AND(R74=1, S74=1, ISBLANK(P74), ISBLANK(Q74), T74=U74), 1, IF(AND(R74=1, S74=1, ISBLANK(P74), ISBLANK(Q74), T74>U74), 2, R74))","=IF(K74=""Y"", 1, 0) + IF(AND(R74=1, S74=1, ISBLANK(P74), ISBLANK(Q74), T74=U74), 1, IF(AND(R74=1, S74=1, ISBLANK(P74), ISBLANK(Q74), U74>T74), 2, S74))","=IF(K74<>""Y"", 0, IF(AND(R74=1, S74=1, ISBLANK(P74), ISBLANK(Q74), T74=U74), 2, 3))"
Tuesday,4,2026-06-16,7:00pm,"Courts 10–13","Line 2 (#3 Pair A)","Spin Doctors","Bounce It","","",Y,,,,,,,"=IF(L75="""",0,IF(L75>M75,1,0))+IF(N75="""",0,IF(N75>O75,1,0))+IF(P75="""",0,IF(P75>Q75,1,0))","=IF(M75="""",0,IF(M75>L75,1,0))+IF(O75="""",0,IF(O75>N75,1,0))+IF(Q75="""",0,IF(Q75>P75,1,0))","=SUM(L75,N75,P75)","=SUM(M75,O75,Q75)","=IF(K75=""Y"", 1, 0) + IF(AND(R75=1, S75=1, ISBLANK(P75), ISBLANK(Q75), T75=U75), 1, IF(AND(R75=1, S75=1, ISBLANK(P75), ISBLANK(Q75), T75>U75), 2, R75))","=IF(K75=""Y"", 1, 0) + IF(AND(R75=1, S75=1, ISBLANK(P75), ISBLANK(Q75), T75=U75), 1, IF(AND(R75=1, S75=1, ISBLANK(P75), ISBLANK(Q75), U75>T75), 2, S75))","=IF(K75<>""Y"", 0, IF(AND(R75=1, S75=1, ISBLANK(P75), ISBLANK(Q75), T75=U75), 2, 3))"
Tuesday,4,2026-06-16,7:00pm,"Courts 10–13","Line 3 (#3 Pair B)","Spin Doctors","Bounce It","","",Y,,,,,,,"=IF(L76="""",0,IF(L76>M76,1,0))+IF(N76="""",0,IF(N76>O76,1,0))+IF(P76="""",0,IF(P76>Q76,1,0))","=IF(M76="""",0,IF(M76>L76,1,0))+IF(O76="""",0,IF(O76>N76,1,0))+IF(Q76="""",0,IF(Q76>P76,1,0))","=SUM(L76,N76,P76)","=SUM(M76,O76,Q76)","=IF(K76=""Y"", 1, 0) + IF(AND(R76=1, S76=1, ISBLANK(P76), ISBLANK(Q76), T76=U76), 1, IF(AND(R76=1, S76=1, ISBLANK(P76), ISBLANK(Q76), T76>U76), 2, R76))","=IF(K76=""Y"", 1, 0) + IF(AND(R76=1, S76=1, ISBLANK(P76), ISBLANK(Q76), T76=U76), 1, IF(AND(R76=1, S76=1, ISBLANK(P76), ISBLANK(Q76), U76>T76), 2, S76))","=IF(K76<>""Y"", 0, IF(AND(R76=1, S76=1, ISBLANK(P76), ISBLANK(Q76), T76=U76), 2, 3))"
Tuesday,4,2026-06-16,7:00pm,"Courts 10–13","Line 4 (#4/#5)","Spin Doctors","Bounce It","","",Y,,,,,,,"=IF(L77="""",0,IF(L77>M77,1,0))+IF(N77="""",0,IF(N77>O77,1,0))+IF(P77="""",0,IF(P77>Q77,1,0))","=IF(M77="""",0,IF(M77>L77,1,0))+IF(O77="""",0,IF(O77>N77,1,0))+IF(Q77="""",0,IF(Q77>P77,1,0))","=SUM(L77,N77,P77)","=SUM(M77,O77,Q77)","=IF(K77=""Y"", 1, 0) + IF(AND(R77=1, S77=1, ISBLANK(P77), ISBLANK(Q77), T77=U77), 1, IF(AND(R77=1, S77=1, ISBLANK(P77), ISBLANK(Q77), T77>U77), 2, R77))","=IF(K77=""Y"", 1, 0) + IF(AND(R77=1, S77=1, ISBLANK(P77), ISBLANK(Q77), T77=U77), 1, IF(AND(R77=1, S77=1, ISBLANK(P77), ISBLANK(Q77), U77>T77), 2, S77))","=IF(K77<>""Y"", 0, IF(AND(R77=1, S77=1, ISBLANK(P77), ISBLANK(Q77), T77=U77), 2, 3))"
Tuesday,4,2026-06-16,7:00pm,"Courts 6–9","Line 1 (#1/#2)","Jetsetters","Return to Sender with Love","","",Y,,,,,,,"=IF(L78="""",0,IF(L78>M78,1,0))+IF(N78="""",0,IF(N78>O78,1,0))+IF(P78="""",0,IF(P78>Q78,1,0))","=IF(M78="""",0,IF(M78>L78,1,0))+IF(O78="""",0,IF(O78>N78,1,0))+IF(Q78="""",0,IF(Q78>P78,1,0))","=SUM(L78,N78,P78)","=SUM(M78,O78,Q78)","=IF(K78=""Y"", 1, 0) + IF(AND(R78=1, S78=1, ISBLANK(P78), ISBLANK(Q78), T78=U78), 1, IF(AND(R78=1, S78=1, ISBLANK(P78), ISBLANK(Q78), T78>U78), 2, R78))","=IF(K78=""Y"", 1, 0) + IF(AND(R78=1, S78=1, ISBLANK(P78), ISBLANK(Q78), T78=U78), 1, IF(AND(R78=1, S78=1, ISBLANK(P78), ISBLANK(Q78), U78>T78), 2, S78))","=IF(K78<>""Y"", 0, IF(AND(R78=1, S78=1, ISBLANK(P78), ISBLANK(Q78), T78=U78), 2, 3))"
Tuesday,4,2026-06-16,7:00pm,"Courts 6–9","Line 2 (#3 Pair A)","Jetsetters","Return to Sender with Love","","",Y,,,,,,,"=IF(L79="""",0,IF(L79>M79,1,0))+IF(N79="""",0,IF(N79>O79,1,0))+IF(P79="""",0,IF(P79>Q79,1,0))","=IF(M79="""",0,IF(M79>L79,1,0))+IF(O79="""",0,IF(O79>N79,1,0))+IF(Q79="""",0,IF(Q79>P79,1,0))","=SUM(L79,N79,P79)","=SUM(M79,O79,Q79)","=IF(K79=""Y"", 1, 0) + IF(AND(R79=1, S79=1, ISBLANK(P79), ISBLANK(Q79), T79=U79), 1, IF(AND(R79=1, S79=1, ISBLANK(P79), ISBLANK(Q79), T79>U79), 2, R79))","=IF(K79=""Y"", 1, 0) + IF(AND(R79=1, S79=1, ISBLANK(P79), ISBLANK(Q79), T79=U79), 1, IF(AND(R79=1, S79=1, ISBLANK(P79), ISBLANK(Q79), U79>T79), 2, S79))","=IF(K79<>""Y"", 0, IF(AND(R79=1, S79=1, ISBLANK(P79), ISBLANK(Q79), T79=U79), 2, 3))"
Tuesday,4,2026-06-16,7:00pm,"Courts 6–9","Line 3 (#3 Pair B)","Jetsetters","Return to Sender with Love","","",Y,,,,,,,"=IF(L80="""",0,IF(L80>M80,1,0))+IF(N80="""",0,IF(N80>O80,1,0))+IF(P80="""",0,IF(P80>Q80,1,0))","=IF(M80="""",0,IF(M80>L80,1,0))+IF(O80="""",0,IF(O80>N80,1,0))+IF(Q80="""",0,IF(Q80>P80,1,0))","=SUM(L80,N80,P80)","=SUM(M80,O80,Q80)","=IF(K80=""Y"", 1, 0) + IF(AND(R80=1, S80=1, ISBLANK(P80), ISBLANK(Q80), T80=U80), 1, IF(AND(R80=1, S80=1, ISBLANK(P80), ISBLANK(Q80), T80>U80), 2, R80))","=IF(K80=""Y"", 1, 0) + IF(AND(R80=1, S80=1, ISBLANK(P80), ISBLANK(Q80), T80=U80), 1, IF(AND(R80=1, S80=1, ISBLANK(P80), ISBLANK(Q80), U80>T80), 2, S80))","=IF(K80<>""Y"", 0, IF(AND(R80=1, S80=1, ISBLANK(P80), ISBLANK(Q80), T80=U80), 2, 3))"
Tuesday,4,2026-06-16,7:00pm,"Courts 6–9","Line 4 (#4/#5)","Jetsetters","Return to Sender with Love","","",Y,,,,,,,"=IF(L81="""",0,IF(L81>M81,1,0))+IF(N81="""",0,IF(N81>O81,1,0))+IF(P81="""",0,IF(P81>Q81,1,0))","=IF(M81="""",0,IF(M81>L81,1,0))+IF(O81="""",0,IF(O81>N81,1,0))+IF(Q81="""",0,IF(Q81>P81,1,0))","=SUM(L81,N81,P81)","=SUM(M81,O81,Q81)","=IF(K81=""Y"", 1, 0) + IF(AND(R81=1, S81=1, ISBLANK(P81), ISBLANK(Q81), T81=U81), 1, IF(AND(R81=1, S81=1, ISBLANK(P81), ISBLANK(Q81), T81>U81), 2, R81))","=IF(K81=""Y"", 1, 0) + IF(AND(R81=1, S81=1, ISBLANK(P81), ISBLANK(Q81), T81=U81), 1, IF(AND(R81=1, S81=1, ISBLANK(P81), ISBLANK(Q81), U81>T81), 2, S81))","=IF(K81<>""Y"", 0, IF(AND(R81=1, S81=1, ISBLANK(P81), ISBLANK(Q81), T81=U81), 2, 3))"
Tuesday,4,2026-06-16,5:30pm,"Courts 10–13","Line 1 (#1/#2)","Good Ol' Boys","Full Metal Racquet","","",Y,,,,,,,"=IF(L82="""",0,IF(L82>M82,1,0))+IF(N82="""",0,IF(N82>O82,1,0))+IF(P82="""",0,IF(P82>Q82,1,0))","=IF(M82="""",0,IF(M82>L82,1,0))+IF(O82="""",0,IF(O82>N82,1,0))+IF(Q82="""",0,IF(Q82>P82,1,0))","=SUM(L82,N82,P82)","=SUM(M82,O82,Q82)","=IF(K82=""Y"", 1, 0) + IF(AND(R82=1, S82=1, ISBLANK(P82), ISBLANK(Q82), T82=U82), 1, IF(AND(R82=1, S82=1, ISBLANK(P82), ISBLANK(Q82), T82>U82), 2, R82))","=IF(K82=""Y"", 1, 0) + IF(AND(R82=1, S82=1, ISBLANK(P82), ISBLANK(Q82), T82=U82), 1, IF(AND(R82=1, S82=1, ISBLANK(P82), ISBLANK(Q82), U82>T82), 2, S82))","=IF(K82<>""Y"", 0, IF(AND(R82=1, S82=1, ISBLANK(P82), ISBLANK(Q82), T82=U82), 2, 3))"
Tuesday,4,2026-06-16,5:30pm,"Courts 10–13","Line 2 (#3 Pair A)","Good Ol' Boys","Full Metal Racquet","","",Y,,,,,,,"=IF(L83="""",0,IF(L83>M83,1,0))+IF(N83="""",0,IF(N83>O83,1,0))+IF(P83="""",0,IF(P83>Q83,1,0))","=IF(M83="""",0,IF(M83>L83,1,0))+IF(O83="""",0,IF(O83>N83,1,0))+IF(Q83="""",0,IF(Q83>P83,1,0))","=SUM(L83,N83,P83)","=SUM(M83,O83,Q83)","=IF(K83=""Y"", 1, 0) + IF(AND(R83=1, S83=1, ISBLANK(P83), ISBLANK(Q83), T83=U83), 1, IF(AND(R83=1, S83=1, ISBLANK(P83), ISBLANK(Q83), T83>U83), 2, R83))","=IF(K83=""Y"", 1, 0) + IF(AND(R83=1, S83=1, ISBLANK(P83), ISBLANK(Q83), T83=U83), 1, IF(AND(R83=1, S83=1, ISBLANK(P83), ISBLANK(Q83), U83>T83), 2, S83))","=IF(K83<>""Y"", 0, IF(AND(R83=1, S83=1, ISBLANK(P83), ISBLANK(Q83), T83=U83), 2, 3))"
Tuesday,4,2026-06-16,5:30pm,"Courts 10–13","Line 3 (#3 Pair B)","Good Ol' Boys","Full Metal Racquet","","",Y,,,,,,,"=IF(L84="""",0,IF(L84>M84,1,0))+IF(N84="""",0,IF(N84>O84,1,0))+IF(P84="""",0,IF(P84>Q84,1,0))","=IF(M84="""",0,IF(M84>L84,1,0))+IF(O84="""",0,IF(O84>N84,1,0))+IF(Q84="""",0,IF(Q84>P84,1,0))","=SUM(L84,N84,P84)","=SUM(M84,O84,Q84)","=IF(K84=""Y"", 1, 0) + IF(AND(R84=1, S84=1, ISBLANK(P84), ISBLANK(Q84), T84=U84), 1, IF(AND(R84=1, S84=1, ISBLANK(P84), ISBLANK(Q84), T84>U84), 2, R84))","=IF(K84=""Y"", 1, 0) + IF(AND(R84=1, S84=1, ISBLANK(P84), ISBLANK(Q84), T84=U84), 1, IF(AND(R84=1, S84=1, ISBLANK(P84), ISBLANK(Q84), U84>T84), 2, S84))","=IF(K84<>""Y"", 0, IF(AND(R84=1, S84=1, ISBLANK(P84), ISBLANK(Q84), T84=U84), 2, 3))"
Tuesday,4,2026-06-16,5:30pm,"Courts 10–13","Line 4 (#4/#5)","Good Ol' Boys","Full Metal Racquet","","",Y,,,,,,,"=IF(L85="""",0,IF(L85>M85,1,0))+IF(N85="""",0,IF(N85>O85,1,0))+IF(P85="""",0,IF(P85>Q85,1,0))","=IF(M85="""",0,IF(M85>L85,1,0))+IF(O85="""",0,IF(O85>N85,1,0))+IF(Q85="""",0,IF(Q85>P85,1,0))","=SUM(L85,N85,P85)","=SUM(M85,O85,Q85)","=IF(K85=""Y"", 1, 0) + IF(AND(R85=1, S85=1, ISBLANK(P85), ISBLANK(Q85), T85=U85), 1, IF(AND(R85=1, S85=1, ISBLANK(P85), ISBLANK(Q85), T85>U85), 2, R85))","=IF(K85=""Y"", 1, 0) + IF(AND(R85=1, S85=1, ISBLANK(P85), ISBLANK(Q85), T85=U85), 1, IF(AND(R85=1, S85=1, ISBLANK(P85), ISBLANK(Q85), U85>T85), 2, S85))","=IF(K85<>""Y"", 0, IF(AND(R85=1, S85=1, ISBLANK(P85), ISBLANK(Q85), T85=U85), 2, 3))"
Tuesday,4,2026-06-16,5:30pm,"Courts 1–5","Line 1 (#1/#2)","Rascals","Easy Overhead","","",Y,,,,,,,"=IF(L86="""",0,IF(L86>M86,1,0))+IF(N86="""",0,IF(N86>O86,1,0))+IF(P86="""",0,IF(P86>Q86,1,0))","=IF(M86="""",0,IF(M86>L86,1,0))+IF(O86="""",0,IF(O86>N86,1,0))+IF(Q86="""",0,IF(Q86>P86,1,0))","=SUM(L86,N86,P86)","=SUM(M86,O86,Q86)","=IF(K86=""Y"", 1, 0) + IF(AND(R86=1, S86=1, ISBLANK(P86), ISBLANK(Q86), T86=U86), 1, IF(AND(R86=1, S86=1, ISBLANK(P86), ISBLANK(Q86), T86>U86), 2, R86))","=IF(K86=""Y"", 1, 0) + IF(AND(R86=1, S86=1, ISBLANK(P86), ISBLANK(Q86), T86=U86), 1, IF(AND(R86=1, S86=1, ISBLANK(P86), ISBLANK(Q86), U86>T86), 2, S86))","=IF(K86<>""Y"", 0, IF(AND(R86=1, S86=1, ISBLANK(P86), ISBLANK(Q86), T86=U86), 2, 3))"
Tuesday,4,2026-06-16,5:30pm,"Courts 1–5","Line 2 (#3 Pair A)","Rascals","Easy Overhead","","",Y,,,,,,,"=IF(L87="""",0,IF(L87>M87,1,0))+IF(N87="""",0,IF(N87>O87,1,0))+IF(P87="""",0,IF(P87>Q87,1,0))","=IF(M87="""",0,IF(M87>L87,1,0))+IF(O87="""",0,IF(O87>N87,1,0))+IF(Q87="""",0,IF(Q87>P87,1,0))","=SUM(L87,N87,P87)","=SUM(M87,O87,Q87)","=IF(K87=""Y"", 1, 0) + IF(AND(R87=1, S87=1, ISBLANK(P87), ISBLANK(Q87), T87=U87), 1, IF(AND(R87=1, S87=1, ISBLANK(P87), ISBLANK(Q87), T87>U87), 2, R87))","=IF(K87=""Y"", 1, 0) + IF(AND(R87=1, S87=1, ISBLANK(P87), ISBLANK(Q87), T87=U87), 1, IF(AND(R87=1, S87=1, ISBLANK(P87), ISBLANK(Q87), U87>T87), 2, S87))","=IF(K87<>""Y"", 0, IF(AND(R87=1, S87=1, ISBLANK(P87), ISBLANK(Q87), T87=U87), 2, 3))"
Tuesday,4,2026-06-16,5:30pm,"Courts 1–5","Line 3 (#3 Pair B)","Rascals","Easy Overhead","","",Y,,,,,,,"=IF(L88="""",0,IF(L88>M88,1,0))+IF(N88="""",0,IF(N88>O88,1,0))+IF(P88="""",0,IF(P88>Q88,1,0))","=IF(M88="""",0,IF(M88>L88,1,0))+IF(O88="""",0,IF(O88>N88,1,0))+IF(Q88="""",0,IF(Q88>P88,1,0))","=SUM(L88,N88,P88)","=SUM(M88,O88,Q88)","=IF(K88=""Y"", 1, 0) + IF(AND(R88=1, S88=1, ISBLANK(P88), ISBLANK(Q88), T88=U88), 1, IF(AND(R88=1, S88=1, ISBLANK(P88), ISBLANK(Q88), T88>U88), 2, R88))","=IF(K88=""Y"", 1, 0) + IF(AND(R88=1, S88=1, ISBLANK(P88), ISBLANK(Q88), T88=U88), 1, IF(AND(R88=1, S88=1, ISBLANK(P88), ISBLANK(Q88), U88>T88), 2, S88))","=IF(K88<>""Y"", 0, IF(AND(R88=1, S88=1, ISBLANK(P88), ISBLANK(Q88), T88=U88), 2, 3))"
Tuesday,4,2026-06-16,5:30pm,"Courts 1–5","Line 4 (#4/#5)","Rascals","Easy Overhead","","",Y,,,,,,,"=IF(L89="""",0,IF(L89>M89,1,0))+IF(N89="""",0,IF(N89>O89,1,0))+IF(P89="""",0,IF(P89>Q89,1,0))","=IF(M89="""",0,IF(M89>L89,1,0))+IF(O89="""",0,IF(O89>N89,1,0))+IF(Q89="""",0,IF(Q89>P89,1,0))","=SUM(L89,N89,P89)","=SUM(M89,O89,Q89)","=IF(K89=""Y"", 1, 0) + IF(AND(R89=1, S89=1, ISBLANK(P89), ISBLANK(Q89), T89=U89), 1, IF(AND(R89=1, S89=1, ISBLANK(P89), ISBLANK(Q89), T89>U89), 2, R89))","=IF(K89=""Y"", 1, 0) + IF(AND(R89=1, S89=1, ISBLANK(P89), ISBLANK(Q89), T89=U89), 1, IF(AND(R89=1, S89=1, ISBLANK(P89), ISBLANK(Q89), U89>T89), 2, S89))","=IF(K89<>""Y"", 0, IF(AND(R89=1, S89=1, ISBLANK(P89), ISBLANK(Q89), T89=U89), 2, 3))"
Tuesday,4,2026-06-16,7:00pm,"Courts 1–5","Line 1 (#1/#2)","Subs","Racquet Scientists","","",Y,,,,,,,"=IF(L90="""",0,IF(L90>M90,1,0))+IF(N90="""",0,IF(N90>O90,1,0))+IF(P90="""",0,IF(P90>Q90,1,0))","=IF(M90="""",0,IF(M90>L90,1,0))+IF(O90="""",0,IF(O90>N90,1,0))+IF(Q90="""",0,IF(Q90>P90,1,0))","=SUM(L90,N90,P90)","=SUM(M90,O90,Q90)","=IF(K90=""Y"", 1, 0) + IF(AND(R90=1, S90=1, ISBLANK(P90), ISBLANK(Q90), T90=U90), 1, IF(AND(R90=1, S90=1, ISBLANK(P90), ISBLANK(Q90), T90>U90), 2, R90))","=IF(K90=""Y"", 1, 0) + IF(AND(R90=1, S90=1, ISBLANK(P90), ISBLANK(Q90), T90=U90), 1, IF(AND(R90=1, S90=1, ISBLANK(P90), ISBLANK(Q90), U90>T90), 2, S90))","=IF(K90<>""Y"", 0, IF(AND(R90=1, S90=1, ISBLANK(P90), ISBLANK(Q90), T90=U90), 2, 3))"
Tuesday,4,2026-06-16,7:00pm,"Courts 1–5","Line 2 (#3 Pair A)","Subs","Racquet Scientists","","",Y,,,,,,,"=IF(L91="""",0,IF(L91>M91,1,0))+IF(N91="""",0,IF(N91>O91,1,0))+IF(P91="""",0,IF(P91>Q91,1,0))","=IF(M91="""",0,IF(M91>L91,1,0))+IF(O91="""",0,IF(O91>N91,1,0))+IF(Q91="""",0,IF(Q91>P91,1,0))","=SUM(L91,N91,P91)","=SUM(M91,O91,Q91)","=IF(K91=""Y"", 1, 0) + IF(AND(R91=1, S91=1, ISBLANK(P91), ISBLANK(Q91), T91=U91), 1, IF(AND(R91=1, S91=1, ISBLANK(P91), ISBLANK(Q91), T91>U91), 2, R91))","=IF(K91=""Y"", 1, 0) + IF(AND(R91=1, S91=1, ISBLANK(P91), ISBLANK(Q91), T91=U91), 1, IF(AND(R91=1, S91=1, ISBLANK(P91), ISBLANK(Q91), U91>T91), 2, S91))","=IF(K91<>""Y"", 0, IF(AND(R91=1, S91=1, ISBLANK(P91), ISBLANK(Q91), T91=U91), 2, 3))"
Tuesday,4,2026-06-16,7:00pm,"Courts 1–5","Line 3 (#3 Pair B)","Subs","Racquet Scientists","","",Y,,,,,,,"=IF(L92="""",0,IF(L92>M92,1,0))+IF(N92="""",0,IF(N92>O92,1,0))+IF(P92="""",0,IF(P92>Q92,1,0))","=IF(M92="""",0,IF(M92>L92,1,0))+IF(O92="""",0,IF(O92>N92,1,0))+IF(Q92="""",0,IF(Q92>P92,1,0))","=SUM(L92,N92,P92)","=SUM(M92,O92,Q92)","=IF(K92=""Y"", 1, 0) + IF(AND(R92=1, S92=1, ISBLANK(P92), ISBLANK(Q92), T92=U92), 1, IF(AND(R92=1, S92=1, ISBLANK(P92), ISBLANK(Q92), T92>U92), 2, R92))","=IF(K92=""Y"", 1, 0) + IF(AND(R92=1, S92=1, ISBLANK(P92), ISBLANK(Q92), T92=U92), 1, IF(AND(R92=1, S92=1, ISBLANK(P92), ISBLANK(Q92), U92>T92), 2, S92))","=IF(K92<>""Y"", 0, IF(AND(R92=1, S92=1, ISBLANK(P92), ISBLANK(Q92), T92=U92), 2, 3))"
Tuesday,4,2026-06-16,7:00pm,"Courts 1–5","Line 4 (#4/#5)","Subs","Racquet Scientists","","",Y,,,,,,,"=IF(L93="""",0,IF(L93>M93,1,0))+IF(N93="""",0,IF(N93>O93,1,0))+IF(P93="""",0,IF(P93>Q93,1,0))","=IF(M93="""",0,IF(M93>L93,1,0))+IF(O93="""",0,IF(O93>N93,1,0))+IF(Q93="""",0,IF(Q93>P93,1,0))","=SUM(L93,N93,P93)","=SUM(M93,O93,Q93)","=IF(K93=""Y"", 1, 0) + IF(AND(R93=1, S93=1, ISBLANK(P93), ISBLANK(Q93), T93=U93), 1, IF(AND(R93=1, S93=1, ISBLANK(P93), ISBLANK(Q93), T93>U93), 2, R93))","=IF(K93=""Y"", 1, 0) + IF(AND(R93=1, S93=1, ISBLANK(P93), ISBLANK(Q93), T93=U93), 1, IF(AND(R93=1, S93=1, ISBLANK(P93), ISBLANK(Q93), U93>T93), 2, S93))","=IF(K93<>""Y"", 0, IF(AND(R93=1, S93=1, ISBLANK(P93), ISBLANK(Q93), T93=U93), 2, 3))"
Tuesday,4,2026-06-16,5:30pm,"Courts 6–9","Line 1 (#1/#2)","Herons","Approach Shots","","",Y,,,,,,,"=IF(L94="""",0,IF(L94>M94,1,0))+IF(N94="""",0,IF(N94>O94,1,0))+IF(P94="""",0,IF(P94>Q94,1,0))","=IF(M94="""",0,IF(M94>L94,1,0))+IF(O94="""",0,IF(O94>N94,1,0))+IF(Q94="""",0,IF(Q94>P94,1,0))","=SUM(L94,N94,P94)","=SUM(M94,O94,Q94)","=IF(K94=""Y"", 1, 0) + IF(AND(R94=1, S94=1, ISBLANK(P94), ISBLANK(Q94), T94=U94), 1, IF(AND(R94=1, S94=1, ISBLANK(P94), ISBLANK(Q94), T94>U94), 2, R94))","=IF(K94=""Y"", 1, 0) + IF(AND(R94=1, S94=1, ISBLANK(P94), ISBLANK(Q94), T94=U94), 1, IF(AND(R94=1, S94=1, ISBLANK(P94), ISBLANK(Q94), U94>T94), 2, S94))","=IF(K94<>""Y"", 0, IF(AND(R94=1, S94=1, ISBLANK(P94), ISBLANK(Q94), T94=U94), 2, 3))"
Tuesday,4,2026-06-16,5:30pm,"Courts 6–9","Line 2 (#3 Pair A)","Herons","Approach Shots","","",Y,,,,,,,"=IF(L95="""",0,IF(L95>M95,1,0))+IF(N95="""",0,IF(N95>O95,1,0))+IF(P95="""",0,IF(P95>Q95,1,0))","=IF(M95="""",0,IF(M95>L95,1,0))+IF(O95="""",0,IF(O95>N95,1,0))+IF(Q95="""",0,IF(Q95>P95,1,0))","=SUM(L95,N95,P95)","=SUM(M95,O95,Q95)","=IF(K95=""Y"", 1, 0) + IF(AND(R95=1, S95=1, ISBLANK(P95), ISBLANK(Q95), T95=U95), 1, IF(AND(R95=1, S95=1, ISBLANK(P95), ISBLANK(Q95), T95>U95), 2, R95))","=IF(K95=""Y"", 1, 0) + IF(AND(R95=1, S95=1, ISBLANK(P95), ISBLANK(Q95), T95=U95), 1, IF(AND(R95=1, S95=1, ISBLANK(P95), ISBLANK(Q95), U95>T95), 2, S95))","=IF(K95<>""Y"", 0, IF(AND(R95=1, S95=1, ISBLANK(P95), ISBLANK(Q95), T95=U95), 2, 3))"
Tuesday,4,2026-06-16,5:30pm,"Courts 6–9","Line 3 (#3 Pair B)","Herons","Approach Shots","","",Y,,,,,,,"=IF(L96="""",0,IF(L96>M96,1,0))+IF(N96="""",0,IF(N96>O96,1,0))+IF(P96="""",0,IF(P96>Q96,1,0))","=IF(M96="""",0,IF(M96>L96,1,0))+IF(O96="""",0,IF(O96>N96,1,0))+IF(Q96="""",0,IF(Q96>P96,1,0))","=SUM(L96,N96,P96)","=SUM(M96,O96,Q96)","=IF(K96=""Y"", 1, 0) + IF(AND(R96=1, S96=1, ISBLANK(P96), ISBLANK(Q96), T96=U96), 1, IF(AND(R96=1, S96=1, ISBLANK(P96), ISBLANK(Q96), T96>U96), 2, R96))","=IF(K96=""Y"", 1, 0) + IF(AND(R96=1, S96=1, ISBLANK(P96), ISBLANK(Q96), T96=U96), 1, IF(AND(R96=1, S96=1, ISBLANK(P96), ISBLANK(Q96), U96>T96), 2, S96))","=IF(K96<>""Y"", 0, IF(AND(R96=1, S96=1, ISBLANK(P96), ISBLANK(Q96), T96=U96), 2, 3))"
Tuesday,4,2026-06-16,5:30pm,"Courts 6–9","Line 4 (#4/#5)","Herons","Approach Shots","","",Y,,,,,,,"=IF(L97="""",0,IF(L97>M97,1,0))+IF(N97="""",0,IF(N97>O97,1,0))+IF(P97="""",0,IF(P97>Q97,1,0))","=IF(M97="""",0,IF(M97>L97,1,0))+IF(O97="""",0,IF(O97>N97,1,0))+IF(Q97="""",0,IF(Q97>P97,1,0))","=SUM(L97,N97,P97)","=SUM(M97,O97,Q97)","=IF(K97=""Y"", 1, 0) + IF(AND(R97=1, S97=1, ISBLANK(P97), ISBLANK(Q97), T97=U97), 1, IF(AND(R97=1, S97=1, ISBLANK(P97), ISBLANK(Q97), T97>U97), 2, R97))","=IF(K97=""Y"", 1, 0) + IF(AND(R97=1, S97=1, ISBLANK(P97), ISBLANK(Q97), T97=U97), 1, IF(AND(R97=1, S97=1, ISBLANK(P97), ISBLANK(Q97), U97>T97), 2, S97))","=IF(K97<>""Y"", 0, IF(AND(R97=1, S97=1, ISBLANK(P97), ISBLANK(Q97), T97=U97), 2, 3))"
Tuesday,5,2026-06-23,7:00pm,"Courts 10–13","Line 1 (#1/#2)","Herons","Spin Doctors","","",Y,,,,,,,"=IF(L98="""",0,IF(L98>M98,1,0))+IF(N98="""",0,IF(N98>O98,1,0))+IF(P98="""",0,IF(P98>Q98,1,0))","=IF(M98="""",0,IF(M98>L98,1,0))+IF(O98="""",0,IF(O98>N98,1,0))+IF(Q98="""",0,IF(Q98>P98,1,0))","=SUM(L98,N98,P98)","=SUM(M98,O98,Q98)","=IF(K98=""Y"", 1, 0) + IF(AND(R98=1, S98=1, ISBLANK(P98), ISBLANK(Q98), T98=U98), 1, IF(AND(R98=1, S98=1, ISBLANK(P98), ISBLANK(Q98), T98>U98), 2, R98))","=IF(K98=""Y"", 1, 0) + IF(AND(R98=1, S98=1, ISBLANK(P98), ISBLANK(Q98), T98=U98), 1, IF(AND(R98=1, S98=1, ISBLANK(P98), ISBLANK(Q98), U98>T98), 2, S98))","=IF(K98<>""Y"", 0, IF(AND(R98=1, S98=1, ISBLANK(P98), ISBLANK(Q98), T98=U98), 2, 3))"
Tuesday,5,2026-06-23,7:00pm,"Courts 10–13","Line 2 (#3 Pair A)","Herons","Spin Doctors","","",Y,,,,,,,"=IF(L99="""",0,IF(L99>M99,1,0))+IF(N99="""",0,IF(N99>O99,1,0))+IF(P99="""",0,IF(P99>Q99,1,0))","=IF(M99="""",0,IF(M99>L99,1,0))+IF(O99="""",0,IF(O99>N99,1,0))+IF(Q99="""",0,IF(Q99>P99,1,0))","=SUM(L99,N99,P99)","=SUM(M99,O99,Q99)","=IF(K99=""Y"", 1, 0) + IF(AND(R99=1, S99=1, ISBLANK(P99), ISBLANK(Q99), T99=U99), 1, IF(AND(R99=1, S99=1, ISBLANK(P99), ISBLANK(Q99), T99>U99), 2, R99))","=IF(K99=""Y"", 1, 0) + IF(AND(R99=1, S99=1, ISBLANK(P99), ISBLANK(Q99), T99=U99), 1, IF(AND(R99=1, S99=1, ISBLANK(P99), ISBLANK(Q99), U99>T99), 2, S99))","=IF(K99<>""Y"", 0, IF(AND(R99=1, S99=1, ISBLANK(P99), ISBLANK(Q99), T99=U99), 2, 3))"
Tuesday,5,2026-06-23,7:00pm,"Courts 10–13","Line 3 (#3 Pair B)","Herons","Spin Doctors","","",Y,,,,,,,"=IF(L100="""",0,IF(L100>M100,1,0))+IF(N100="""",0,IF(N100>O100,1,0))+IF(P100="""",0,IF(P100>Q100,1,0))","=IF(M100="""",0,IF(M100>L100,1,0))+IF(O100="""",0,IF(O100>N100,1,0))+IF(Q100="""",0,IF(Q100>P100,1,0))","=SUM(L100,N100,P100)","=SUM(M100,O100,Q100)","=IF(K100=""Y"", 1, 0) + IF(AND(R100=1, S100=1, ISBLANK(P100), ISBLANK(Q100), T100=U100), 1, IF(AND(R100=1, S100=1, ISBLANK(P100), ISBLANK(Q100), T100>U100), 2, R100))","=IF(K100=""Y"", 1, 0) + IF(AND(R100=1, S100=1, ISBLANK(P100), ISBLANK(Q100), T100=U100), 1, IF(AND(R100=1, S100=1, ISBLANK(P100), ISBLANK(Q100), U100>T100), 2, S100))","=IF(K100<>""Y"", 0, IF(AND(R100=1, S100=1, ISBLANK(P100), ISBLANK(Q100), T100=U100), 2, 3))"
Tuesday,5,2026-06-23,7:00pm,"Courts 10–13","Line 4 (#4/#5)","Herons","Spin Doctors","","",Y,,,,,,,"=IF(L101="""",0,IF(L101>M101,1,0))+IF(N101="""",0,IF(N101>O101,1,0))+IF(P101="""",0,IF(P101>Q101,1,0))","=IF(M101="""",0,IF(M101>L101,1,0))+IF(O101="""",0,IF(O101>N101,1,0))+IF(Q101="""",0,IF(Q101>P101,1,0))","=SUM(L101,N101,P101)","=SUM(M101,O101,Q101)","=IF(K101=""Y"", 1, 0) + IF(AND(R101=1, S101=1, ISBLANK(P101), ISBLANK(Q101), T101=U101), 1, IF(AND(R101=1, S101=1, ISBLANK(P101), ISBLANK(Q101), T101>U101), 2, R101))","=IF(K101=""Y"", 1, 0) + IF(AND(R101=1, S101=1, ISBLANK(P101), ISBLANK(Q101), T101=U101), 1, IF(AND(R101=1, S101=1, ISBLANK(P101), ISBLANK(Q101), U101>T101), 2, S101))","=IF(K101<>""Y"", 0, IF(AND(R101=1, S101=1, ISBLANK(P101), ISBLANK(Q101), T101=U101), 2, 3))"
Tuesday,5,2026-06-23,7:00pm,"Courts 6–9","Line 1 (#1/#2)","Approach Shots","Subs","","",Y,,,,,,,"=IF(L102="""",0,IF(L102>M102,1,0))+IF(N102="""",0,IF(N102>O102,1,0))+IF(P102="""",0,IF(P102>Q102,1,0))","=IF(M102="""",0,IF(M102>L102,1,0))+IF(O102="""",0,IF(O102>N102,1,0))+IF(Q102="""",0,IF(Q102>P102,1,0))","=SUM(L102,N102,P102)","=SUM(M102,O102,Q102)","=IF(K102=""Y"", 1, 0) + IF(AND(R102=1, S102=1, ISBLANK(P102), ISBLANK(Q102), T102=U102), 1, IF(AND(R102=1, S102=1, ISBLANK(P102), ISBLANK(Q102), T102>U102), 2, R102))","=IF(K102=""Y"", 1, 0) + IF(AND(R102=1, S102=1, ISBLANK(P102), ISBLANK(Q102), T102=U102), 1, IF(AND(R102=1, S102=1, ISBLANK(P102), ISBLANK(Q102), U102>T102), 2, S102))","=IF(K102<>""Y"", 0, IF(AND(R102=1, S102=1, ISBLANK(P102), ISBLANK(Q102), T102=U102), 2, 3))"
Tuesday,5,2026-06-23,7:00pm,"Courts 6–9","Line 2 (#3 Pair A)","Approach Shots","Subs","","",Y,,,,,,,"=IF(L103="""",0,IF(L103>M103,1,0))+IF(N103="""",0,IF(N103>O103,1,0))+IF(P103="""",0,IF(P103>Q103,1,0))","=IF(M103="""",0,IF(M103>L103,1,0))+IF(O103="""",0,IF(O103>N103,1,0))+IF(Q103="""",0,IF(Q103>P103,1,0))","=SUM(L103,N103,P103)","=SUM(M103,O103,Q103)","=IF(K103=""Y"", 1, 0) + IF(AND(R103=1, S103=1, ISBLANK(P103), ISBLANK(Q103), T103=U103), 1, IF(AND(R103=1, S103=1, ISBLANK(P103), ISBLANK(Q103), T103>U103), 2, R103))","=IF(K103=""Y"", 1, 0) + IF(AND(R103=1, S103=1, ISBLANK(P103), ISBLANK(Q103), T103=U103), 1, IF(AND(R103=1, S103=1, ISBLANK(P103), ISBLANK(Q103), U103>T103), 2, S103))","=IF(K103<>""Y"", 0, IF(AND(R103=1, S103=1, ISBLANK(P103), ISBLANK(Q103), T103=U103), 2, 3))"
Tuesday,5,2026-06-23,7:00pm,"Courts 6–9","Line 3 (#3 Pair B)","Approach Shots","Subs","","",Y,,,,,,,"=IF(L104="""",0,IF(L104>M104,1,0))+IF(N104="""",0,IF(N104>O104,1,0))+IF(P104="""",0,IF(P104>Q104,1,0))","=IF(M104="""",0,IF(M104>L104,1,0))+IF(O104="""",0,IF(O104>N104,1,0))+IF(Q104="""",0,IF(Q104>P104,1,0))","=SUM(L104,N104,P104)","=SUM(M104,O104,Q104)","=IF(K104=""Y"", 1, 0) + IF(AND(R104=1, S104=1, ISBLANK(P104), ISBLANK(Q104), T104=U104), 1, IF(AND(R104=1, S104=1, ISBLANK(P104), ISBLANK(Q104), T104>U104), 2, R104))","=IF(K104=""Y"", 1, 0) + IF(AND(R104=1, S104=1, ISBLANK(P104), ISBLANK(Q104), T104=U104), 1, IF(AND(R104=1, S104=1, ISBLANK(P104), ISBLANK(Q104), U104>T104), 2, S104))","=IF(K104<>""Y"", 0, IF(AND(R104=1, S104=1, ISBLANK(P104), ISBLANK(Q104), T104=U104), 2, 3))"
Tuesday,5,2026-06-23,7:00pm,"Courts 6–9","Line 4 (#4/#5)","Approach Shots","Subs","","",Y,,,,,,,"=IF(L105="""",0,IF(L105>M105,1,0))+IF(N105="""",0,IF(N105>O105,1,0))+IF(P105="""",0,IF(P105>Q105,1,0))","=IF(M105="""",0,IF(M105>L105,1,0))+IF(O105="""",0,IF(O105>N105,1,0))+IF(Q105="""",0,IF(Q105>P105,1,0))","=SUM(L105,N105,P105)","=SUM(M105,O105,Q105)","=IF(K105=""Y"", 1, 0) + IF(AND(R105=1, S105=1, ISBLANK(P105), ISBLANK(Q105), T105=U105), 1, IF(AND(R105=1, S105=1, ISBLANK(P105), ISBLANK(Q105), T105>U105), 2, R105))","=IF(K105=""Y"", 1, 0) + IF(AND(R105=1, S105=1, ISBLANK(P105), ISBLANK(Q105), T105=U105), 1, IF(AND(R105=1, S105=1, ISBLANK(P105), ISBLANK(Q105), U105>T105), 2, S105))","=IF(K105<>""Y"", 0, IF(AND(R105=1, S105=1, ISBLANK(P105), ISBLANK(Q105), T105=U105), 2, 3))"
Tuesday,5,2026-06-23,7:00pm,"Courts 1–5","Line 1 (#1/#2)","Racquet Scientists","Easy Overhead","","",Y,,,,,,,"=IF(L106="""",0,IF(L106>M106,1,0))+IF(N106="""",0,IF(N106>O106,1,0))+IF(P106="""",0,IF(P106>Q106,1,0))","=IF(M106="""",0,IF(M106>L106,1,0))+IF(O106="""",0,IF(O106>N106,1,0))+IF(Q106="""",0,IF(Q106>P106,1,0))","=SUM(L106,N106,P106)","=SUM(M106,O106,Q106)","=IF(K106=""Y"", 1, 0) + IF(AND(R106=1, S106=1, ISBLANK(P106), ISBLANK(Q106), T106=U106), 1, IF(AND(R106=1, S106=1, ISBLANK(P106), ISBLANK(Q106), T106>U106), 2, R106))","=IF(K106=""Y"", 1, 0) + IF(AND(R106=1, S106=1, ISBLANK(P106), ISBLANK(Q106), T106=U106), 1, IF(AND(R106=1, S106=1, ISBLANK(P106), ISBLANK(Q106), U106>T106), 2, S106))","=IF(K106<>""Y"", 0, IF(AND(R106=1, S106=1, ISBLANK(P106), ISBLANK(Q106), T106=U106), 2, 3))"
Tuesday,5,2026-06-23,7:00pm,"Courts 1–5","Line 2 (#3 Pair A)","Racquet Scientists","Easy Overhead","","",Y,,,,,,,"=IF(L107="""",0,IF(L107>M107,1,0))+IF(N107="""",0,IF(N107>O107,1,0))+IF(P107="""",0,IF(P107>Q107,1,0))","=IF(M107="""",0,IF(M107>L107,1,0))+IF(O107="""",0,IF(O107>N107,1,0))+IF(Q107="""",0,IF(Q107>P107,1,0))","=SUM(L107,N107,P107)","=SUM(M107,O107,Q107)","=IF(K107=""Y"", 1, 0) + IF(AND(R107=1, S107=1, ISBLANK(P107), ISBLANK(Q107), T107=U107), 1, IF(AND(R107=1, S107=1, ISBLANK(P107), ISBLANK(Q107), T107>U107), 2, R107))","=IF(K107=""Y"", 1, 0) + IF(AND(R107=1, S107=1, ISBLANK(P107), ISBLANK(Q107), T107=U107), 1, IF(AND(R107=1, S107=1, ISBLANK(P107), ISBLANK(Q107), U107>T107), 2, S107))","=IF(K107<>""Y"", 0, IF(AND(R107=1, S107=1, ISBLANK(P107), ISBLANK(Q107), T107=U107), 2, 3))"
Tuesday,5,2026-06-23,7:00pm,"Courts 1–5","Line 3 (#3 Pair B)","Racquet Scientists","Easy Overhead","","",Y,,,,,,,"=IF(L108="""",0,IF(L108>M108,1,0))+IF(N108="""",0,IF(N108>O108,1,0))+IF(P108="""",0,IF(P108>Q108,1,0))","=IF(M108="""",0,IF(M108>L108,1,0))+IF(O108="""",0,IF(O108>N108,1,0))+IF(Q108="""",0,IF(Q108>P108,1,0))","=SUM(L108,N108,P108)","=SUM(M108,O108,Q108)","=IF(K108=""Y"", 1, 0) + IF(AND(R108=1, S108=1, ISBLANK(P108), ISBLANK(Q108), T108=U108), 1, IF(AND(R108=1, S108=1, ISBLANK(P108), ISBLANK(Q108), T108>U108), 2, R108))","=IF(K108=""Y"", 1, 0) + IF(AND(R108=1, S108=1, ISBLANK(P108), ISBLANK(Q108), T108=U108), 1, IF(AND(R108=1, S108=1, ISBLANK(P108), ISBLANK(Q108), U108>T108), 2, S108))","=IF(K108<>""Y"", 0, IF(AND(R108=1, S108=1, ISBLANK(P108), ISBLANK(Q108), T108=U108), 2, 3))"
Tuesday,5,2026-06-23,7:00pm,"Courts 1–5","Line 4 (#4/#5)","Racquet Scientists","Easy Overhead","","",Y,,,,,,,"=IF(L109="""",0,IF(L109>M109,1,0))+IF(N109="""",0,IF(N109>O109,1,0))+IF(P109="""",0,IF(P109>Q109,1,0))","=IF(M109="""",0,IF(M109>L109,1,0))+IF(O109="""",0,IF(O109>N109,1,0))+IF(Q109="""",0,IF(Q109>P109,1,0))","=SUM(L109,N109,P109)","=SUM(M109,O109,Q109)","=IF(K109=""Y"", 1, 0) + IF(AND(R109=1, S109=1, ISBLANK(P109), ISBLANK(Q109), T109=U109), 1, IF(AND(R109=1, S109=1, ISBLANK(P109), ISBLANK(Q109), T109>U109), 2, R109))","=IF(K109=""Y"", 1, 0) + IF(AND(R109=1, S109=1, ISBLANK(P109), ISBLANK(Q109), T109=U109), 1, IF(AND(R109=1, S109=1, ISBLANK(P109), ISBLANK(Q109), U109>T109), 2, S109))","=IF(K109<>""Y"", 0, IF(AND(R109=1, S109=1, ISBLANK(P109), ISBLANK(Q109), T109=U109), 2, 3))"
Tuesday,5,2026-06-23,5:30pm,"Courts 1–5","Line 1 (#1/#2)","Rascals","Full Metal Racquet","","",Y,,,,,,,"=IF(L110="""",0,IF(L110>M110,1,0))+IF(N110="""",0,IF(N110>O110,1,0))+IF(P110="""",0,IF(P110>Q110,1,0))","=IF(M110="""",0,IF(M110>L110,1,0))+IF(O110="""",0,IF(O110>N110,1,0))+IF(Q110="""",0,IF(Q110>P110,1,0))","=SUM(L110,N110,P110)","=SUM(M110,O110,Q110)","=IF(K110=""Y"", 1, 0) + IF(AND(R110=1, S110=1, ISBLANK(P110), ISBLANK(Q110), T110=U110), 1, IF(AND(R110=1, S110=1, ISBLANK(P110), ISBLANK(Q110), T110>U110), 2, R110))","=IF(K110=""Y"", 1, 0) + IF(AND(R110=1, S110=1, ISBLANK(P110), ISBLANK(Q110), T110=U110), 1, IF(AND(R110=1, S110=1, ISBLANK(P110), ISBLANK(Q110), U110>T110), 2, S110))","=IF(K110<>""Y"", 0, IF(AND(R110=1, S110=1, ISBLANK(P110), ISBLANK(Q110), T110=U110), 2, 3))"
Tuesday,5,2026-06-23,5:30pm,"Courts 1–5","Line 2 (#3 Pair A)","Rascals","Full Metal Racquet","","",Y,,,,,,,"=IF(L111="""",0,IF(L111>M111,1,0))+IF(N111="""",0,IF(N111>O111,1,0))+IF(P111="""",0,IF(P111>Q111,1,0))","=IF(M111="""",0,IF(M111>L111,1,0))+IF(O111="""",0,IF(O111>N111,1,0))+IF(Q111="""",0,IF(Q111>P111,1,0))","=SUM(L111,N111,P111)","=SUM(M111,O111,Q111)","=IF(K111=""Y"", 1, 0) + IF(AND(R111=1, S111=1, ISBLANK(P111), ISBLANK(Q111), T111=U111), 1, IF(AND(R111=1, S111=1, ISBLANK(P111), ISBLANK(Q111), T111>U111), 2, R111))","=IF(K111=""Y"", 1, 0) + IF(AND(R111=1, S111=1, ISBLANK(P111), ISBLANK(Q111), T111=U111), 1, IF(AND(R111=1, S111=1, ISBLANK(P111), ISBLANK(Q111), U111>T111), 2, S111))","=IF(K111<>""Y"", 0, IF(AND(R111=1, S111=1, ISBLANK(P111), ISBLANK(Q111), T111=U111), 2, 3))"
Tuesday,5,2026-06-23,5:30pm,"Courts 1–5","Line 3 (#3 Pair B)","Rascals","Full Metal Racquet","","",Y,,,,,,,"=IF(L112="""",0,IF(L112>M112,1,0))+IF(N112="""",0,IF(N112>O112,1,0))+IF(P112="""",0,IF(P112>Q112,1,0))","=IF(M112="""",0,IF(M112>L112,1,0))+IF(O112="""",0,IF(O112>N112,1,0))+IF(Q112="""",0,IF(Q112>P112,1,0))","=SUM(L112,N112,P112)","=SUM(M112,O112,Q112)","=IF(K112=""Y"", 1, 0) + IF(AND(R112=1, S112=1, ISBLANK(P112), ISBLANK(Q112), T112=U112), 1, IF(AND(R112=1, S112=1, ISBLANK(P112), ISBLANK(Q112), T112>U112), 2, R112))","=IF(K112=""Y"", 1, 0) + IF(AND(R112=1, S112=1, ISBLANK(P112), ISBLANK(Q112), T112=U112), 1, IF(AND(R112=1, S112=1, ISBLANK(P112), ISBLANK(Q112), U112>T112), 2, S112))","=IF(K112<>""Y"", 0, IF(AND(R112=1, S112=1, ISBLANK(P112), ISBLANK(Q112), T112=U112), 2, 3))"
Tuesday,5,2026-06-23,5:30pm,"Courts 1–5","Line 4 (#4/#5)","Rascals","Full Metal Racquet","","",Y,,,,,,,"=IF(L113="""",0,IF(L113>M113,1,0))+IF(N113="""",0,IF(N113>O113,1,0))+IF(P113="""",0,IF(P113>Q113,1,0))","=IF(M113="""",0,IF(M113>L113,1,0))+IF(O113="""",0,IF(O113>N113,1,0))+IF(Q113="""",0,IF(Q113>P113,1,0))","=SUM(L113,N113,P113)","=SUM(M113,O113,Q113)","=IF(K113=""Y"", 1, 0) + IF(AND(R113=1, S113=1, ISBLANK(P113), ISBLANK(Q113), T113=U113), 1, IF(AND(R113=1, S113=1, ISBLANK(P113), ISBLANK(Q113), T113>U113), 2, R113))","=IF(K113=""Y"", 1, 0) + IF(AND(R113=1, S113=1, ISBLANK(P113), ISBLANK(Q113), T113=U113), 1, IF(AND(R113=1, S113=1, ISBLANK(P113), ISBLANK(Q113), U113>T113), 2, S113))","=IF(K113<>""Y"", 0, IF(AND(R113=1, S113=1, ISBLANK(P113), ISBLANK(Q113), T113=U113), 2, 3))"
Tuesday,5,2026-06-23,5:30pm,"Courts 6–9","Line 1 (#1/#2)","Good Ol' Boys","Jetsetters","","",Y,,,,,,,"=IF(L114="""",0,IF(L114>M114,1,0))+IF(N114="""",0,IF(N114>O114,1,0))+IF(P114="""",0,IF(P114>Q114,1,0))","=IF(M114="""",0,IF(M114>L114,1,0))+IF(O114="""",0,IF(O114>N114,1,0))+IF(Q114="""",0,IF(Q114>P114,1,0))","=SUM(L114,N114,P114)","=SUM(M114,O114,Q114)","=IF(K114=""Y"", 1, 0) + IF(AND(R114=1, S114=1, ISBLANK(P114), ISBLANK(Q114), T114=U114), 1, IF(AND(R114=1, S114=1, ISBLANK(P114), ISBLANK(Q114), T114>U114), 2, R114))","=IF(K114=""Y"", 1, 0) + IF(AND(R114=1, S114=1, ISBLANK(P114), ISBLANK(Q114), T114=U114), 1, IF(AND(R114=1, S114=1, ISBLANK(P114), ISBLANK(Q114), U114>T114), 2, S114))","=IF(K114<>""Y"", 0, IF(AND(R114=1, S114=1, ISBLANK(P114), ISBLANK(Q114), T114=U114), 2, 3))"
Tuesday,5,2026-06-23,5:30pm,"Courts 6–9","Line 2 (#3 Pair A)","Good Ol' Boys","Jetsetters","","",Y,,,,,,,"=IF(L115="""",0,IF(L115>M115,1,0))+IF(N115="""",0,IF(N115>O115,1,0))+IF(P115="""",0,IF(P115>Q115,1,0))","=IF(M115="""",0,IF(M115>L115,1,0))+IF(O115="""",0,IF(O115>N115,1,0))+IF(Q115="""",0,IF(Q115>P115,1,0))","=SUM(L115,N115,P115)","=SUM(M115,O115,Q115)","=IF(K115=""Y"", 1, 0) + IF(AND(R115=1, S115=1, ISBLANK(P115), ISBLANK(Q115), T115=U115), 1, IF(AND(R115=1, S115=1, ISBLANK(P115), ISBLANK(Q115), T115>U115), 2, R115))","=IF(K115=""Y"", 1, 0) + IF(AND(R115=1, S115=1, ISBLANK(P115), ISBLANK(Q115), T115=U115), 1, IF(AND(R115=1, S115=1, ISBLANK(P115), ISBLANK(Q115), U115>T115), 2, S115))","=IF(K115<>""Y"", 0, IF(AND(R115=1, S115=1, ISBLANK(P115), ISBLANK(Q115), T115=U115), 2, 3))"
Tuesday,5,2026-06-23,5:30pm,"Courts 6–9","Line 3 (#3 Pair B)","Good Ol' Boys","Jetsetters","","",Y,,,,,,,"=IF(L116="""",0,IF(L116>M116,1,0))+IF(N116="""",0,IF(N116>O116,1,0))+IF(P116="""",0,IF(P116>Q116,1,0))","=IF(M116="""",0,IF(M116>L116,1,0))+IF(O116="""",0,IF(O116>N116,1,0))+IF(Q116="""",0,IF(Q116>P116,1,0))","=SUM(L116,N116,P116)","=SUM(M116,O116,Q116)","=IF(K116=""Y"", 1, 0) + IF(AND(R116=1, S116=1, ISBLANK(P116), ISBLANK(Q116), T116=U116), 1, IF(AND(R116=1, S116=1, ISBLANK(P116), ISBLANK(Q116), T116>U116), 2, R116))","=IF(K116=""Y"", 1, 0) + IF(AND(R116=1, S116=1, ISBLANK(P116), ISBLANK(Q116), T116=U116), 1, IF(AND(R116=1, S116=1, ISBLANK(P116), ISBLANK(Q116), U116>T116), 2, S116))","=IF(K116<>""Y"", 0, IF(AND(R116=1, S116=1, ISBLANK(P116), ISBLANK(Q116), T116=U116), 2, 3))"
Tuesday,5,2026-06-23,5:30pm,"Courts 6–9","Line 4 (#4/#5)","Good Ol' Boys","Jetsetters","","",Y,,,,,,,"=IF(L117="""",0,IF(L117>M117,1,0))+IF(N117="""",0,IF(N117>O117,1,0))+IF(P117="""",0,IF(P117>Q117,1,0))","=IF(M117="""",0,IF(M117>L117,1,0))+IF(O117="""",0,IF(O117>N117,1,0))+IF(Q117="""",0,IF(Q117>P117,1,0))","=SUM(L117,N117,P117)","=SUM(M117,O117,Q117)","=IF(K117=""Y"", 1, 0) + IF(AND(R117=1, S117=1, ISBLANK(P117), ISBLANK(Q117), T117=U117), 1, IF(AND(R117=1, S117=1, ISBLANK(P117), ISBLANK(Q117), T117>U117), 2, R117))","=IF(K117=""Y"", 1, 0) + IF(AND(R117=1, S117=1, ISBLANK(P117), ISBLANK(Q117), T117=U117), 1, IF(AND(R117=1, S117=1, ISBLANK(P117), ISBLANK(Q117), U117>T117), 2, S117))","=IF(K117<>""Y"", 0, IF(AND(R117=1, S117=1, ISBLANK(P117), ISBLANK(Q117), T117=U117), 2, 3))"
Tuesday,5,2026-06-23,5:30pm,"Courts 10–13","Line 1 (#1/#2)","Return to Sender with Love","Bounce It","","",Y,,,,,,,"=IF(L118="""",0,IF(L118>M118,1,0))+IF(N118="""",0,IF(N118>O118,1,0))+IF(P118="""",0,IF(P118>Q118,1,0))","=IF(M118="""",0,IF(M118>L118,1,0))+IF(O118="""",0,IF(O118>N118,1,0))+IF(Q118="""",0,IF(Q118>P118,1,0))","=SUM(L118,N118,P118)","=SUM(M118,O118,Q118)","=IF(K118=""Y"", 1, 0) + IF(AND(R118=1, S118=1, ISBLANK(P118), ISBLANK(Q118), T118=U118), 1, IF(AND(R118=1, S118=1, ISBLANK(P118), ISBLANK(Q118), T118>U118), 2, R118))","=IF(K118=""Y"", 1, 0) + IF(AND(R118=1, S118=1, ISBLANK(P118), ISBLANK(Q118), T118=U118), 1, IF(AND(R118=1, S118=1, ISBLANK(P118), ISBLANK(Q118), U118>T118), 2, S118))","=IF(K118<>""Y"", 0, IF(AND(R118=1, S118=1, ISBLANK(P118), ISBLANK(Q118), T118=U118), 2, 3))"
Tuesday,5,2026-06-23,5:30pm,"Courts 10–13","Line 2 (#3 Pair A)","Return to Sender with Love","Bounce It","","",Y,,,,,,,"=IF(L119="""",0,IF(L119>M119,1,0))+IF(N119="""",0,IF(N119>O119,1,0))+IF(P119="""",0,IF(P119>Q119,1,0))","=IF(M119="""",0,IF(M119>L119,1,0))+IF(O119="""",0,IF(O119>N119,1,0))+IF(Q119="""",0,IF(Q119>P119,1,0))","=SUM(L119,N119,P119)","=SUM(M119,O119,Q119)","=IF(K119=""Y"", 1, 0) + IF(AND(R119=1, S119=1, ISBLANK(P119), ISBLANK(Q119), T119=U119), 1, IF(AND(R119=1, S119=1, ISBLANK(P119), ISBLANK(Q119), T119>U119), 2, R119))","=IF(K119=""Y"", 1, 0) + IF(AND(R119=1, S119=1, ISBLANK(P119), ISBLANK(Q119), T119=U119), 1, IF(AND(R119=1, S119=1, ISBLANK(P119), ISBLANK(Q119), U119>T119), 2, S119))","=IF(K119<>""Y"", 0, IF(AND(R119=1, S119=1, ISBLANK(P119), ISBLANK(Q119), T119=U119), 2, 3))"
Tuesday,5,2026-06-23,5:30pm,"Courts 10–13","Line 3 (#3 Pair B)","Return to Sender with Love","Bounce It","","",Y,,,,,,,"=IF(L120="""",0,IF(L120>M120,1,0))+IF(N120="""",0,IF(N120>O120,1,0))+IF(P120="""",0,IF(P120>Q120,1,0))","=IF(M120="""",0,IF(M120>L120,1,0))+IF(O120="""",0,IF(O120>N120,1,0))+IF(Q120="""",0,IF(Q120>P120,1,0))","=SUM(L120,N120,P120)","=SUM(M120,O120,Q120)","=IF(K120=""Y"", 1, 0) + IF(AND(R120=1, S120=1, ISBLANK(P120), ISBLANK(Q120), T120=U120), 1, IF(AND(R120=1, S120=1, ISBLANK(P120), ISBLANK(Q120), T120>U120), 2, R120))","=IF(K120=""Y"", 1, 0) + IF(AND(R120=1, S120=1, ISBLANK(P120), ISBLANK(Q120), T120=U120), 1, IF(AND(R120=1, S120=1, ISBLANK(P120), ISBLANK(Q120), U120>T120), 2, S120))","=IF(K120<>""Y"", 0, IF(AND(R120=1, S120=1, ISBLANK(P120), ISBLANK(Q120), T120=U120), 2, 3))"
Tuesday,5,2026-06-23,5:30pm,"Courts 10–13","Line 4 (#4/#5)","Return to Sender with Love","Bounce It","","",Y,,,,,,,"=IF(L121="""",0,IF(L121>M121,1,0))+IF(N121="""",0,IF(N121>O121,1,0))+IF(P121="""",0,IF(P121>Q121,1,0))","=IF(M121="""",0,IF(M121>L121,1,0))+IF(O121="""",0,IF(O121>N121,1,0))+IF(Q121="""",0,IF(Q121>P121,1,0))","=SUM(L121,N121,P121)","=SUM(M121,O121,Q121)","=IF(K121=""Y"", 1, 0) + IF(AND(R121=1, S121=1, ISBLANK(P121), ISBLANK(Q121), T121=U121), 1, IF(AND(R121=1, S121=1, ISBLANK(P121), ISBLANK(Q121), T121>U121), 2, R121))","=IF(K121=""Y"", 1, 0) + IF(AND(R121=1, S121=1, ISBLANK(P121), ISBLANK(Q121), T121=U121), 1, IF(AND(R121=1, S121=1, ISBLANK(P121), ISBLANK(Q121), U121>T121), 2, S121))","=IF(K121<>""Y"", 0, IF(AND(R121=1, S121=1, ISBLANK(P121), ISBLANK(Q121), T121=U121), 2, 3))"
Tuesday,6,2026-06-30,7:00pm,"Courts 6–9","Line 1 (#1/#2)","Spin Doctors","Good Ol' Boys","","",Y,,,,,,,"=IF(L122="""",0,IF(L122>M122,1,0))+IF(N122="""",0,IF(N122>O122,1,0))+IF(P122="""",0,IF(P122>Q122,1,0))","=IF(M122="""",0,IF(M122>L122,1,0))+IF(O122="""",0,IF(O122>N122,1,0))+IF(Q122="""",0,IF(Q122>P122,1,0))","=SUM(L122,N122,P122)","=SUM(M122,O122,Q122)","=IF(K122=""Y"", 1, 0) + IF(AND(R122=1, S122=1, ISBLANK(P122), ISBLANK(Q122), T122=U122), 1, IF(AND(R122=1, S122=1, ISBLANK(P122), ISBLANK(Q122), T122>U122), 2, R122))","=IF(K122=""Y"", 1, 0) + IF(AND(R122=1, S122=1, ISBLANK(P122), ISBLANK(Q122), T122=U122), 1, IF(AND(R122=1, S122=1, ISBLANK(P122), ISBLANK(Q122), U122>T122), 2, S122))","=IF(K122<>""Y"", 0, IF(AND(R122=1, S122=1, ISBLANK(P122), ISBLANK(Q122), T122=U122), 2, 3))"
Tuesday,6,2026-06-30,7:00pm,"Courts 6–9","Line 2 (#3 Pair A)","Spin Doctors","Good Ol' Boys","","",Y,,,,,,,"=IF(L123="""",0,IF(L123>M123,1,0))+IF(N123="""",0,IF(N123>O123,1,0))+IF(P123="""",0,IF(P123>Q123,1,0))","=IF(M123="""",0,IF(M123>L123,1,0))+IF(O123="""",0,IF(O123>N123,1,0))+IF(Q123="""",0,IF(Q123>P123,1,0))","=SUM(L123,N123,P123)","=SUM(M123,O123,Q123)","=IF(K123=""Y"", 1, 0) + IF(AND(R123=1, S123=1, ISBLANK(P123), ISBLANK(Q123), T123=U123), 1, IF(AND(R123=1, S123=1, ISBLANK(P123), ISBLANK(Q123), T123>U123), 2, R123))","=IF(K123=""Y"", 1, 0) + IF(AND(R123=1, S123=1, ISBLANK(P123), ISBLANK(Q123), T123=U123), 1, IF(AND(R123=1, S123=1, ISBLANK(P123), ISBLANK(Q123), U123>T123), 2, S123))","=IF(K123<>""Y"", 0, IF(AND(R123=1, S123=1, ISBLANK(P123), ISBLANK(Q123), T123=U123), 2, 3))"
Tuesday,6,2026-06-30,7:00pm,"Courts 6–9","Line 3 (#3 Pair B)","Spin Doctors","Good Ol' Boys","","",Y,,,,,,,"=IF(L124="""",0,IF(L124>M124,1,0))+IF(N124="""",0,IF(N124>O124,1,0))+IF(P124="""",0,IF(P124>Q124,1,0))","=IF(M124="""",0,IF(M124>L124,1,0))+IF(O124="""",0,IF(O124>N124,1,0))+IF(Q124="""",0,IF(Q124>P124,1,0))","=SUM(L124,N124,P124)","=SUM(M124,O124,Q124)","=IF(K124=""Y"", 1, 0) + IF(AND(R124=1, S124=1, ISBLANK(P124), ISBLANK(Q124), T124=U124), 1, IF(AND(R124=1, S124=1, ISBLANK(P124), ISBLANK(Q124), T124>U124), 2, R124))","=IF(K124=""Y"", 1, 0) + IF(AND(R124=1, S124=1, ISBLANK(P124), ISBLANK(Q124), T124=U124), 1, IF(AND(R124=1, S124=1, ISBLANK(P124), ISBLANK(Q124), U124>T124), 2, S124))","=IF(K124<>""Y"", 0, IF(AND(R124=1, S124=1, ISBLANK(P124), ISBLANK(Q124), T124=U124), 2, 3))"
Tuesday,6,2026-06-30,7:00pm,"Courts 6–9","Line 4 (#4/#5)","Spin Doctors","Good Ol' Boys","","",Y,,,,,,,"=IF(L125="""",0,IF(L125>M125,1,0))+IF(N125="""",0,IF(N125>O125,1,0))+IF(P125="""",0,IF(P125>Q125,1,0))","=IF(M125="""",0,IF(M125>L125,1,0))+IF(O125="""",0,IF(O125>N125,1,0))+IF(Q125="""",0,IF(Q125>P125,1,0))","=SUM(L125,N125,P125)","=SUM(M125,O125,Q125)","=IF(K125=""Y"", 1, 0) + IF(AND(R125=1, S125=1, ISBLANK(P125), ISBLANK(Q125), T125=U125), 1, IF(AND(R125=1, S125=1, ISBLANK(P125), ISBLANK(Q125), T125>U125), 2, R125))","=IF(K125=""Y"", 1, 0) + IF(AND(R125=1, S125=1, ISBLANK(P125), ISBLANK(Q125), T125=U125), 1, IF(AND(R125=1, S125=1, ISBLANK(P125), ISBLANK(Q125), U125>T125), 2, S125))","=IF(K125<>""Y"", 0, IF(AND(R125=1, S125=1, ISBLANK(P125), ISBLANK(Q125), T125=U125), 2, 3))"
Tuesday,6,2026-06-30,7:00pm,"Courts 1–5","Line 1 (#1/#2)","Return to Sender with Love","Rascals","","",Y,,,,,,,"=IF(L126="""",0,IF(L126>M126,1,0))+IF(N126="""",0,IF(N126>O126,1,0))+IF(P126="""",0,IF(P126>Q126,1,0))","=IF(M126="""",0,IF(M126>L126,1,0))+IF(O126="""",0,IF(O126>N126,1,0))+IF(Q126="""",0,IF(Q126>P126,1,0))","=SUM(L126,N126,P126)","=SUM(M126,O126,Q126)","=IF(K126=""Y"", 1, 0) + IF(AND(R126=1, S126=1, ISBLANK(P126), ISBLANK(Q126), T126=U126), 1, IF(AND(R126=1, S126=1, ISBLANK(P126), ISBLANK(Q126), T126>U126), 2, R126))","=IF(K126=""Y"", 1, 0) + IF(AND(R126=1, S126=1, ISBLANK(P126), ISBLANK(Q126), T126=U126), 1, IF(AND(R126=1, S126=1, ISBLANK(P126), ISBLANK(Q126), U126>T126), 2, S126))","=IF(K126<>""Y"", 0, IF(AND(R126=1, S126=1, ISBLANK(P126), ISBLANK(Q126), T126=U126), 2, 3))"
Tuesday,6,2026-06-30,7:00pm,"Courts 1–5","Line 2 (#3 Pair A)","Return to Sender with Love","Rascals","","",Y,,,,,,,"=IF(L127="""",0,IF(L127>M127,1,0))+IF(N127="""",0,IF(N127>O127,1,0))+IF(P127="""",0,IF(P127>Q127,1,0))","=IF(M127="""",0,IF(M127>L127,1,0))+IF(O127="""",0,IF(O127>N127,1,0))+IF(Q127="""",0,IF(Q127>P127,1,0))","=SUM(L127,N127,P127)","=SUM(M127,O127,Q127)","=IF(K127=""Y"", 1, 0) + IF(AND(R127=1, S127=1, ISBLANK(P127), ISBLANK(Q127), T127=U127), 1, IF(AND(R127=1, S127=1, ISBLANK(P127), ISBLANK(Q127), T127>U127), 2, R127))","=IF(K127=""Y"", 1, 0) + IF(AND(R127=1, S127=1, ISBLANK(P127), ISBLANK(Q127), T127=U127), 1, IF(AND(R127=1, S127=1, ISBLANK(P127), ISBLANK(Q127), U127>T127), 2, S127))","=IF(K127<>""Y"", 0, IF(AND(R127=1, S127=1, ISBLANK(P127), ISBLANK(Q127), T127=U127), 2, 3))"
Tuesday,6,2026-06-30,7:00pm,"Courts 1–5","Line 3 (#3 Pair B)","Return to Sender with Love","Rascals","","",Y,,,,,,,"=IF(L128="""",0,IF(L128>M128,1,0))+IF(N128="""",0,IF(N128>O128,1,0))+IF(P128="""",0,IF(P128>Q128,1,0))","=IF(M128="""",0,IF(M128>L128,1,0))+IF(O128="""",0,IF(O128>N128,1,0))+IF(Q128="""",0,IF(Q128>P128,1,0))","=SUM(L128,N128,P128)","=SUM(M128,O128,Q128)","=IF(K128=""Y"", 1, 0) + IF(AND(R128=1, S128=1, ISBLANK(P128), ISBLANK(Q128), T128=U128), 1, IF(AND(R128=1, S128=1, ISBLANK(P128), ISBLANK(Q128), T128>U128), 2, R128))","=IF(K128=""Y"", 1, 0) + IF(AND(R128=1, S128=1, ISBLANK(P128), ISBLANK(Q128), T128=U128), 1, IF(AND(R128=1, S128=1, ISBLANK(P128), ISBLANK(Q128), U128>T128), 2, S128))","=IF(K128<>""Y"", 0, IF(AND(R128=1, S128=1, ISBLANK(P128), ISBLANK(Q128), T128=U128), 2, 3))"
Tuesday,6,2026-06-30,7:00pm,"Courts 1–5","Line 4 (#4/#5)","Return to Sender with Love","Rascals","","",Y,,,,,,,"=IF(L129="""",0,IF(L129>M129,1,0))+IF(N129="""",0,IF(N129>O129,1,0))+IF(P129="""",0,IF(P129>Q129,1,0))","=IF(M129="""",0,IF(M129>L129,1,0))+IF(O129="""",0,IF(O129>N129,1,0))+IF(Q129="""",0,IF(Q129>P129,1,0))","=SUM(L129,N129,P129)","=SUM(M129,O129,Q129)","=IF(K129=""Y"", 1, 0) + IF(AND(R129=1, S129=1, ISBLANK(P129), ISBLANK(Q129), T129=U129), 1, IF(AND(R129=1, S129=1, ISBLANK(P129), ISBLANK(Q129), T129>U129), 2, R129))","=IF(K129=""Y"", 1, 0) + IF(AND(R129=1, S129=1, ISBLANK(P129), ISBLANK(Q129), T129=U129), 1, IF(AND(R129=1, S129=1, ISBLANK(P129), ISBLANK(Q129), U129>T129), 2, S129))","=IF(K129<>""Y"", 0, IF(AND(R129=1, S129=1, ISBLANK(P129), ISBLANK(Q129), T129=U129), 2, 3))"
Tuesday,6,2026-06-30,5:30pm,"Courts 1–5","Line 1 (#1/#2)","Bounce It","Racquet Scientists","","",Y,,,,,,,"=IF(L130="""",0,IF(L130>M130,1,0))+IF(N130="""",0,IF(N130>O130,1,0))+IF(P130="""",0,IF(P130>Q130,1,0))","=IF(M130="""",0,IF(M130>L130,1,0))+IF(O130="""",0,IF(O130>N130,1,0))+IF(Q130="""",0,IF(Q130>P130,1,0))","=SUM(L130,N130,P130)","=SUM(M130,O130,Q130)","=IF(K130=""Y"", 1, 0) + IF(AND(R130=1, S130=1, ISBLANK(P130), ISBLANK(Q130), T130=U130), 1, IF(AND(R130=1, S130=1, ISBLANK(P130), ISBLANK(Q130), T130>U130), 2, R130))","=IF(K130=""Y"", 1, 0) + IF(AND(R130=1, S130=1, ISBLANK(P130), ISBLANK(Q130), T130=U130), 1, IF(AND(R130=1, S130=1, ISBLANK(P130), ISBLANK(Q130), U130>T130), 2, S130))","=IF(K130<>""Y"", 0, IF(AND(R130=1, S130=1, ISBLANK(P130), ISBLANK(Q130), T130=U130), 2, 3))"
Tuesday,6,2026-06-30,5:30pm,"Courts 1–5","Line 2 (#3 Pair A)","Bounce It","Racquet Scientists","","",Y,,,,,,,"=IF(L131="""",0,IF(L131>M131,1,0))+IF(N131="""",0,IF(N131>O131,1,0))+IF(P131="""",0,IF(P131>Q131,1,0))","=IF(M131="""",0,IF(M131>L131,1,0))+IF(O131="""",0,IF(O131>N131,1,0))+IF(Q131="""",0,IF(Q131>P131,1,0))","=SUM(L131,N131,P131)","=SUM(M131,O131,Q131)","=IF(K131=""Y"", 1, 0) + IF(AND(R131=1, S131=1, ISBLANK(P131), ISBLANK(Q131), T131=U131), 1, IF(AND(R131=1, S131=1, ISBLANK(P131), ISBLANK(Q131), T131>U131), 2, R131))","=IF(K131=""Y"", 1, 0) + IF(AND(R131=1, S131=1, ISBLANK(P131), ISBLANK(Q131), T131=U131), 1, IF(AND(R131=1, S131=1, ISBLANK(P131), ISBLANK(Q131), U131>T131), 2, S131))","=IF(K131<>""Y"", 0, IF(AND(R131=1, S131=1, ISBLANK(P131), ISBLANK(Q131), T131=U131), 2, 3))"
Tuesday,6,2026-06-30,5:30pm,"Courts 1–5","Line 3 (#3 Pair B)","Bounce It","Racquet Scientists","","",Y,,,,,,,"=IF(L132="""",0,IF(L132>M132,1,0))+IF(N132="""",0,IF(N132>O132,1,0))+IF(P132="""",0,IF(P132>Q132,1,0))","=IF(M132="""",0,IF(M132>L132,1,0))+IF(O132="""",0,IF(O132>N132,1,0))+IF(Q132="""",0,IF(Q132>P132,1,0))","=SUM(L132,N132,P132)","=SUM(M132,O132,Q132)","=IF(K132=""Y"", 1, 0) + IF(AND(R132=1, S132=1, ISBLANK(P132), ISBLANK(Q132), T132=U132), 1, IF(AND(R132=1, S132=1, ISBLANK(P132), ISBLANK(Q132), T132>U132), 2, R132))","=IF(K132=""Y"", 1, 0) + IF(AND(R132=1, S132=1, ISBLANK(P132), ISBLANK(Q132), T132=U132), 1, IF(AND(R132=1, S132=1, ISBLANK(P132), ISBLANK(Q132), U132>T132), 2, S132))","=IF(K132<>""Y"", 0, IF(AND(R132=1, S132=1, ISBLANK(P132), ISBLANK(Q132), T132=U132), 2, 3))"
Tuesday,6,2026-06-30,5:30pm,"Courts 1–5","Line 4 (#4/#5)","Bounce It","Racquet Scientists","","",Y,,,,,,,"=IF(L133="""",0,IF(L133>M133,1,0))+IF(N133="""",0,IF(N133>O133,1,0))+IF(P133="""",0,IF(P133>Q133,1,0))","=IF(M133="""",0,IF(M133>L133,1,0))+IF(O133="""",0,IF(O133>N133,1,0))+IF(Q133="""",0,IF(Q133>P133,1,0))","=SUM(L133,N133,P133)","=SUM(M133,O133,Q133)","=IF(K133=""Y"", 1, 0) + IF(AND(R133=1, S133=1, ISBLANK(P133), ISBLANK(Q133), T133=U133), 1, IF(AND(R133=1, S133=1, ISBLANK(P133), ISBLANK(Q133), T133>U133), 2, R133))","=IF(K133=""Y"", 1, 0) + IF(AND(R133=1, S133=1, ISBLANK(P133), ISBLANK(Q133), T133=U133), 1, IF(AND(R133=1, S133=1, ISBLANK(P133), ISBLANK(Q133), U133>T133), 2, S133))","=IF(K133<>""Y"", 0, IF(AND(R133=1, S133=1, ISBLANK(P133), ISBLANK(Q133), T133=U133), 2, 3))"
Tuesday,6,2026-06-30,5:30pm,"Courts 10–13","Line 1 (#1/#2)","Approach Shots","Jetsetters","","",Y,,,,,,,"=IF(L134="""",0,IF(L134>M134,1,0))+IF(N134="""",0,IF(N134>O134,1,0))+IF(P134="""",0,IF(P134>Q134,1,0))","=IF(M134="""",0,IF(M134>L134,1,0))+IF(O134="""",0,IF(O134>N134,1,0))+IF(Q134="""",0,IF(Q134>P134,1,0))","=SUM(L134,N134,P134)","=SUM(M134,O134,Q134)","=IF(K134=""Y"", 1, 0) + IF(AND(R134=1, S134=1, ISBLANK(P134), ISBLANK(Q134), T134=U134), 1, IF(AND(R134=1, S134=1, ISBLANK(P134), ISBLANK(Q134), T134>U134), 2, R134))","=IF(K134=""Y"", 1, 0) + IF(AND(R134=1, S134=1, ISBLANK(P134), ISBLANK(Q134), T134=U134), 1, IF(AND(R134=1, S134=1, ISBLANK(P134), ISBLANK(Q134), U134>T134), 2, S134))","=IF(K134<>""Y"", 0, IF(AND(R134=1, S134=1, ISBLANK(P134), ISBLANK(Q134), T134=U134), 2, 3))"
Tuesday,6,2026-06-30,5:30pm,"Courts 10–13","Line 2 (#3 Pair A)","Approach Shots","Jetsetters","","",Y,,,,,,,"=IF(L135="""",0,IF(L135>M135,1,0))+IF(N135="""",0,IF(N135>O135,1,0))+IF(P135="""",0,IF(P135>Q135,1,0))","=IF(M135="""",0,IF(M135>L135,1,0))+IF(O135="""",0,IF(O135>N135,1,0))+IF(Q135="""",0,IF(Q135>P135,1,0))","=SUM(L135,N135,P135)","=SUM(M135,O135,Q135)","=IF(K135=""Y"", 1, 0) + IF(AND(R135=1, S135=1, ISBLANK(P135), ISBLANK(Q135), T135=U135), 1, IF(AND(R135=1, S135=1, ISBLANK(P135), ISBLANK(Q135), T135>U135), 2, R135))","=IF(K135=""Y"", 1, 0) + IF(AND(R135=1, S135=1, ISBLANK(P135), ISBLANK(Q135), T135=U135), 1, IF(AND(R135=1, S135=1, ISBLANK(P135), ISBLANK(Q135), U135>T135), 2, S135))","=IF(K135<>""Y"", 0, IF(AND(R135=1, S135=1, ISBLANK(P135), ISBLANK(Q135), T135=U135), 2, 3))"
Tuesday,6,2026-06-30,5:30pm,"Courts 10–13","Line 3 (#3 Pair B)","Approach Shots","Jetsetters","","",Y,,,,,,,"=IF(L136="""",0,IF(L136>M136,1,0))+IF(N136="""",0,IF(N136>O136,1,0))+IF(P136="""",0,IF(P136>Q136,1,0))","=IF(M136="""",0,IF(M136>L136,1,0))+IF(O136="""",0,IF(O136>N136,1,0))+IF(Q136="""",0,IF(Q136>P136,1,0))","=SUM(L136,N136,P136)","=SUM(M136,O136,Q136)","=IF(K136=""Y"", 1, 0) + IF(AND(R136=1, S136=1, ISBLANK(P136), ISBLANK(Q136), T136=U136), 1, IF(AND(R136=1, S136=1, ISBLANK(P136), ISBLANK(Q136), T136>U136), 2, R136))","=IF(K136=""Y"", 1, 0) + IF(AND(R136=1, S136=1, ISBLANK(P136), ISBLANK(Q136), T136=U136), 1, IF(AND(R136=1, S136=1, ISBLANK(P136), ISBLANK(Q136), U136>T136), 2, S136))","=IF(K136<>""Y"", 0, IF(AND(R136=1, S136=1, ISBLANK(P136), ISBLANK(Q136), T136=U136), 2, 3))"
Tuesday,6,2026-06-30,5:30pm,"Courts 10–13","Line 4 (#4/#5)","Approach Shots","Jetsetters","","",Y,,,,,,,"=IF(L137="""",0,IF(L137>M137,1,0))+IF(N137="""",0,IF(N137>O137,1,0))+IF(P137="""",0,IF(P137>Q137,1,0))","=IF(M137="""",0,IF(M137>L137,1,0))+IF(O137="""",0,IF(O137>N137,1,0))+IF(Q137="""",0,IF(Q137>P137,1,0))","=SUM(L137,N137,P137)","=SUM(M137,O137,Q137)","=IF(K137=""Y"", 1, 0) + IF(AND(R137=1, S137=1, ISBLANK(P137), ISBLANK(Q137), T137=U137), 1, IF(AND(R137=1, S137=1, ISBLANK(P137), ISBLANK(Q137), T137>U137), 2, R137))","=IF(K137=""Y"", 1, 0) + IF(AND(R137=1, S137=1, ISBLANK(P137), ISBLANK(Q137), T137=U137), 1, IF(AND(R137=1, S137=1, ISBLANK(P137), ISBLANK(Q137), U137>T137), 2, S137))","=IF(K137<>""Y"", 0, IF(AND(R137=1, S137=1, ISBLANK(P137), ISBLANK(Q137), T137=U137), 2, 3))"
Tuesday,6,2026-06-30,5:30pm,"Courts 6–9","Line 1 (#1/#2)","Full Metal Racquet","Herons","","",Y,,,,,,,"=IF(L138="""",0,IF(L138>M138,1,0))+IF(N138="""",0,IF(N138>O138,1,0))+IF(P138="""",0,IF(P138>Q138,1,0))","=IF(M138="""",0,IF(M138>L138,1,0))+IF(O138="""",0,IF(O138>N138,1,0))+IF(Q138="""",0,IF(Q138>P138,1,0))","=SUM(L138,N138,P138)","=SUM(M138,O138,Q138)","=IF(K138=""Y"", 1, 0) + IF(AND(R138=1, S138=1, ISBLANK(P138), ISBLANK(Q138), T138=U138), 1, IF(AND(R138=1, S138=1, ISBLANK(P138), ISBLANK(Q138), T138>U138), 2, R138))","=IF(K138=""Y"", 1, 0) + IF(AND(R138=1, S138=1, ISBLANK(P138), ISBLANK(Q138), T138=U138), 1, IF(AND(R138=1, S138=1, ISBLANK(P138), ISBLANK(Q138), U138>T138), 2, S138))","=IF(K138<>""Y"", 0, IF(AND(R138=1, S138=1, ISBLANK(P138), ISBLANK(Q138), T138=U138), 2, 3))"
Tuesday,6,2026-06-30,5:30pm,"Courts 6–9","Line 2 (#3 Pair A)","Full Metal Racquet","Herons","","",Y,,,,,,,"=IF(L139="""",0,IF(L139>M139,1,0))+IF(N139="""",0,IF(N139>O139,1,0))+IF(P139="""",0,IF(P139>Q139,1,0))","=IF(M139="""",0,IF(M139>L139,1,0))+IF(O139="""",0,IF(O139>N139,1,0))+IF(Q139="""",0,IF(Q139>P139,1,0))","=SUM(L139,N139,P139)","=SUM(M139,O139,Q139)","=IF(K139=""Y"", 1, 0) + IF(AND(R139=1, S139=1, ISBLANK(P139), ISBLANK(Q139), T139=U139), 1, IF(AND(R139=1, S139=1, ISBLANK(P139), ISBLANK(Q139), T139>U139), 2, R139))","=IF(K139=""Y"", 1, 0) + IF(AND(R139=1, S139=1, ISBLANK(P139), ISBLANK(Q139), T139=U139), 1, IF(AND(R139=1, S139=1, ISBLANK(P139), ISBLANK(Q139), U139>T139), 2, S139))","=IF(K139<>""Y"", 0, IF(AND(R139=1, S139=1, ISBLANK(P139), ISBLANK(Q139), T139=U139), 2, 3))"
Tuesday,6,2026-06-30,5:30pm,"Courts 6–9","Line 3 (#3 Pair B)","Full Metal Racquet","Herons","","",Y,,,,,,,"=IF(L140="""",0,IF(L140>M140,1,0))+IF(N140="""",0,IF(N140>O140,1,0))+IF(P140="""",0,IF(P140>Q140,1,0))","=IF(M140="""",0,IF(M140>L140,1,0))+IF(O140="""",0,IF(O140>N140,1,0))+IF(Q140="""",0,IF(Q140>P140,1,0))","=SUM(L140,N140,P140)","=SUM(M140,O140,Q140)","=IF(K140=""Y"", 1, 0) + IF(AND(R140=1, S140=1, ISBLANK(P140), ISBLANK(Q140), T140=U140), 1, IF(AND(R140=1, S140=1, ISBLANK(P140), ISBLANK(Q140), T140>U140), 2, R140))","=IF(K140=""Y"", 1, 0) + IF(AND(R140=1, S140=1, ISBLANK(P140), ISBLANK(Q140), T140=U140), 1, IF(AND(R140=1, S140=1, ISBLANK(P140), ISBLANK(Q140), U140>T140), 2, S140))","=IF(K140<>""Y"", 0, IF(AND(R140=1, S140=1, ISBLANK(P140), ISBLANK(Q140), T140=U140), 2, 3))"
Tuesday,6,2026-06-30,5:30pm,"Courts 6–9","Line 4 (#4/#5)","Full Metal Racquet","Herons","","",Y,,,,,,,"=IF(L141="""",0,IF(L141>M141,1,0))+IF(N141="""",0,IF(N141>O141,1,0))+IF(P141="""",0,IF(P141>Q141,1,0))","=IF(M141="""",0,IF(M141>L141,1,0))+IF(O141="""",0,IF(O141>N141,1,0))+IF(Q141="""",0,IF(Q141>P141,1,0))","=SUM(L141,N141,P141)","=SUM(M141,O141,Q141)","=IF(K141=""Y"", 1, 0) + IF(AND(R141=1, S141=1, ISBLANK(P141), ISBLANK(Q141), T141=U141), 1, IF(AND(R141=1, S141=1, ISBLANK(P141), ISBLANK(Q141), T141>U141), 2, R141))","=IF(K141=""Y"", 1, 0) + IF(AND(R141=1, S141=1, ISBLANK(P141), ISBLANK(Q141), T141=U141), 1, IF(AND(R141=1, S141=1, ISBLANK(P141), ISBLANK(Q141), U141>T141), 2, S141))","=IF(K141<>""Y"", 0, IF(AND(R141=1, S141=1, ISBLANK(P141), ISBLANK(Q141), T141=U141), 2, 3))"
Tuesday,6,2026-06-30,7:00pm,"Courts 10–13","Line 1 (#1/#2)","Easy Overhead","Subs","","",Y,,,,,,,"=IF(L142="""",0,IF(L142>M142,1,0))+IF(N142="""",0,IF(N142>O142,1,0))+IF(P142="""",0,IF(P142>Q142,1,0))","=IF(M142="""",0,IF(M142>L142,1,0))+IF(O142="""",0,IF(O142>N142,1,0))+IF(Q142="""",0,IF(Q142>P142,1,0))","=SUM(L142,N142,P142)","=SUM(M142,O142,Q142)","=IF(K142=""Y"", 1, 0) + IF(AND(R142=1, S142=1, ISBLANK(P142), ISBLANK(Q142), T142=U142), 1, IF(AND(R142=1, S142=1, ISBLANK(P142), ISBLANK(Q142), T142>U142), 2, R142))","=IF(K142=""Y"", 1, 0) + IF(AND(R142=1, S142=1, ISBLANK(P142), ISBLANK(Q142), T142=U142), 1, IF(AND(R142=1, S142=1, ISBLANK(P142), ISBLANK(Q142), U142>T142), 2, S142))","=IF(K142<>""Y"", 0, IF(AND(R142=1, S142=1, ISBLANK(P142), ISBLANK(Q142), T142=U142), 2, 3))"
Tuesday,6,2026-06-30,7:00pm,"Courts 10–13","Line 2 (#3 Pair A)","Easy Overhead","Subs","","",Y,,,,,,,"=IF(L143="""",0,IF(L143>M143,1,0))+IF(N143="""",0,IF(N143>O143,1,0))+IF(P143="""",0,IF(P143>Q143,1,0))","=IF(M143="""",0,IF(M143>L143,1,0))+IF(O143="""",0,IF(O143>N143,1,0))+IF(Q143="""",0,IF(Q143>P143,1,0))","=SUM(L143,N143,P143)","=SUM(M143,O143,Q143)","=IF(K143=""Y"", 1, 0) + IF(AND(R143=1, S143=1, ISBLANK(P143), ISBLANK(Q143), T143=U143), 1, IF(AND(R143=1, S143=1, ISBLANK(P143), ISBLANK(Q143), T143>U143), 2, R143))","=IF(K143=""Y"", 1, 0) + IF(AND(R143=1, S143=1, ISBLANK(P143), ISBLANK(Q143), T143=U143), 1, IF(AND(R143=1, S143=1, ISBLANK(P143), ISBLANK(Q143), U143>T143), 2, S143))","=IF(K143<>""Y"", 0, IF(AND(R143=1, S143=1, ISBLANK(P143), ISBLANK(Q143), T143=U143), 2, 3))"
Tuesday,6,2026-06-30,7:00pm,"Courts 10–13","Line 3 (#3 Pair B)","Easy Overhead","Subs","","",Y,,,,,,,"=IF(L144="""",0,IF(L144>M144,1,0))+IF(N144="""",0,IF(N144>O144,1,0))+IF(P144="""",0,IF(P144>Q144,1,0))","=IF(M144="""",0,IF(M144>L144,1,0))+IF(O144="""",0,IF(O144>N144,1,0))+IF(Q144="""",0,IF(Q144>P144,1,0))","=SUM(L144,N144,P144)","=SUM(M144,O144,Q144)","=IF(K144=""Y"", 1, 0) + IF(AND(R144=1, S144=1, ISBLANK(P144), ISBLANK(Q144), T144=U144), 1, IF(AND(R144=1, S144=1, ISBLANK(P144), ISBLANK(Q144), T144>U144), 2, R144))","=IF(K144=""Y"", 1, 0) + IF(AND(R144=1, S144=1, ISBLANK(P144), ISBLANK(Q144), T144=U144), 1, IF(AND(R144=1, S144=1, ISBLANK(P144), ISBLANK(Q144), U144>T144), 2, S144))","=IF(K144<>""Y"", 0, IF(AND(R144=1, S144=1, ISBLANK(P144), ISBLANK(Q144), T144=U144), 2, 3))"
Tuesday,6,2026-06-30,7:00pm,"Courts 10–13","Line 4 (#4/#5)","Easy Overhead","Subs","","",Y,,,,,,,"=IF(L145="""",0,IF(L145>M145,1,0))+IF(N145="""",0,IF(N145>O145,1,0))+IF(P145="""",0,IF(P145>Q145,1,0))","=IF(M145="""",0,IF(M145>L145,1,0))+IF(O145="""",0,IF(O145>N145,1,0))+IF(Q145="""",0,IF(Q145>P145,1,0))","=SUM(L145,N145,P145)","=SUM(M145,O145,Q145)","=IF(K145=""Y"", 1, 0) + IF(AND(R145=1, S145=1, ISBLANK(P145), ISBLANK(Q145), T145=U145), 1, IF(AND(R145=1, S145=1, ISBLANK(P145), ISBLANK(Q145), T145>U145), 2, R145))","=IF(K145=""Y"", 1, 0) + IF(AND(R145=1, S145=1, ISBLANK(P145), ISBLANK(Q145), T145=U145), 1, IF(AND(R145=1, S145=1, ISBLANK(P145), ISBLANK(Q145), U145>T145), 2, S145))","=IF(K145<>""Y"", 0, IF(AND(R145=1, S145=1, ISBLANK(P145), ISBLANK(Q145), T145=U145), 2, 3))"
Tuesday,7,2026-07-07,5:30pm,"Courts 6–9","Line 1 (#1/#2)","Rascals","Spin Doctors","","",Y,,,,,,,"=IF(L146="""",0,IF(L146>M146,1,0))+IF(N146="""",0,IF(N146>O146,1,0))+IF(P146="""",0,IF(P146>Q146,1,0))","=IF(M146="""",0,IF(M146>L146,1,0))+IF(O146="""",0,IF(O146>N146,1,0))+IF(Q146="""",0,IF(Q146>P146,1,0))","=SUM(L146,N146,P146)","=SUM(M146,O146,Q146)","=IF(K146=""Y"", 1, 0) + IF(AND(R146=1, S146=1, ISBLANK(P146), ISBLANK(Q146), T146=U146), 1, IF(AND(R146=1, S146=1, ISBLANK(P146), ISBLANK(Q146), T146>U146), 2, R146))","=IF(K146=""Y"", 1, 0) + IF(AND(R146=1, S146=1, ISBLANK(P146), ISBLANK(Q146), T146=U146), 1, IF(AND(R146=1, S146=1, ISBLANK(P146), ISBLANK(Q146), U146>T146), 2, S146))","=IF(K146<>""Y"", 0, IF(AND(R146=1, S146=1, ISBLANK(P146), ISBLANK(Q146), T146=U146), 2, 3))"
Tuesday,7,2026-07-07,5:30pm,"Courts 6–9","Line 2 (#3 Pair A)","Rascals","Spin Doctors","","",Y,,,,,,,"=IF(L147="""",0,IF(L147>M147,1,0))+IF(N147="""",0,IF(N147>O147,1,0))+IF(P147="""",0,IF(P147>Q147,1,0))","=IF(M147="""",0,IF(M147>L147,1,0))+IF(O147="""",0,IF(O147>N147,1,0))+IF(Q147="""",0,IF(Q147>P147,1,0))","=SUM(L147,N147,P147)","=SUM(M147,O147,Q147)","=IF(K147=""Y"", 1, 0) + IF(AND(R147=1, S147=1, ISBLANK(P147), ISBLANK(Q147), T147=U147), 1, IF(AND(R147=1, S147=1, ISBLANK(P147), ISBLANK(Q147), T147>U147), 2, R147))","=IF(K147=""Y"", 1, 0) + IF(AND(R147=1, S147=1, ISBLANK(P147), ISBLANK(Q147), T147=U147), 1, IF(AND(R147=1, S147=1, ISBLANK(P147), ISBLANK(Q147), U147>T147), 2, S147))","=IF(K147<>""Y"", 0, IF(AND(R147=1, S147=1, ISBLANK(P147), ISBLANK(Q147), T147=U147), 2, 3))"
Tuesday,7,2026-07-07,5:30pm,"Courts 6–9","Line 3 (#3 Pair B)","Rascals","Spin Doctors","","",Y,,,,,,,"=IF(L148="""",0,IF(L148>M148,1,0))+IF(N148="""",0,IF(N148>O148,1,0))+IF(P148="""",0,IF(P148>Q148,1,0))","=IF(M148="""",0,IF(M148>L148,1,0))+IF(O148="""",0,IF(O148>N148,1,0))+IF(Q148="""",0,IF(Q148>P148,1,0))","=SUM(L148,N148,P148)","=SUM(M148,O148,Q148)","=IF(K148=""Y"", 1, 0) + IF(AND(R148=1, S148=1, ISBLANK(P148), ISBLANK(Q148), T148=U148), 1, IF(AND(R148=1, S148=1, ISBLANK(P148), ISBLANK(Q148), T148>U148), 2, R148))","=IF(K148=""Y"", 1, 0) + IF(AND(R148=1, S148=1, ISBLANK(P148), ISBLANK(Q148), T148=U148), 1, IF(AND(R148=1, S148=1, ISBLANK(P148), ISBLANK(Q148), U148>T148), 2, S148))","=IF(K148<>""Y"", 0, IF(AND(R148=1, S148=1, ISBLANK(P148), ISBLANK(Q148), T148=U148), 2, 3))"
Tuesday,7,2026-07-07,5:30pm,"Courts 6–9","Line 4 (#4/#5)","Rascals","Spin Doctors","","",Y,,,,,,,"=IF(L149="""",0,IF(L149>M149,1,0))+IF(N149="""",0,IF(N149>O149,1,0))+IF(P149="""",0,IF(P149>Q149,1,0))","=IF(M149="""",0,IF(M149>L149,1,0))+IF(O149="""",0,IF(O149>N149,1,0))+IF(Q149="""",0,IF(Q149>P149,1,0))","=SUM(L149,N149,P149)","=SUM(M149,O149,Q149)","=IF(K149=""Y"", 1, 0) + IF(AND(R149=1, S149=1, ISBLANK(P149), ISBLANK(Q149), T149=U149), 1, IF(AND(R149=1, S149=1, ISBLANK(P149), ISBLANK(Q149), T149>U149), 2, R149))","=IF(K149=""Y"", 1, 0) + IF(AND(R149=1, S149=1, ISBLANK(P149), ISBLANK(Q149), T149=U149), 1, IF(AND(R149=1, S149=1, ISBLANK(P149), ISBLANK(Q149), U149>T149), 2, S149))","=IF(K149<>""Y"", 0, IF(AND(R149=1, S149=1, ISBLANK(P149), ISBLANK(Q149), T149=U149), 2, 3))"
Tuesday,7,2026-07-07,5:30pm,"Courts 10–13","Line 1 (#1/#2)","Good Ol' Boys","Racquet Scientists","","",Y,,,,,,,"=IF(L150="""",0,IF(L150>M150,1,0))+IF(N150="""",0,IF(N150>O150,1,0))+IF(P150="""",0,IF(P150>Q150,1,0))","=IF(M150="""",0,IF(M150>L150,1,0))+IF(O150="""",0,IF(O150>N150,1,0))+IF(Q150="""",0,IF(Q150>P150,1,0))","=SUM(L150,N150,P150)","=SUM(M150,O150,Q150)","=IF(K150=""Y"", 1, 0) + IF(AND(R150=1, S150=1, ISBLANK(P150), ISBLANK(Q150), T150=U150), 1, IF(AND(R150=1, S150=1, ISBLANK(P150), ISBLANK(Q150), T150>U150), 2, R150))","=IF(K150=""Y"", 1, 0) + IF(AND(R150=1, S150=1, ISBLANK(P150), ISBLANK(Q150), T150=U150), 1, IF(AND(R150=1, S150=1, ISBLANK(P150), ISBLANK(Q150), U150>T150), 2, S150))","=IF(K150<>""Y"", 0, IF(AND(R150=1, S150=1, ISBLANK(P150), ISBLANK(Q150), T150=U150), 2, 3))"
Tuesday,7,2026-07-07,5:30pm,"Courts 10–13","Line 2 (#3 Pair A)","Good Ol' Boys","Racquet Scientists","","",Y,,,,,,,"=IF(L151="""",0,IF(L151>M151,1,0))+IF(N151="""",0,IF(N151>O151,1,0))+IF(P151="""",0,IF(P151>Q151,1,0))","=IF(M151="""",0,IF(M151>L151,1,0))+IF(O151="""",0,IF(O151>N151,1,0))+IF(Q151="""",0,IF(Q151>P151,1,0))","=SUM(L151,N151,P151)","=SUM(M151,O151,Q151)","=IF(K151=""Y"", 1, 0) + IF(AND(R151=1, S151=1, ISBLANK(P151), ISBLANK(Q151), T151=U151), 1, IF(AND(R151=1, S151=1, ISBLANK(P151), ISBLANK(Q151), T151>U151), 2, R151))","=IF(K151=""Y"", 1, 0) + IF(AND(R151=1, S151=1, ISBLANK(P151), ISBLANK(Q151), T151=U151), 1, IF(AND(R151=1, S151=1, ISBLANK(P151), ISBLANK(Q151), U151>T151), 2, S151))","=IF(K151<>""Y"", 0, IF(AND(R151=1, S151=1, ISBLANK(P151), ISBLANK(Q151), T151=U151), 2, 3))"
Tuesday,7,2026-07-07,5:30pm,"Courts 10–13","Line 3 (#3 Pair B)","Good Ol' Boys","Racquet Scientists","","",Y,,,,,,,"=IF(L152="""",0,IF(L152>M152,1,0))+IF(N152="""",0,IF(N152>O152,1,0))+IF(P152="""",0,IF(P152>Q152,1,0))","=IF(M152="""",0,IF(M152>L152,1,0))+IF(O152="""",0,IF(O152>N152,1,0))+IF(Q152="""",0,IF(Q152>P152,1,0))","=SUM(L152,N152,P152)","=SUM(M152,O152,Q152)","=IF(K152=""Y"", 1, 0) + IF(AND(R152=1, S152=1, ISBLANK(P152), ISBLANK(Q152), T152=U152), 1, IF(AND(R152=1, S152=1, ISBLANK(P152), ISBLANK(Q152), T152>U152), 2, R152))","=IF(K152=""Y"", 1, 0) + IF(AND(R152=1, S152=1, ISBLANK(P152), ISBLANK(Q152), T152=U152), 1, IF(AND(R152=1, S152=1, ISBLANK(P152), ISBLANK(Q152), U152>T152), 2, S152))","=IF(K152<>""Y"", 0, IF(AND(R152=1, S152=1, ISBLANK(P152), ISBLANK(Q152), T152=U152), 2, 3))"
Tuesday,7,2026-07-07,5:30pm,"Courts 10–13","Line 4 (#4/#5)","Good Ol' Boys","Racquet Scientists","","",Y,,,,,,,"=IF(L153="""",0,IF(L153>M153,1,0))+IF(N153="""",0,IF(N153>O153,1,0))+IF(P153="""",0,IF(P153>Q153,1,0))","=IF(M153="""",0,IF(M153>L153,1,0))+IF(O153="""",0,IF(O153>N153,1,0))+IF(Q153="""",0,IF(Q153>P153,1,0))","=SUM(L153,N153,P153)","=SUM(M153,O153,Q153)","=IF(K153=""Y"", 1, 0) + IF(AND(R153=1, S153=1, ISBLANK(P153), ISBLANK(Q153), T153=U153), 1, IF(AND(R153=1, S153=1, ISBLANK(P153), ISBLANK(Q153), T153>U153), 2, R153))","=IF(K153=""Y"", 1, 0) + IF(AND(R153=1, S153=1, ISBLANK(P153), ISBLANK(Q153), T153=U153), 1, IF(AND(R153=1, S153=1, ISBLANK(P153), ISBLANK(Q153), U153>T153), 2, S153))","=IF(K153<>""Y"", 0, IF(AND(R153=1, S153=1, ISBLANK(P153), ISBLANK(Q153), T153=U153), 2, 3))"
Tuesday,7,2026-07-07,7:00pm,"Courts 10–13","Line 1 (#1/#2)","Return to Sender with Love","Approach Shots","","",Y,,,,,,,"=IF(L154="""",0,IF(L154>M154,1,0))+IF(N154="""",0,IF(N154>O154,1,0))+IF(P154="""",0,IF(P154>Q154,1,0))","=IF(M154="""",0,IF(M154>L154,1,0))+IF(O154="""",0,IF(O154>N154,1,0))+IF(Q154="""",0,IF(Q154>P154,1,0))","=SUM(L154,N154,P154)","=SUM(M154,O154,Q154)","=IF(K154=""Y"", 1, 0) + IF(AND(R154=1, S154=1, ISBLANK(P154), ISBLANK(Q154), T154=U154), 1, IF(AND(R154=1, S154=1, ISBLANK(P154), ISBLANK(Q154), T154>U154), 2, R154))","=IF(K154=""Y"", 1, 0) + IF(AND(R154=1, S154=1, ISBLANK(P154), ISBLANK(Q154), T154=U154), 1, IF(AND(R154=1, S154=1, ISBLANK(P154), ISBLANK(Q154), U154>T154), 2, S154))","=IF(K154<>""Y"", 0, IF(AND(R154=1, S154=1, ISBLANK(P154), ISBLANK(Q154), T154=U154), 2, 3))"
Tuesday,7,2026-07-07,7:00pm,"Courts 10–13","Line 2 (#3 Pair A)","Return to Sender with Love","Approach Shots","","",Y,,,,,,,"=IF(L155="""",0,IF(L155>M155,1,0))+IF(N155="""",0,IF(N155>O155,1,0))+IF(P155="""",0,IF(P155>Q155,1,0))","=IF(M155="""",0,IF(M155>L155,1,0))+IF(O155="""",0,IF(O155>N155,1,0))+IF(Q155="""",0,IF(Q155>P155,1,0))","=SUM(L155,N155,P155)","=SUM(M155,O155,Q155)","=IF(K155=""Y"", 1, 0) + IF(AND(R155=1, S155=1, ISBLANK(P155), ISBLANK(Q155), T155=U155), 1, IF(AND(R155=1, S155=1, ISBLANK(P155), ISBLANK(Q155), T155>U155), 2, R155))","=IF(K155=""Y"", 1, 0) + IF(AND(R155=1, S155=1, ISBLANK(P155), ISBLANK(Q155), T155=U155), 1, IF(AND(R155=1, S155=1, ISBLANK(P155), ISBLANK(Q155), U155>T155), 2, S155))","=IF(K155<>""Y"", 0, IF(AND(R155=1, S155=1, ISBLANK(P155), ISBLANK(Q155), T155=U155), 2, 3))"
Tuesday,7,2026-07-07,7:00pm,"Courts 10–13","Line 3 (#3 Pair B)","Return to Sender with Love","Approach Shots","","",Y,,,,,,,"=IF(L156="""",0,IF(L156>M156,1,0))+IF(N156="""",0,IF(N156>O156,1,0))+IF(P156="""",0,IF(P156>Q156,1,0))","=IF(M156="""",0,IF(M156>L156,1,0))+IF(O156="""",0,IF(O156>N156,1,0))+IF(Q156="""",0,IF(Q156>P156,1,0))","=SUM(L156,N156,P156)","=SUM(M156,O156,Q156)","=IF(K156=""Y"", 1, 0) + IF(AND(R156=1, S156=1, ISBLANK(P156), ISBLANK(Q156), T156=U156), 1, IF(AND(R156=1, S156=1, ISBLANK(P156), ISBLANK(Q156), T156>U156), 2, R156))","=IF(K156=""Y"", 1, 0) + IF(AND(R156=1, S156=1, ISBLANK(P156), ISBLANK(Q156), T156=U156), 1, IF(AND(R156=1, S156=1, ISBLANK(P156), ISBLANK(Q156), U156>T156), 2, S156))","=IF(K156<>""Y"", 0, IF(AND(R156=1, S156=1, ISBLANK(P156), ISBLANK(Q156), T156=U156), 2, 3))"
Tuesday,7,2026-07-07,7:00pm,"Courts 10–13","Line 4 (#4/#5)","Return to Sender with Love","Approach Shots","","",Y,,,,,,,"=IF(L157="""",0,IF(L157>M157,1,0))+IF(N157="""",0,IF(N157>O157,1,0))+IF(P157="""",0,IF(P157>Q157,1,0))","=IF(M157="""",0,IF(M157>L157,1,0))+IF(O157="""",0,IF(O157>N157,1,0))+IF(Q157="""",0,IF(Q157>P157,1,0))","=SUM(L157,N157,P157)","=SUM(M157,O157,Q157)","=IF(K157=""Y"", 1, 0) + IF(AND(R157=1, S157=1, ISBLANK(P157), ISBLANK(Q157), T157=U157), 1, IF(AND(R157=1, S157=1, ISBLANK(P157), ISBLANK(Q157), T157>U157), 2, R157))","=IF(K157=""Y"", 1, 0) + IF(AND(R157=1, S157=1, ISBLANK(P157), ISBLANK(Q157), T157=U157), 1, IF(AND(R157=1, S157=1, ISBLANK(P157), ISBLANK(Q157), U157>T157), 2, S157))","=IF(K157<>""Y"", 0, IF(AND(R157=1, S157=1, ISBLANK(P157), ISBLANK(Q157), T157=U157), 2, 3))"
Tuesday,7,2026-07-07,7:00pm,"Courts 1–5","Line 1 (#1/#2)","Bounce It","Herons","","",Y,,,,,,,"=IF(L158="""",0,IF(L158>M158,1,0))+IF(N158="""",0,IF(N158>O158,1,0))+IF(P158="""",0,IF(P158>Q158,1,0))","=IF(M158="""",0,IF(M158>L158,1,0))+IF(O158="""",0,IF(O158>N158,1,0))+IF(Q158="""",0,IF(Q158>P158,1,0))","=SUM(L158,N158,P158)","=SUM(M158,O158,Q158)","=IF(K158=""Y"", 1, 0) + IF(AND(R158=1, S158=1, ISBLANK(P158), ISBLANK(Q158), T158=U158), 1, IF(AND(R158=1, S158=1, ISBLANK(P158), ISBLANK(Q158), T158>U158), 2, R158))","=IF(K158=""Y"", 1, 0) + IF(AND(R158=1, S158=1, ISBLANK(P158), ISBLANK(Q158), T158=U158), 1, IF(AND(R158=1, S158=1, ISBLANK(P158), ISBLANK(Q158), U158>T158), 2, S158))","=IF(K158<>""Y"", 0, IF(AND(R158=1, S158=1, ISBLANK(P158), ISBLANK(Q158), T158=U158), 2, 3))"
Tuesday,7,2026-07-07,7:00pm,"Courts 1–5","Line 2 (#3 Pair A)","Bounce It","Herons","","",Y,,,,,,,"=IF(L159="""",0,IF(L159>M159,1,0))+IF(N159="""",0,IF(N159>O159,1,0))+IF(P159="""",0,IF(P159>Q159,1,0))","=IF(M159="""",0,IF(M159>L159,1,0))+IF(O159="""",0,IF(O159>N159,1,0))+IF(Q159="""",0,IF(Q159>P159,1,0))","=SUM(L159,N159,P159)","=SUM(M159,O159,Q159)","=IF(K159=""Y"", 1, 0) + IF(AND(R159=1, S159=1, ISBLANK(P159), ISBLANK(Q159), T159=U159), 1, IF(AND(R159=1, S159=1, ISBLANK(P159), ISBLANK(Q159), T159>U159), 2, R159))","=IF(K159=""Y"", 1, 0) + IF(AND(R159=1, S159=1, ISBLANK(P159), ISBLANK(Q159), T159=U159), 1, IF(AND(R159=1, S159=1, ISBLANK(P159), ISBLANK(Q159), U159>T159), 2, S159))","=IF(K159<>""Y"", 0, IF(AND(R159=1, S159=1, ISBLANK(P159), ISBLANK(Q159), T159=U159), 2, 3))"
Tuesday,7,2026-07-07,7:00pm,"Courts 1–5","Line 3 (#3 Pair B)","Bounce It","Herons","","",Y,,,,,,,"=IF(L160="""",0,IF(L160>M160,1,0))+IF(N160="""",0,IF(N160>O160,1,0))+IF(P160="""",0,IF(P160>Q160,1,0))","=IF(M160="""",0,IF(M160>L160,1,0))+IF(O160="""",0,IF(O160>N160,1,0))+IF(Q160="""",0,IF(Q160>P160,1,0))","=SUM(L160,N160,P160)","=SUM(M160,O160,Q160)","=IF(K160=""Y"", 1, 0) + IF(AND(R160=1, S160=1, ISBLANK(P160), ISBLANK(Q160), T160=U160), 1, IF(AND(R160=1, S160=1, ISBLANK(P160), ISBLANK(Q160), T160>U160), 2, R160))","=IF(K160=""Y"", 1, 0) + IF(AND(R160=1, S160=1, ISBLANK(P160), ISBLANK(Q160), T160=U160), 1, IF(AND(R160=1, S160=1, ISBLANK(P160), ISBLANK(Q160), U160>T160), 2, S160))","=IF(K160<>""Y"", 0, IF(AND(R160=1, S160=1, ISBLANK(P160), ISBLANK(Q160), T160=U160), 2, 3))"
Tuesday,7,2026-07-07,7:00pm,"Courts 1–5","Line 4 (#4/#5)","Bounce It","Herons","","",Y,,,,,,,"=IF(L161="""",0,IF(L161>M161,1,0))+IF(N161="""",0,IF(N161>O161,1,0))+IF(P161="""",0,IF(P161>Q161,1,0))","=IF(M161="""",0,IF(M161>L161,1,0))+IF(O161="""",0,IF(O161>N161,1,0))+IF(Q161="""",0,IF(Q161>P161,1,0))","=SUM(L161,N161,P161)","=SUM(M161,O161,Q161)","=IF(K161=""Y"", 1, 0) + IF(AND(R161=1, S161=1, ISBLANK(P161), ISBLANK(Q161), T161=U161), 1, IF(AND(R161=1, S161=1, ISBLANK(P161), ISBLANK(Q161), T161>U161), 2, R161))","=IF(K161=""Y"", 1, 0) + IF(AND(R161=1, S161=1, ISBLANK(P161), ISBLANK(Q161), T161=U161), 1, IF(AND(R161=1, S161=1, ISBLANK(P161), ISBLANK(Q161), U161>T161), 2, S161))","=IF(K161<>""Y"", 0, IF(AND(R161=1, S161=1, ISBLANK(P161), ISBLANK(Q161), T161=U161), 2, 3))"
Tuesday,7,2026-07-07,5:30pm,"Courts 1–5","Line 1 (#1/#2)","Jetsetters","Subs","","",Y,,,,,,,"=IF(L162="""",0,IF(L162>M162,1,0))+IF(N162="""",0,IF(N162>O162,1,0))+IF(P162="""",0,IF(P162>Q162,1,0))","=IF(M162="""",0,IF(M162>L162,1,0))+IF(O162="""",0,IF(O162>N162,1,0))+IF(Q162="""",0,IF(Q162>P162,1,0))","=SUM(L162,N162,P162)","=SUM(M162,O162,Q162)","=IF(K162=""Y"", 1, 0) + IF(AND(R162=1, S162=1, ISBLANK(P162), ISBLANK(Q162), T162=U162), 1, IF(AND(R162=1, S162=1, ISBLANK(P162), ISBLANK(Q162), T162>U162), 2, R162))","=IF(K162=""Y"", 1, 0) + IF(AND(R162=1, S162=1, ISBLANK(P162), ISBLANK(Q162), T162=U162), 1, IF(AND(R162=1, S162=1, ISBLANK(P162), ISBLANK(Q162), U162>T162), 2, S162))","=IF(K162<>""Y"", 0, IF(AND(R162=1, S162=1, ISBLANK(P162), ISBLANK(Q162), T162=U162), 2, 3))"
Tuesday,7,2026-07-07,5:30pm,"Courts 1–5","Line 2 (#3 Pair A)","Jetsetters","Subs","","",Y,,,,,,,"=IF(L163="""",0,IF(L163>M163,1,0))+IF(N163="""",0,IF(N163>O163,1,0))+IF(P163="""",0,IF(P163>Q163,1,0))","=IF(M163="""",0,IF(M163>L163,1,0))+IF(O163="""",0,IF(O163>N163,1,0))+IF(Q163="""",0,IF(Q163>P163,1,0))","=SUM(L163,N163,P163)","=SUM(M163,O163,Q163)","=IF(K163=""Y"", 1, 0) + IF(AND(R163=1, S163=1, ISBLANK(P163), ISBLANK(Q163), T163=U163), 1, IF(AND(R163=1, S163=1, ISBLANK(P163), ISBLANK(Q163), T163>U163), 2, R163))","=IF(K163=""Y"", 1, 0) + IF(AND(R163=1, S163=1, ISBLANK(P163), ISBLANK(Q163), T163=U163), 1, IF(AND(R163=1, S163=1, ISBLANK(P163), ISBLANK(Q163), U163>T163), 2, S163))","=IF(K163<>""Y"", 0, IF(AND(R163=1, S163=1, ISBLANK(P163), ISBLANK(Q163), T163=U163), 2, 3))"
Tuesday,7,2026-07-07,5:30pm,"Courts 1–5","Line 3 (#3 Pair B)","Jetsetters","Subs","","",Y,,,,,,,"=IF(L164="""",0,IF(L164>M164,1,0))+IF(N164="""",0,IF(N164>O164,1,0))+IF(P164="""",0,IF(P164>Q164,1,0))","=IF(M164="""",0,IF(M164>L164,1,0))+IF(O164="""",0,IF(O164>N164,1,0))+IF(Q164="""",0,IF(Q164>P164,1,0))","=SUM(L164,N164,P164)","=SUM(M164,O164,Q164)","=IF(K164=""Y"", 1, 0) + IF(AND(R164=1, S164=1, ISBLANK(P164), ISBLANK(Q164), T164=U164), 1, IF(AND(R164=1, S164=1, ISBLANK(P164), ISBLANK(Q164), T164>U164), 2, R164))","=IF(K164=""Y"", 1, 0) + IF(AND(R164=1, S164=1, ISBLANK(P164), ISBLANK(Q164), T164=U164), 1, IF(AND(R164=1, S164=1, ISBLANK(P164), ISBLANK(Q164), U164>T164), 2, S164))","=IF(K164<>""Y"", 0, IF(AND(R164=1, S164=1, ISBLANK(P164), ISBLANK(Q164), T164=U164), 2, 3))"
Tuesday,7,2026-07-07,5:30pm,"Courts 1–5","Line 4 (#4/#5)","Jetsetters","Subs","","",Y,,,,,,,"=IF(L165="""",0,IF(L165>M165,1,0))+IF(N165="""",0,IF(N165>O165,1,0))+IF(P165="""",0,IF(P165>Q165,1,0))","=IF(M165="""",0,IF(M165>L165,1,0))+IF(O165="""",0,IF(O165>N165,1,0))+IF(Q165="""",0,IF(Q165>P165,1,0))","=SUM(L165,N165,P165)","=SUM(M165,O165,Q165)","=IF(K165=""Y"", 1, 0) + IF(AND(R165=1, S165=1, ISBLANK(P165), ISBLANK(Q165), T165=U165), 1, IF(AND(R165=1, S165=1, ISBLANK(P165), ISBLANK(Q165), T165>U165), 2, R165))","=IF(K165=""Y"", 1, 0) + IF(AND(R165=1, S165=1, ISBLANK(P165), ISBLANK(Q165), T165=U165), 1, IF(AND(R165=1, S165=1, ISBLANK(P165), ISBLANK(Q165), U165>T165), 2, S165))","=IF(K165<>""Y"", 0, IF(AND(R165=1, S165=1, ISBLANK(P165), ISBLANK(Q165), T165=U165), 2, 3))"
Tuesday,7,2026-07-07,7:00pm,"Courts 6–9","Line 1 (#1/#2)","Full Metal Racquet","Easy Overhead","","",Y,,,,,,,"=IF(L166="""",0,IF(L166>M166,1,0))+IF(N166="""",0,IF(N166>O166,1,0))+IF(P166="""",0,IF(P166>Q166,1,0))","=IF(M166="""",0,IF(M166>L166,1,0))+IF(O166="""",0,IF(O166>N166,1,0))+IF(Q166="""",0,IF(Q166>P166,1,0))","=SUM(L166,N166,P166)","=SUM(M166,O166,Q166)","=IF(K166=""Y"", 1, 0) + IF(AND(R166=1, S166=1, ISBLANK(P166), ISBLANK(Q166), T166=U166), 1, IF(AND(R166=1, S166=1, ISBLANK(P166), ISBLANK(Q166), T166>U166), 2, R166))","=IF(K166=""Y"", 1, 0) + IF(AND(R166=1, S166=1, ISBLANK(P166), ISBLANK(Q166), T166=U166), 1, IF(AND(R166=1, S166=1, ISBLANK(P166), ISBLANK(Q166), U166>T166), 2, S166))","=IF(K166<>""Y"", 0, IF(AND(R166=1, S166=1, ISBLANK(P166), ISBLANK(Q166), T166=U166), 2, 3))"
Tuesday,7,2026-07-07,7:00pm,"Courts 6–9","Line 2 (#3 Pair A)","Full Metal Racquet","Easy Overhead","","",Y,,,,,,,"=IF(L167="""",0,IF(L167>M167,1,0))+IF(N167="""",0,IF(N167>O167,1,0))+IF(P167="""",0,IF(P167>Q167,1,0))","=IF(M167="""",0,IF(M167>L167,1,0))+IF(O167="""",0,IF(O167>N167,1,0))+IF(Q167="""",0,IF(Q167>P167,1,0))","=SUM(L167,N167,P167)","=SUM(M167,O167,Q167)","=IF(K167=""Y"", 1, 0) + IF(AND(R167=1, S167=1, ISBLANK(P167), ISBLANK(Q167), T167=U167), 1, IF(AND(R167=1, S167=1, ISBLANK(P167), ISBLANK(Q167), T167>U167), 2, R167))","=IF(K167=""Y"", 1, 0) + IF(AND(R167=1, S167=1, ISBLANK(P167), ISBLANK(Q167), T167=U167), 1, IF(AND(R167=1, S167=1, ISBLANK(P167), ISBLANK(Q167), U167>T167), 2, S167))","=IF(K167<>""Y"", 0, IF(AND(R167=1, S167=1, ISBLANK(P167), ISBLANK(Q167), T167=U167), 2, 3))"
Tuesday,7,2026-07-07,7:00pm,"Courts 6–9","Line 3 (#3 Pair B)","Full Metal Racquet","Easy Overhead","","",Y,,,,,,,"=IF(L168="""",0,IF(L168>M168,1,0))+IF(N168="""",0,IF(N168>O168,1,0))+IF(P168="""",0,IF(P168>Q168,1,0))","=IF(M168="""",0,IF(M168>L168,1,0))+IF(O168="""",0,IF(O168>N168,1,0))+IF(Q168="""",0,IF(Q168>P168,1,0))","=SUM(L168,N168,P168)","=SUM(M168,O168,Q168)","=IF(K168=""Y"", 1, 0) + IF(AND(R168=1, S168=1, ISBLANK(P168), ISBLANK(Q168), T168=U168), 1, IF(AND(R168=1, S168=1, ISBLANK(P168), ISBLANK(Q168), T168>U168), 2, R168))","=IF(K168=""Y"", 1, 0) + IF(AND(R168=1, S168=1, ISBLANK(P168), ISBLANK(Q168), T168=U168), 1, IF(AND(R168=1, S168=1, ISBLANK(P168), ISBLANK(Q168), U168>T168), 2, S168))","=IF(K168<>""Y"", 0, IF(AND(R168=1, S168=1, ISBLANK(P168), ISBLANK(Q168), T168=U168), 2, 3))"
Tuesday,7,2026-07-07,7:00pm,"Courts 6–9","Line 4 (#4/#5)","Full Metal Racquet","Easy Overhead","","",Y,,,,,,,"=IF(L169="""",0,IF(L169>M169,1,0))+IF(N169="""",0,IF(N169>O169,1,0))+IF(P169="""",0,IF(P169>Q169,1,0))","=IF(M169="""",0,IF(M169>L169,1,0))+IF(O169="""",0,IF(O169>N169,1,0))+IF(Q169="""",0,IF(Q169>P169,1,0))","=SUM(L169,N169,P169)","=SUM(M169,O169,Q169)","=IF(K169=""Y"", 1, 0) + IF(AND(R169=1, S169=1, ISBLANK(P169), ISBLANK(Q169), T169=U169), 1, IF(AND(R169=1, S169=1, ISBLANK(P169), ISBLANK(Q169), T169>U169), 2, R169))","=IF(K169=""Y"", 1, 0) + IF(AND(R169=1, S169=1, ISBLANK(P169), ISBLANK(Q169), T169=U169), 1, IF(AND(R169=1, S169=1, ISBLANK(P169), ISBLANK(Q169), U169>T169), 2, S169))","=IF(K169<>""Y"", 0, IF(AND(R169=1, S169=1, ISBLANK(P169), ISBLANK(Q169), T169=U169), 2, 3))"
Tuesday,8,2026-07-14,7:00pm,"Courts 10–13","Line 1 (#1/#2)","Racquet Scientists","Spin Doctors","","",Y,,,,,,,"=IF(L170="""",0,IF(L170>M170,1,0))+IF(N170="""",0,IF(N170>O170,1,0))+IF(P170="""",0,IF(P170>Q170,1,0))","=IF(M170="""",0,IF(M170>L170,1,0))+IF(O170="""",0,IF(O170>N170,1,0))+IF(Q170="""",0,IF(Q170>P170,1,0))","=SUM(L170,N170,P170)","=SUM(M170,O170,Q170)","=IF(K170=""Y"", 1, 0) + IF(AND(R170=1, S170=1, ISBLANK(P170), ISBLANK(Q170), T170=U170), 1, IF(AND(R170=1, S170=1, ISBLANK(P170), ISBLANK(Q170), T170>U170), 2, R170))","=IF(K170=""Y"", 1, 0) + IF(AND(R170=1, S170=1, ISBLANK(P170), ISBLANK(Q170), T170=U170), 1, IF(AND(R170=1, S170=1, ISBLANK(P170), ISBLANK(Q170), U170>T170), 2, S170))","=IF(K170<>""Y"", 0, IF(AND(R170=1, S170=1, ISBLANK(P170), ISBLANK(Q170), T170=U170), 2, 3))"
Tuesday,8,2026-07-14,7:00pm,"Courts 10–13","Line 2 (#3 Pair A)","Racquet Scientists","Spin Doctors","","",Y,,,,,,,"=IF(L171="""",0,IF(L171>M171,1,0))+IF(N171="""",0,IF(N171>O171,1,0))+IF(P171="""",0,IF(P171>Q171,1,0))","=IF(M171="""",0,IF(M171>L171,1,0))+IF(O171="""",0,IF(O171>N171,1,0))+IF(Q171="""",0,IF(Q171>P171,1,0))","=SUM(L171,N171,P171)","=SUM(M171,O171,Q171)","=IF(K171=""Y"", 1, 0) + IF(AND(R171=1, S171=1, ISBLANK(P171), ISBLANK(Q171), T171=U171), 1, IF(AND(R171=1, S171=1, ISBLANK(P171), ISBLANK(Q171), T171>U171), 2, R171))","=IF(K171=""Y"", 1, 0) + IF(AND(R171=1, S171=1, ISBLANK(P171), ISBLANK(Q171), T171=U171), 1, IF(AND(R171=1, S171=1, ISBLANK(P171), ISBLANK(Q171), U171>T171), 2, S171))","=IF(K171<>""Y"", 0, IF(AND(R171=1, S171=1, ISBLANK(P171), ISBLANK(Q171), T171=U171), 2, 3))"
Tuesday,8,2026-07-14,7:00pm,"Courts 10–13","Line 3 (#3 Pair B)","Racquet Scientists","Spin Doctors","","",Y,,,,,,,"=IF(L172="""",0,IF(L172>M172,1,0))+IF(N172="""",0,IF(N172>O172,1,0))+IF(P172="""",0,IF(P172>Q172,1,0))","=IF(M172="""",0,IF(M172>L172,1,0))+IF(O172="""",0,IF(O172>N172,1,0))+IF(Q172="""",0,IF(Q172>P172,1,0))","=SUM(L172,N172,P172)","=SUM(M172,O172,Q172)","=IF(K172=""Y"", 1, 0) + IF(AND(R172=1, S172=1, ISBLANK(P172), ISBLANK(Q172), T172=U172), 1, IF(AND(R172=1, S172=1, ISBLANK(P172), ISBLANK(Q172), T172>U172), 2, R172))","=IF(K172=""Y"", 1, 0) + IF(AND(R172=1, S172=1, ISBLANK(P172), ISBLANK(Q172), T172=U172), 1, IF(AND(R172=1, S172=1, ISBLANK(P172), ISBLANK(Q172), U172>T172), 2, S172))","=IF(K172<>""Y"", 0, IF(AND(R172=1, S172=1, ISBLANK(P172), ISBLANK(Q172), T172=U172), 2, 3))"
Tuesday,8,2026-07-14,7:00pm,"Courts 10–13","Line 4 (#4/#5)","Racquet Scientists","Spin Doctors","","",Y,,,,,,,"=IF(L173="""",0,IF(L173>M173,1,0))+IF(N173="""",0,IF(N173>O173,1,0))+IF(P173="""",0,IF(P173>Q173,1,0))","=IF(M173="""",0,IF(M173>L173,1,0))+IF(O173="""",0,IF(O173>N173,1,0))+IF(Q173="""",0,IF(Q173>P173,1,0))","=SUM(L173,N173,P173)","=SUM(M173,O173,Q173)","=IF(K173=""Y"", 1, 0) + IF(AND(R173=1, S173=1, ISBLANK(P173), ISBLANK(Q173), T173=U173), 1, IF(AND(R173=1, S173=1, ISBLANK(P173), ISBLANK(Q173), T173>U173), 2, R173))","=IF(K173=""Y"", 1, 0) + IF(AND(R173=1, S173=1, ISBLANK(P173), ISBLANK(Q173), T173=U173), 1, IF(AND(R173=1, S173=1, ISBLANK(P173), ISBLANK(Q173), U173>T173), 2, S173))","=IF(K173<>""Y"", 0, IF(AND(R173=1, S173=1, ISBLANK(P173), ISBLANK(Q173), T173=U173), 2, 3))"
Tuesday,8,2026-07-14,5:30pm,"Courts 6–9","Line 1 (#1/#2)","Rascals","Approach Shots","","",Y,,,,,,,"=IF(L174="""",0,IF(L174>M174,1,0))+IF(N174="""",0,IF(N174>O174,1,0))+IF(P174="""",0,IF(P174>Q174,1,0))","=IF(M174="""",0,IF(M174>L174,1,0))+IF(O174="""",0,IF(O174>N174,1,0))+IF(Q174="""",0,IF(Q174>P174,1,0))","=SUM(L174,N174,P174)","=SUM(M174,O174,Q174)","=IF(K174=""Y"", 1, 0) + IF(AND(R174=1, S174=1, ISBLANK(P174), ISBLANK(Q174), T174=U174), 1, IF(AND(R174=1, S174=1, ISBLANK(P174), ISBLANK(Q174), T174>U174), 2, R174))","=IF(K174=""Y"", 1, 0) + IF(AND(R174=1, S174=1, ISBLANK(P174), ISBLANK(Q174), T174=U174), 1, IF(AND(R174=1, S174=1, ISBLANK(P174), ISBLANK(Q174), U174>T174), 2, S174))","=IF(K174<>""Y"", 0, IF(AND(R174=1, S174=1, ISBLANK(P174), ISBLANK(Q174), T174=U174), 2, 3))"
Tuesday,8,2026-07-14,5:30pm,"Courts 6–9","Line 2 (#3 Pair A)","Rascals","Approach Shots","","",Y,,,,,,,"=IF(L175="""",0,IF(L175>M175,1,0))+IF(N175="""",0,IF(N175>O175,1,0))+IF(P175="""",0,IF(P175>Q175,1,0))","=IF(M175="""",0,IF(M175>L175,1,0))+IF(O175="""",0,IF(O175>N175,1,0))+IF(Q175="""",0,IF(Q175>P175,1,0))","=SUM(L175,N175,P175)","=SUM(M175,O175,Q175)","=IF(K175=""Y"", 1, 0) + IF(AND(R175=1, S175=1, ISBLANK(P175), ISBLANK(Q175), T175=U175), 1, IF(AND(R175=1, S175=1, ISBLANK(P175), ISBLANK(Q175), T175>U175), 2, R175))","=IF(K175=""Y"", 1, 0) + IF(AND(R175=1, S175=1, ISBLANK(P175), ISBLANK(Q175), T175=U175), 1, IF(AND(R175=1, S175=1, ISBLANK(P175), ISBLANK(Q175), U175>T175), 2, S175))","=IF(K175<>""Y"", 0, IF(AND(R175=1, S175=1, ISBLANK(P175), ISBLANK(Q175), T175=U175), 2, 3))"
Tuesday,8,2026-07-14,5:30pm,"Courts 6–9","Line 3 (#3 Pair B)","Rascals","Approach Shots","","",Y,,,,,,,"=IF(L176="""",0,IF(L176>M176,1,0))+IF(N176="""",0,IF(N176>O176,1,0))+IF(P176="""",0,IF(P176>Q176,1,0))","=IF(M176="""",0,IF(M176>L176,1,0))+IF(O176="""",0,IF(O176>N176,1,0))+IF(Q176="""",0,IF(Q176>P176,1,0))","=SUM(L176,N176,P176)","=SUM(M176,O176,Q176)","=IF(K176=""Y"", 1, 0) + IF(AND(R176=1, S176=1, ISBLANK(P176), ISBLANK(Q176), T176=U176), 1, IF(AND(R176=1, S176=1, ISBLANK(P176), ISBLANK(Q176), T176>U176), 2, R176))","=IF(K176=""Y"", 1, 0) + IF(AND(R176=1, S176=1, ISBLANK(P176), ISBLANK(Q176), T176=U176), 1, IF(AND(R176=1, S176=1, ISBLANK(P176), ISBLANK(Q176), U176>T176), 2, S176))","=IF(K176<>""Y"", 0, IF(AND(R176=1, S176=1, ISBLANK(P176), ISBLANK(Q176), T176=U176), 2, 3))"
Tuesday,8,2026-07-14,5:30pm,"Courts 6–9","Line 4 (#4/#5)","Rascals","Approach Shots","","",Y,,,,,,,"=IF(L177="""",0,IF(L177>M177,1,0))+IF(N177="""",0,IF(N177>O177,1,0))+IF(P177="""",0,IF(P177>Q177,1,0))","=IF(M177="""",0,IF(M177>L177,1,0))+IF(O177="""",0,IF(O177>N177,1,0))+IF(Q177="""",0,IF(Q177>P177,1,0))","=SUM(L177,N177,P177)","=SUM(M177,O177,Q177)","=IF(K177=""Y"", 1, 0) + IF(AND(R177=1, S177=1, ISBLANK(P177), ISBLANK(Q177), T177=U177), 1, IF(AND(R177=1, S177=1, ISBLANK(P177), ISBLANK(Q177), T177>U177), 2, R177))","=IF(K177=""Y"", 1, 0) + IF(AND(R177=1, S177=1, ISBLANK(P177), ISBLANK(Q177), T177=U177), 1, IF(AND(R177=1, S177=1, ISBLANK(P177), ISBLANK(Q177), U177>T177), 2, S177))","=IF(K177<>""Y"", 0, IF(AND(R177=1, S177=1, ISBLANK(P177), ISBLANK(Q177), T177=U177), 2, 3))"
Tuesday,8,2026-07-14,7:00pm,"Courts 1–5","Line 1 (#1/#2)","Good Ol' Boys","Herons","","",Y,,,,,,,"=IF(L178="""",0,IF(L178>M178,1,0))+IF(N178="""",0,IF(N178>O178,1,0))+IF(P178="""",0,IF(P178>Q178,1,0))","=IF(M178="""",0,IF(M178>L178,1,0))+IF(O178="""",0,IF(O178>N178,1,0))+IF(Q178="""",0,IF(Q178>P178,1,0))","=SUM(L178,N178,P178)","=SUM(M178,O178,Q178)","=IF(K178=""Y"", 1, 0) + IF(AND(R178=1, S178=1, ISBLANK(P178), ISBLANK(Q178), T178=U178), 1, IF(AND(R178=1, S178=1, ISBLANK(P178), ISBLANK(Q178), T178>U178), 2, R178))","=IF(K178=""Y"", 1, 0) + IF(AND(R178=1, S178=1, ISBLANK(P178), ISBLANK(Q178), T178=U178), 1, IF(AND(R178=1, S178=1, ISBLANK(P178), ISBLANK(Q178), U178>T178), 2, S178))","=IF(K178<>""Y"", 0, IF(AND(R178=1, S178=1, ISBLANK(P178), ISBLANK(Q178), T178=U178), 2, 3))"
Tuesday,8,2026-07-14,7:00pm,"Courts 1–5","Line 2 (#3 Pair A)","Good Ol' Boys","Herons","","",Y,,,,,,,"=IF(L179="""",0,IF(L179>M179,1,0))+IF(N179="""",0,IF(N179>O179,1,0))+IF(P179="""",0,IF(P179>Q179,1,0))","=IF(M179="""",0,IF(M179>L179,1,0))+IF(O179="""",0,IF(O179>N179,1,0))+IF(Q179="""",0,IF(Q179>P179,1,0))","=SUM(L179,N179,P179)","=SUM(M179,O179,Q179)","=IF(K179=""Y"", 1, 0) + IF(AND(R179=1, S179=1, ISBLANK(P179), ISBLANK(Q179), T179=U179), 1, IF(AND(R179=1, S179=1, ISBLANK(P179), ISBLANK(Q179), T179>U179), 2, R179))","=IF(K179=""Y"", 1, 0) + IF(AND(R179=1, S179=1, ISBLANK(P179), ISBLANK(Q179), T179=U179), 1, IF(AND(R179=1, S179=1, ISBLANK(P179), ISBLANK(Q179), U179>T179), 2, S179))","=IF(K179<>""Y"", 0, IF(AND(R179=1, S179=1, ISBLANK(P179), ISBLANK(Q179), T179=U179), 2, 3))"
Tuesday,8,2026-07-14,7:00pm,"Courts 1–5","Line 3 (#3 Pair B)","Good Ol' Boys","Herons","","",Y,,,,,,,"=IF(L180="""",0,IF(L180>M180,1,0))+IF(N180="""",0,IF(N180>O180,1,0))+IF(P180="""",0,IF(P180>Q180,1,0))","=IF(M180="""",0,IF(M180>L180,1,0))+IF(O180="""",0,IF(O180>N180,1,0))+IF(Q180="""",0,IF(Q180>P180,1,0))","=SUM(L180,N180,P180)","=SUM(M180,O180,Q180)","=IF(K180=""Y"", 1, 0) + IF(AND(R180=1, S180=1, ISBLANK(P180), ISBLANK(Q180), T180=U180), 1, IF(AND(R180=1, S180=1, ISBLANK(P180), ISBLANK(Q180), T180>U180), 2, R180))","=IF(K180=""Y"", 1, 0) + IF(AND(R180=1, S180=1, ISBLANK(P180), ISBLANK(Q180), T180=U180), 1, IF(AND(R180=1, S180=1, ISBLANK(P180), ISBLANK(Q180), U180>T180), 2, S180))","=IF(K180<>""Y"", 0, IF(AND(R180=1, S180=1, ISBLANK(P180), ISBLANK(Q180), T180=U180), 2, 3))"
Tuesday,8,2026-07-14,7:00pm,"Courts 1–5","Line 4 (#4/#5)","Good Ol' Boys","Herons","","",Y,,,,,,,"=IF(L181="""",0,IF(L181>M181,1,0))+IF(N181="""",0,IF(N181>O181,1,0))+IF(P181="""",0,IF(P181>Q181,1,0))","=IF(M181="""",0,IF(M181>L181,1,0))+IF(O181="""",0,IF(O181>N181,1,0))+IF(Q181="""",0,IF(Q181>P181,1,0))","=SUM(L181,N181,P181)","=SUM(M181,O181,Q181)","=IF(K181=""Y"", 1, 0) + IF(AND(R181=1, S181=1, ISBLANK(P181), ISBLANK(Q181), T181=U181), 1, IF(AND(R181=1, S181=1, ISBLANK(P181), ISBLANK(Q181), T181>U181), 2, R181))","=IF(K181=""Y"", 1, 0) + IF(AND(R181=1, S181=1, ISBLANK(P181), ISBLANK(Q181), T181=U181), 1, IF(AND(R181=1, S181=1, ISBLANK(P181), ISBLANK(Q181), U181>T181), 2, S181))","=IF(K181<>""Y"", 0, IF(AND(R181=1, S181=1, ISBLANK(P181), ISBLANK(Q181), T181=U181), 2, 3))"
Tuesday,8,2026-07-14,5:30pm,"Courts 1–5","Line 1 (#1/#2)","Return to Sender with Love","Subs","","",Y,,,,,,,"=IF(L182="""",0,IF(L182>M182,1,0))+IF(N182="""",0,IF(N182>O182,1,0))+IF(P182="""",0,IF(P182>Q182,1,0))","=IF(M182="""",0,IF(M182>L182,1,0))+IF(O182="""",0,IF(O182>N182,1,0))+IF(Q182="""",0,IF(Q182>P182,1,0))","=SUM(L182,N182,P182)","=SUM(M182,O182,Q182)","=IF(K182=""Y"", 1, 0) + IF(AND(R182=1, S182=1, ISBLANK(P182), ISBLANK(Q182), T182=U182), 1, IF(AND(R182=1, S182=1, ISBLANK(P182), ISBLANK(Q182), T182>U182), 2, R182))","=IF(K182=""Y"", 1, 0) + IF(AND(R182=1, S182=1, ISBLANK(P182), ISBLANK(Q182), T182=U182), 1, IF(AND(R182=1, S182=1, ISBLANK(P182), ISBLANK(Q182), U182>T182), 2, S182))","=IF(K182<>""Y"", 0, IF(AND(R182=1, S182=1, ISBLANK(P182), ISBLANK(Q182), T182=U182), 2, 3))"
Tuesday,8,2026-07-14,5:30pm,"Courts 1–5","Line 2 (#3 Pair A)","Return to Sender with Love","Subs","","",Y,,,,,,,"=IF(L183="""",0,IF(L183>M183,1,0))+IF(N183="""",0,IF(N183>O183,1,0))+IF(P183="""",0,IF(P183>Q183,1,0))","=IF(M183="""",0,IF(M183>L183,1,0))+IF(O183="""",0,IF(O183>N183,1,0))+IF(Q183="""",0,IF(Q183>P183,1,0))","=SUM(L183,N183,P183)","=SUM(M183,O183,Q183)","=IF(K183=""Y"", 1, 0) + IF(AND(R183=1, S183=1, ISBLANK(P183), ISBLANK(Q183), T183=U183), 1, IF(AND(R183=1, S183=1, ISBLANK(P183), ISBLANK(Q183), T183>U183), 2, R183))","=IF(K183=""Y"", 1, 0) + IF(AND(R183=1, S183=1, ISBLANK(P183), ISBLANK(Q183), T183=U183), 1, IF(AND(R183=1, S183=1, ISBLANK(P183), ISBLANK(Q183), U183>T183), 2, S183))","=IF(K183<>""Y"", 0, IF(AND(R183=1, S183=1, ISBLANK(P183), ISBLANK(Q183), T183=U183), 2, 3))"
Tuesday,8,2026-07-14,5:30pm,"Courts 1–5","Line 3 (#3 Pair B)","Return to Sender with Love","Subs","","",Y,,,,,,,"=IF(L184="""",0,IF(L184>M184,1,0))+IF(N184="""",0,IF(N184>O184,1,0))+IF(P184="""",0,IF(P184>Q184,1,0))","=IF(M184="""",0,IF(M184>L184,1,0))+IF(O184="""",0,IF(O184>N184,1,0))+IF(Q184="""",0,IF(Q184>P184,1,0))","=SUM(L184,N184,P184)","=SUM(M184,O184,Q184)","=IF(K184=""Y"", 1, 0) + IF(AND(R184=1, S184=1, ISBLANK(P184), ISBLANK(Q184), T184=U184), 1, IF(AND(R184=1, S184=1, ISBLANK(P184), ISBLANK(Q184), T184>U184), 2, R184))","=IF(K184=""Y"", 1, 0) + IF(AND(R184=1, S184=1, ISBLANK(P184), ISBLANK(Q184), T184=U184), 1, IF(AND(R184=1, S184=1, ISBLANK(P184), ISBLANK(Q184), U184>T184), 2, S184))","=IF(K184<>""Y"", 0, IF(AND(R184=1, S184=1, ISBLANK(P184), ISBLANK(Q184), T184=U184), 2, 3))"
Tuesday,8,2026-07-14,5:30pm,"Courts 1–5","Line 4 (#4/#5)","Return to Sender with Love","Subs","","",Y,,,,,,,"=IF(L185="""",0,IF(L185>M185,1,0))+IF(N185="""",0,IF(N185>O185,1,0))+IF(P185="""",0,IF(P185>Q185,1,0))","=IF(M185="""",0,IF(M185>L185,1,0))+IF(O185="""",0,IF(O185>N185,1,0))+IF(Q185="""",0,IF(Q185>P185,1,0))","=SUM(L185,N185,P185)","=SUM(M185,O185,Q185)","=IF(K185=""Y"", 1, 0) + IF(AND(R185=1, S185=1, ISBLANK(P185), ISBLANK(Q185), T185=U185), 1, IF(AND(R185=1, S185=1, ISBLANK(P185), ISBLANK(Q185), T185>U185), 2, R185))","=IF(K185=""Y"", 1, 0) + IF(AND(R185=1, S185=1, ISBLANK(P185), ISBLANK(Q185), T185=U185), 1, IF(AND(R185=1, S185=1, ISBLANK(P185), ISBLANK(Q185), U185>T185), 2, S185))","=IF(K185<>""Y"", 0, IF(AND(R185=1, S185=1, ISBLANK(P185), ISBLANK(Q185), T185=U185), 2, 3))"
Tuesday,8,2026-07-14,7:00pm,"Courts 6–9","Line 1 (#1/#2)","Bounce It","Easy Overhead","","",Y,,,,,,,"=IF(L186="""",0,IF(L186>M186,1,0))+IF(N186="""",0,IF(N186>O186,1,0))+IF(P186="""",0,IF(P186>Q186,1,0))","=IF(M186="""",0,IF(M186>L186,1,0))+IF(O186="""",0,IF(O186>N186,1,0))+IF(Q186="""",0,IF(Q186>P186,1,0))","=SUM(L186,N186,P186)","=SUM(M186,O186,Q186)","=IF(K186=""Y"", 1, 0) + IF(AND(R186=1, S186=1, ISBLANK(P186), ISBLANK(Q186), T186=U186), 1, IF(AND(R186=1, S186=1, ISBLANK(P186), ISBLANK(Q186), T186>U186), 2, R186))","=IF(K186=""Y"", 1, 0) + IF(AND(R186=1, S186=1, ISBLANK(P186), ISBLANK(Q186), T186=U186), 1, IF(AND(R186=1, S186=1, ISBLANK(P186), ISBLANK(Q186), U186>T186), 2, S186))","=IF(K186<>""Y"", 0, IF(AND(R186=1, S186=1, ISBLANK(P186), ISBLANK(Q186), T186=U186), 2, 3))"
Tuesday,8,2026-07-14,7:00pm,"Courts 6–9","Line 2 (#3 Pair A)","Bounce It","Easy Overhead","","",Y,,,,,,,"=IF(L187="""",0,IF(L187>M187,1,0))+IF(N187="""",0,IF(N187>O187,1,0))+IF(P187="""",0,IF(P187>Q187,1,0))","=IF(M187="""",0,IF(M187>L187,1,0))+IF(O187="""",0,IF(O187>N187,1,0))+IF(Q187="""",0,IF(Q187>P187,1,0))","=SUM(L187,N187,P187)","=SUM(M187,O187,Q187)","=IF(K187=""Y"", 1, 0) + IF(AND(R187=1, S187=1, ISBLANK(P187), ISBLANK(Q187), T187=U187), 1, IF(AND(R187=1, S187=1, ISBLANK(P187), ISBLANK(Q187), T187>U187), 2, R187))","=IF(K187=""Y"", 1, 0) + IF(AND(R187=1, S187=1, ISBLANK(P187), ISBLANK(Q187), T187=U187), 1, IF(AND(R187=1, S187=1, ISBLANK(P187), ISBLANK(Q187), U187>T187), 2, S187))","=IF(K187<>""Y"", 0, IF(AND(R187=1, S187=1, ISBLANK(P187), ISBLANK(Q187), T187=U187), 2, 3))"
Tuesday,8,2026-07-14,7:00pm,"Courts 6–9","Line 3 (#3 Pair B)","Bounce It","Easy Overhead","","",Y,,,,,,,"=IF(L188="""",0,IF(L188>M188,1,0))+IF(N188="""",0,IF(N188>O188,1,0))+IF(P188="""",0,IF(P188>Q188,1,0))","=IF(M188="""",0,IF(M188>L188,1,0))+IF(O188="""",0,IF(O188>N188,1,0))+IF(Q188="""",0,IF(Q188>P188,1,0))","=SUM(L188,N188,P188)","=SUM(M188,O188,Q188)","=IF(K188=""Y"", 1, 0) + IF(AND(R188=1, S188=1, ISBLANK(P188), ISBLANK(Q188), T188=U188), 1, IF(AND(R188=1, S188=1, ISBLANK(P188), ISBLANK(Q188), T188>U188), 2, R188))","=IF(K188=""Y"", 1, 0) + IF(AND(R188=1, S188=1, ISBLANK(P188), ISBLANK(Q188), T188=U188), 1, IF(AND(R188=1, S188=1, ISBLANK(P188), ISBLANK(Q188), U188>T188), 2, S188))","=IF(K188<>""Y"", 0, IF(AND(R188=1, S188=1, ISBLANK(P188), ISBLANK(Q188), T188=U188), 2, 3))"
Tuesday,8,2026-07-14,7:00pm,"Courts 6–9","Line 4 (#4/#5)","Bounce It","Easy Overhead","","",Y,,,,,,,"=IF(L189="""",0,IF(L189>M189,1,0))+IF(N189="""",0,IF(N189>O189,1,0))+IF(P189="""",0,IF(P189>Q189,1,0))","=IF(M189="""",0,IF(M189>L189,1,0))+IF(O189="""",0,IF(O189>N189,1,0))+IF(Q189="""",0,IF(Q189>P189,1,0))","=SUM(L189,N189,P189)","=SUM(M189,O189,Q189)","=IF(K189=""Y"", 1, 0) + IF(AND(R189=1, S189=1, ISBLANK(P189), ISBLANK(Q189), T189=U189), 1, IF(AND(R189=1, S189=1, ISBLANK(P189), ISBLANK(Q189), T189>U189), 2, R189))","=IF(K189=""Y"", 1, 0) + IF(AND(R189=1, S189=1, ISBLANK(P189), ISBLANK(Q189), T189=U189), 1, IF(AND(R189=1, S189=1, ISBLANK(P189), ISBLANK(Q189), U189>T189), 2, S189))","=IF(K189<>""Y"", 0, IF(AND(R189=1, S189=1, ISBLANK(P189), ISBLANK(Q189), T189=U189), 2, 3))"
Tuesday,8,2026-07-14,5:30pm,"Courts 10–13","Line 1 (#1/#2)","Jetsetters","Full Metal Racquet","","",Y,,,,,,,"=IF(L190="""",0,IF(L190>M190,1,0))+IF(N190="""",0,IF(N190>O190,1,0))+IF(P190="""",0,IF(P190>Q190,1,0))","=IF(M190="""",0,IF(M190>L190,1,0))+IF(O190="""",0,IF(O190>N190,1,0))+IF(Q190="""",0,IF(Q190>P190,1,0))","=SUM(L190,N190,P190)","=SUM(M190,O190,Q190)","=IF(K190=""Y"", 1, 0) + IF(AND(R190=1, S190=1, ISBLANK(P190), ISBLANK(Q190), T190=U190), 1, IF(AND(R190=1, S190=1, ISBLANK(P190), ISBLANK(Q190), T190>U190), 2, R190))","=IF(K190=""Y"", 1, 0) + IF(AND(R190=1, S190=1, ISBLANK(P190), ISBLANK(Q190), T190=U190), 1, IF(AND(R190=1, S190=1, ISBLANK(P190), ISBLANK(Q190), U190>T190), 2, S190))","=IF(K190<>""Y"", 0, IF(AND(R190=1, S190=1, ISBLANK(P190), ISBLANK(Q190), T190=U190), 2, 3))"
Tuesday,8,2026-07-14,5:30pm,"Courts 10–13","Line 2 (#3 Pair A)","Jetsetters","Full Metal Racquet","","",Y,,,,,,,"=IF(L191="""",0,IF(L191>M191,1,0))+IF(N191="""",0,IF(N191>O191,1,0))+IF(P191="""",0,IF(P191>Q191,1,0))","=IF(M191="""",0,IF(M191>L191,1,0))+IF(O191="""",0,IF(O191>N191,1,0))+IF(Q191="""",0,IF(Q191>P191,1,0))","=SUM(L191,N191,P191)","=SUM(M191,O191,Q191)","=IF(K191=""Y"", 1, 0) + IF(AND(R191=1, S191=1, ISBLANK(P191), ISBLANK(Q191), T191=U191), 1, IF(AND(R191=1, S191=1, ISBLANK(P191), ISBLANK(Q191), T191>U191), 2, R191))","=IF(K191=""Y"", 1, 0) + IF(AND(R191=1, S191=1, ISBLANK(P191), ISBLANK(Q191), T191=U191), 1, IF(AND(R191=1, S191=1, ISBLANK(P191), ISBLANK(Q191), U191>T191), 2, S191))","=IF(K191<>""Y"", 0, IF(AND(R191=1, S191=1, ISBLANK(P191), ISBLANK(Q191), T191=U191), 2, 3))"
Tuesday,8,2026-07-14,5:30pm,"Courts 10–13","Line 3 (#3 Pair B)","Jetsetters","Full Metal Racquet","","",Y,,,,,,,"=IF(L192="""",0,IF(L192>M192,1,0))+IF(N192="""",0,IF(N192>O192,1,0))+IF(P192="""",0,IF(P192>Q192,1,0))","=IF(M192="""",0,IF(M192>L192,1,0))+IF(O192="""",0,IF(O192>N192,1,0))+IF(Q192="""",0,IF(Q192>P192,1,0))","=SUM(L192,N192,P192)","=SUM(M192,O192,Q192)","=IF(K192=""Y"", 1, 0) + IF(AND(R192=1, S192=1, ISBLANK(P192), ISBLANK(Q192), T192=U192), 1, IF(AND(R192=1, S192=1, ISBLANK(P192), ISBLANK(Q192), T192>U192), 2, R192))","=IF(K192=""Y"", 1, 0) + IF(AND(R192=1, S192=1, ISBLANK(P192), ISBLANK(Q192), T192=U192), 1, IF(AND(R192=1, S192=1, ISBLANK(P192), ISBLANK(Q192), U192>T192), 2, S192))","=IF(K192<>""Y"", 0, IF(AND(R192=1, S192=1, ISBLANK(P192), ISBLANK(Q192), T192=U192), 2, 3))"
Tuesday,8,2026-07-14,5:30pm,"Courts 10–13","Line 4 (#4/#5)","Jetsetters","Full Metal Racquet","","",Y,,,,,,,"=IF(L193="""",0,IF(L193>M193,1,0))+IF(N193="""",0,IF(N193>O193,1,0))+IF(P193="""",0,IF(P193>Q193,1,0))","=IF(M193="""",0,IF(M193>L193,1,0))+IF(O193="""",0,IF(O193>N193,1,0))+IF(Q193="""",0,IF(Q193>P193,1,0))","=SUM(L193,N193,P193)","=SUM(M193,O193,Q193)","=IF(K193=""Y"", 1, 0) + IF(AND(R193=1, S193=1, ISBLANK(P193), ISBLANK(Q193), T193=U193), 1, IF(AND(R193=1, S193=1, ISBLANK(P193), ISBLANK(Q193), T193>U193), 2, R193))","=IF(K193=""Y"", 1, 0) + IF(AND(R193=1, S193=1, ISBLANK(P193), ISBLANK(Q193), T193=U193), 1, IF(AND(R193=1, S193=1, ISBLANK(P193), ISBLANK(Q193), U193>T193), 2, S193))","=IF(K193<>""Y"", 0, IF(AND(R193=1, S193=1, ISBLANK(P193), ISBLANK(Q193), T193=U193), 2, 3))"
Tuesday,9,2026-07-21,5:30pm,"Courts 1–5","Line 1 (#1/#2)","Spin Doctors","Approach Shots","","",Y,,,,,,,"=IF(L194="""",0,IF(L194>M194,1,0))+IF(N194="""",0,IF(N194>O194,1,0))+IF(P194="""",0,IF(P194>Q194,1,0))","=IF(M194="""",0,IF(M194>L194,1,0))+IF(O194="""",0,IF(O194>N194,1,0))+IF(Q194="""",0,IF(Q194>P194,1,0))","=SUM(L194,N194,P194)","=SUM(M194,O194,Q194)","=IF(K194=""Y"", 1, 0) + IF(AND(R194=1, S194=1, ISBLANK(P194), ISBLANK(Q194), T194=U194), 1, IF(AND(R194=1, S194=1, ISBLANK(P194), ISBLANK(Q194), T194>U194), 2, R194))","=IF(K194=""Y"", 1, 0) + IF(AND(R194=1, S194=1, ISBLANK(P194), ISBLANK(Q194), T194=U194), 1, IF(AND(R194=1, S194=1, ISBLANK(P194), ISBLANK(Q194), U194>T194), 2, S194))","=IF(K194<>""Y"", 0, IF(AND(R194=1, S194=1, ISBLANK(P194), ISBLANK(Q194), T194=U194), 2, 3))"
Tuesday,9,2026-07-21,5:30pm,"Courts 1–5","Line 2 (#3 Pair A)","Spin Doctors","Approach Shots","","",Y,,,,,,,"=IF(L195="""",0,IF(L195>M195,1,0))+IF(N195="""",0,IF(N195>O195,1,0))+IF(P195="""",0,IF(P195>Q195,1,0))","=IF(M195="""",0,IF(M195>L195,1,0))+IF(O195="""",0,IF(O195>N195,1,0))+IF(Q195="""",0,IF(Q195>P195,1,0))","=SUM(L195,N195,P195)","=SUM(M195,O195,Q195)","=IF(K195=""Y"", 1, 0) + IF(AND(R195=1, S195=1, ISBLANK(P195), ISBLANK(Q195), T195=U195), 1, IF(AND(R195=1, S195=1, ISBLANK(P195), ISBLANK(Q195), T195>U195), 2, R195))","=IF(K195=""Y"", 1, 0) + IF(AND(R195=1, S195=1, ISBLANK(P195), ISBLANK(Q195), T195=U195), 1, IF(AND(R195=1, S195=1, ISBLANK(P195), ISBLANK(Q195), U195>T195), 2, S195))","=IF(K195<>""Y"", 0, IF(AND(R195=1, S195=1, ISBLANK(P195), ISBLANK(Q195), T195=U195), 2, 3))"
Tuesday,9,2026-07-21,5:30pm,"Courts 1–5","Line 3 (#3 Pair B)","Spin Doctors","Approach Shots","","",Y,,,,,,,"=IF(L196="""",0,IF(L196>M196,1,0))+IF(N196="""",0,IF(N196>O196,1,0))+IF(P196="""",0,IF(P196>Q196,1,0))","=IF(M196="""",0,IF(M196>L196,1,0))+IF(O196="""",0,IF(O196>N196,1,0))+IF(Q196="""",0,IF(Q196>P196,1,0))","=SUM(L196,N196,P196)","=SUM(M196,O196,Q196)","=IF(K196=""Y"", 1, 0) + IF(AND(R196=1, S196=1, ISBLANK(P196), ISBLANK(Q196), T196=U196), 1, IF(AND(R196=1, S196=1, ISBLANK(P196), ISBLANK(Q196), T196>U196), 2, R196))","=IF(K196=""Y"", 1, 0) + IF(AND(R196=1, S196=1, ISBLANK(P196), ISBLANK(Q196), T196=U196), 1, IF(AND(R196=1, S196=1, ISBLANK(P196), ISBLANK(Q196), U196>T196), 2, S196))","=IF(K196<>""Y"", 0, IF(AND(R196=1, S196=1, ISBLANK(P196), ISBLANK(Q196), T196=U196), 2, 3))"
Tuesday,9,2026-07-21,5:30pm,"Courts 1–5","Line 4 (#4/#5)","Spin Doctors","Approach Shots","","",Y,,,,,,,"=IF(L197="""",0,IF(L197>M197,1,0))+IF(N197="""",0,IF(N197>O197,1,0))+IF(P197="""",0,IF(P197>Q197,1,0))","=IF(M197="""",0,IF(M197>L197,1,0))+IF(O197="""",0,IF(O197>N197,1,0))+IF(Q197="""",0,IF(Q197>P197,1,0))","=SUM(L197,N197,P197)","=SUM(M197,O197,Q197)","=IF(K197=""Y"", 1, 0) + IF(AND(R197=1, S197=1, ISBLANK(P197), ISBLANK(Q197), T197=U197), 1, IF(AND(R197=1, S197=1, ISBLANK(P197), ISBLANK(Q197), T197>U197), 2, R197))","=IF(K197=""Y"", 1, 0) + IF(AND(R197=1, S197=1, ISBLANK(P197), ISBLANK(Q197), T197=U197), 1, IF(AND(R197=1, S197=1, ISBLANK(P197), ISBLANK(Q197), U197>T197), 2, S197))","=IF(K197<>""Y"", 0, IF(AND(R197=1, S197=1, ISBLANK(P197), ISBLANK(Q197), T197=U197), 2, 3))"
Tuesday,9,2026-07-21,5:30pm,"Courts 6–9","Line 1 (#1/#2)","Racquet Scientists","Herons","","",Y,,,,,,,"=IF(L198="""",0,IF(L198>M198,1,0))+IF(N198="""",0,IF(N198>O198,1,0))+IF(P198="""",0,IF(P198>Q198,1,0))","=IF(M198="""",0,IF(M198>L198,1,0))+IF(O198="""",0,IF(O198>N198,1,0))+IF(Q198="""",0,IF(Q198>P198,1,0))","=SUM(L198,N198,P198)","=SUM(M198,O198,Q198)","=IF(K198=""Y"", 1, 0) + IF(AND(R198=1, S198=1, ISBLANK(P198), ISBLANK(Q198), T198=U198), 1, IF(AND(R198=1, S198=1, ISBLANK(P198), ISBLANK(Q198), T198>U198), 2, R198))","=IF(K198=""Y"", 1, 0) + IF(AND(R198=1, S198=1, ISBLANK(P198), ISBLANK(Q198), T198=U198), 1, IF(AND(R198=1, S198=1, ISBLANK(P198), ISBLANK(Q198), U198>T198), 2, S198))","=IF(K198<>""Y"", 0, IF(AND(R198=1, S198=1, ISBLANK(P198), ISBLANK(Q198), T198=U198), 2, 3))"
Tuesday,9,2026-07-21,5:30pm,"Courts 6–9","Line 2 (#3 Pair A)","Racquet Scientists","Herons","","",Y,,,,,,,"=IF(L199="""",0,IF(L199>M199,1,0))+IF(N199="""",0,IF(N199>O199,1,0))+IF(P199="""",0,IF(P199>Q199,1,0))","=IF(M199="""",0,IF(M199>L199,1,0))+IF(O199="""",0,IF(O199>N199,1,0))+IF(Q199="""",0,IF(Q199>P199,1,0))","=SUM(L199,N199,P199)","=SUM(M199,O199,Q199)","=IF(K199=""Y"", 1, 0) + IF(AND(R199=1, S199=1, ISBLANK(P199), ISBLANK(Q199), T199=U199), 1, IF(AND(R199=1, S199=1, ISBLANK(P199), ISBLANK(Q199), T199>U199), 2, R199))","=IF(K199=""Y"", 1, 0) + IF(AND(R199=1, S199=1, ISBLANK(P199), ISBLANK(Q199), T199=U199), 1, IF(AND(R199=1, S199=1, ISBLANK(P199), ISBLANK(Q199), U199>T199), 2, S199))","=IF(K199<>""Y"", 0, IF(AND(R199=1, S199=1, ISBLANK(P199), ISBLANK(Q199), T199=U199), 2, 3))"
Tuesday,9,2026-07-21,5:30pm,"Courts 6–9","Line 3 (#3 Pair B)","Racquet Scientists","Herons","","",Y,,,,,,,"=IF(L200="""",0,IF(L200>M200,1,0))+IF(N200="""",0,IF(N200>O200,1,0))+IF(P200="""",0,IF(P200>Q200,1,0))","=IF(M200="""",0,IF(M200>L200,1,0))+IF(O200="""",0,IF(O200>N200,1,0))+IF(Q200="""",0,IF(Q200>P200,1,0))","=SUM(L200,N200,P200)","=SUM(M200,O200,Q200)","=IF(K200=""Y"", 1, 0) + IF(AND(R200=1, S200=1, ISBLANK(P200), ISBLANK(Q200), T200=U200), 1, IF(AND(R200=1, S200=1, ISBLANK(P200), ISBLANK(Q200), T200>U200), 2, R200))","=IF(K200=""Y"", 1, 0) + IF(AND(R200=1, S200=1, ISBLANK(P200), ISBLANK(Q200), T200=U200), 1, IF(AND(R200=1, S200=1, ISBLANK(P200), ISBLANK(Q200), U200>T200), 2, S200))","=IF(K200<>""Y"", 0, IF(AND(R200=1, S200=1, ISBLANK(P200), ISBLANK(Q200), T200=U200), 2, 3))"
Tuesday,9,2026-07-21,5:30pm,"Courts 6–9","Line 4 (#4/#5)","Racquet Scientists","Herons","","",Y,,,,,,,"=IF(L201="""",0,IF(L201>M201,1,0))+IF(N201="""",0,IF(N201>O201,1,0))+IF(P201="""",0,IF(P201>Q201,1,0))","=IF(M201="""",0,IF(M201>L201,1,0))+IF(O201="""",0,IF(O201>N201,1,0))+IF(Q201="""",0,IF(Q201>P201,1,0))","=SUM(L201,N201,P201)","=SUM(M201,O201,Q201)","=IF(K201=""Y"", 1, 0) + IF(AND(R201=1, S201=1, ISBLANK(P201), ISBLANK(Q201), T201=U201), 1, IF(AND(R201=1, S201=1, ISBLANK(P201), ISBLANK(Q201), T201>U201), 2, R201))","=IF(K201=""Y"", 1, 0) + IF(AND(R201=1, S201=1, ISBLANK(P201), ISBLANK(Q201), T201=U201), 1, IF(AND(R201=1, S201=1, ISBLANK(P201), ISBLANK(Q201), U201>T201), 2, S201))","=IF(K201<>""Y"", 0, IF(AND(R201=1, S201=1, ISBLANK(P201), ISBLANK(Q201), T201=U201), 2, 3))"
Tuesday,9,2026-07-21,7:00pm,"Courts 6–9","Line 1 (#1/#2)","Rascals","Subs","","",Y,,,,,,,"=IF(L202="""",0,IF(L202>M202,1,0))+IF(N202="""",0,IF(N202>O202,1,0))+IF(P202="""",0,IF(P202>Q202,1,0))","=IF(M202="""",0,IF(M202>L202,1,0))+IF(O202="""",0,IF(O202>N202,1,0))+IF(Q202="""",0,IF(Q202>P202,1,0))","=SUM(L202,N202,P202)","=SUM(M202,O202,Q202)","=IF(K202=""Y"", 1, 0) + IF(AND(R202=1, S202=1, ISBLANK(P202), ISBLANK(Q202), T202=U202), 1, IF(AND(R202=1, S202=1, ISBLANK(P202), ISBLANK(Q202), T202>U202), 2, R202))","=IF(K202=""Y"", 1, 0) + IF(AND(R202=1, S202=1, ISBLANK(P202), ISBLANK(Q202), T202=U202), 1, IF(AND(R202=1, S202=1, ISBLANK(P202), ISBLANK(Q202), U202>T202), 2, S202))","=IF(K202<>""Y"", 0, IF(AND(R202=1, S202=1, ISBLANK(P202), ISBLANK(Q202), T202=U202), 2, 3))"
Tuesday,9,2026-07-21,7:00pm,"Courts 6–9","Line 2 (#3 Pair A)","Rascals","Subs","","",Y,,,,,,,"=IF(L203="""",0,IF(L203>M203,1,0))+IF(N203="""",0,IF(N203>O203,1,0))+IF(P203="""",0,IF(P203>Q203,1,0))","=IF(M203="""",0,IF(M203>L203,1,0))+IF(O203="""",0,IF(O203>N203,1,0))+IF(Q203="""",0,IF(Q203>P203,1,0))","=SUM(L203,N203,P203)","=SUM(M203,O203,Q203)","=IF(K203=""Y"", 1, 0) + IF(AND(R203=1, S203=1, ISBLANK(P203), ISBLANK(Q203), T203=U203), 1, IF(AND(R203=1, S203=1, ISBLANK(P203), ISBLANK(Q203), T203>U203), 2, R203))","=IF(K203=""Y"", 1, 0) + IF(AND(R203=1, S203=1, ISBLANK(P203), ISBLANK(Q203), T203=U203), 1, IF(AND(R203=1, S203=1, ISBLANK(P203), ISBLANK(Q203), U203>T203), 2, S203))","=IF(K203<>""Y"", 0, IF(AND(R203=1, S203=1, ISBLANK(P203), ISBLANK(Q203), T203=U203), 2, 3))"
Tuesday,9,2026-07-21,7:00pm,"Courts 6–9","Line 3 (#3 Pair B)","Rascals","Subs","","",Y,,,,,,,"=IF(L204="""",0,IF(L204>M204,1,0))+IF(N204="""",0,IF(N204>O204,1,0))+IF(P204="""",0,IF(P204>Q204,1,0))","=IF(M204="""",0,IF(M204>L204,1,0))+IF(O204="""",0,IF(O204>N204,1,0))+IF(Q204="""",0,IF(Q204>P204,1,0))","=SUM(L204,N204,P204)","=SUM(M204,O204,Q204)","=IF(K204=""Y"", 1, 0) + IF(AND(R204=1, S204=1, ISBLANK(P204), ISBLANK(Q204), T204=U204), 1, IF(AND(R204=1, S204=1, ISBLANK(P204), ISBLANK(Q204), T204>U204), 2, R204))","=IF(K204=""Y"", 1, 0) + IF(AND(R204=1, S204=1, ISBLANK(P204), ISBLANK(Q204), T204=U204), 1, IF(AND(R204=1, S204=1, ISBLANK(P204), ISBLANK(Q204), U204>T204), 2, S204))","=IF(K204<>""Y"", 0, IF(AND(R204=1, S204=1, ISBLANK(P204), ISBLANK(Q204), T204=U204), 2, 3))"
Tuesday,9,2026-07-21,7:00pm,"Courts 6–9","Line 4 (#4/#5)","Rascals","Subs","","",Y,,,,,,,"=IF(L205="""",0,IF(L205>M205,1,0))+IF(N205="""",0,IF(N205>O205,1,0))+IF(P205="""",0,IF(P205>Q205,1,0))","=IF(M205="""",0,IF(M205>L205,1,0))+IF(O205="""",0,IF(O205>N205,1,0))+IF(Q205="""",0,IF(Q205>P205,1,0))","=SUM(L205,N205,P205)","=SUM(M205,O205,Q205)","=IF(K205=""Y"", 1, 0) + IF(AND(R205=1, S205=1, ISBLANK(P205), ISBLANK(Q205), T205=U205), 1, IF(AND(R205=1, S205=1, ISBLANK(P205), ISBLANK(Q205), T205>U205), 2, R205))","=IF(K205=""Y"", 1, 0) + IF(AND(R205=1, S205=1, ISBLANK(P205), ISBLANK(Q205), T205=U205), 1, IF(AND(R205=1, S205=1, ISBLANK(P205), ISBLANK(Q205), U205>T205), 2, S205))","=IF(K205<>""Y"", 0, IF(AND(R205=1, S205=1, ISBLANK(P205), ISBLANK(Q205), T205=U205), 2, 3))"
Tuesday,9,2026-07-21,5:30pm,"Courts 10–13","Line 1 (#1/#2)","Good Ol' Boys","Easy Overhead","","",Y,,,,,,,"=IF(L206="""",0,IF(L206>M206,1,0))+IF(N206="""",0,IF(N206>O206,1,0))+IF(P206="""",0,IF(P206>Q206,1,0))","=IF(M206="""",0,IF(M206>L206,1,0))+IF(O206="""",0,IF(O206>N206,1,0))+IF(Q206="""",0,IF(Q206>P206,1,0))","=SUM(L206,N206,P206)","=SUM(M206,O206,Q206)","=IF(K206=""Y"", 1, 0) + IF(AND(R206=1, S206=1, ISBLANK(P206), ISBLANK(Q206), T206=U206), 1, IF(AND(R206=1, S206=1, ISBLANK(P206), ISBLANK(Q206), T206>U206), 2, R206))","=IF(K206=""Y"", 1, 0) + IF(AND(R206=1, S206=1, ISBLANK(P206), ISBLANK(Q206), T206=U206), 1, IF(AND(R206=1, S206=1, ISBLANK(P206), ISBLANK(Q206), U206>T206), 2, S206))","=IF(K206<>""Y"", 0, IF(AND(R206=1, S206=1, ISBLANK(P206), ISBLANK(Q206), T206=U206), 2, 3))"
Tuesday,9,2026-07-21,5:30pm,"Courts 10–13","Line 2 (#3 Pair A)","Good Ol' Boys","Easy Overhead","","",Y,,,,,,,"=IF(L207="""",0,IF(L207>M207,1,0))+IF(N207="""",0,IF(N207>O207,1,0))+IF(P207="""",0,IF(P207>Q207,1,0))","=IF(M207="""",0,IF(M207>L207,1,0))+IF(O207="""",0,IF(O207>N207,1,0))+IF(Q207="""",0,IF(Q207>P207,1,0))","=SUM(L207,N207,P207)","=SUM(M207,O207,Q207)","=IF(K207=""Y"", 1, 0) + IF(AND(R207=1, S207=1, ISBLANK(P207), ISBLANK(Q207), T207=U207), 1, IF(AND(R207=1, S207=1, ISBLANK(P207), ISBLANK(Q207), T207>U207), 2, R207))","=IF(K207=""Y"", 1, 0) + IF(AND(R207=1, S207=1, ISBLANK(P207), ISBLANK(Q207), T207=U207), 1, IF(AND(R207=1, S207=1, ISBLANK(P207), ISBLANK(Q207), U207>T207), 2, S207))","=IF(K207<>""Y"", 0, IF(AND(R207=1, S207=1, ISBLANK(P207), ISBLANK(Q207), T207=U207), 2, 3))"
Tuesday,9,2026-07-21,5:30pm,"Courts 10–13","Line 3 (#3 Pair B)","Good Ol' Boys","Easy Overhead","","",Y,,,,,,,"=IF(L208="""",0,IF(L208>M208,1,0))+IF(N208="""",0,IF(N208>O208,1,0))+IF(P208="""",0,IF(P208>Q208,1,0))","=IF(M208="""",0,IF(M208>L208,1,0))+IF(O208="""",0,IF(O208>N208,1,0))+IF(Q208="""",0,IF(Q208>P208,1,0))","=SUM(L208,N208,P208)","=SUM(M208,O208,Q208)","=IF(K208=""Y"", 1, 0) + IF(AND(R208=1, S208=1, ISBLANK(P208), ISBLANK(Q208), T208=U208), 1, IF(AND(R208=1, S208=1, ISBLANK(P208), ISBLANK(Q208), T208>U208), 2, R208))","=IF(K208=""Y"", 1, 0) + IF(AND(R208=1, S208=1, ISBLANK(P208), ISBLANK(Q208), T208=U208), 1, IF(AND(R208=1, S208=1, ISBLANK(P208), ISBLANK(Q208), U208>T208), 2, S208))","=IF(K208<>""Y"", 0, IF(AND(R208=1, S208=1, ISBLANK(P208), ISBLANK(Q208), T208=U208), 2, 3))"
Tuesday,9,2026-07-21,5:30pm,"Courts 10–13","Line 4 (#4/#5)","Good Ol' Boys","Easy Overhead","","",Y,,,,,,,"=IF(L209="""",0,IF(L209>M209,1,0))+IF(N209="""",0,IF(N209>O209,1,0))+IF(P209="""",0,IF(P209>Q209,1,0))","=IF(M209="""",0,IF(M209>L209,1,0))+IF(O209="""",0,IF(O209>N209,1,0))+IF(Q209="""",0,IF(Q209>P209,1,0))","=SUM(L209,N209,P209)","=SUM(M209,O209,Q209)","=IF(K209=""Y"", 1, 0) + IF(AND(R209=1, S209=1, ISBLANK(P209), ISBLANK(Q209), T209=U209), 1, IF(AND(R209=1, S209=1, ISBLANK(P209), ISBLANK(Q209), T209>U209), 2, R209))","=IF(K209=""Y"", 1, 0) + IF(AND(R209=1, S209=1, ISBLANK(P209), ISBLANK(Q209), T209=U209), 1, IF(AND(R209=1, S209=1, ISBLANK(P209), ISBLANK(Q209), U209>T209), 2, S209))","=IF(K209<>""Y"", 0, IF(AND(R209=1, S209=1, ISBLANK(P209), ISBLANK(Q209), T209=U209), 2, 3))"
Tuesday,9,2026-07-21,7:00pm,"Courts 1–5","Line 1 (#1/#2)","Return to Sender with Love","Full Metal Racquet","","",Y,,,,,,,"=IF(L210="""",0,IF(L210>M210,1,0))+IF(N210="""",0,IF(N210>O210,1,0))+IF(P210="""",0,IF(P210>Q210,1,0))","=IF(M210="""",0,IF(M210>L210,1,0))+IF(O210="""",0,IF(O210>N210,1,0))+IF(Q210="""",0,IF(Q210>P210,1,0))","=SUM(L210,N210,P210)","=SUM(M210,O210,Q210)","=IF(K210=""Y"", 1, 0) + IF(AND(R210=1, S210=1, ISBLANK(P210), ISBLANK(Q210), T210=U210), 1, IF(AND(R210=1, S210=1, ISBLANK(P210), ISBLANK(Q210), T210>U210), 2, R210))","=IF(K210=""Y"", 1, 0) + IF(AND(R210=1, S210=1, ISBLANK(P210), ISBLANK(Q210), T210=U210), 1, IF(AND(R210=1, S210=1, ISBLANK(P210), ISBLANK(Q210), U210>T210), 2, S210))","=IF(K210<>""Y"", 0, IF(AND(R210=1, S210=1, ISBLANK(P210), ISBLANK(Q210), T210=U210), 2, 3))"
Tuesday,9,2026-07-21,7:00pm,"Courts 1–5","Line 2 (#3 Pair A)","Return to Sender with Love","Full Metal Racquet","","",Y,,,,,,,"=IF(L211="""",0,IF(L211>M211,1,0))+IF(N211="""",0,IF(N211>O211,1,0))+IF(P211="""",0,IF(P211>Q211,1,0))","=IF(M211="""",0,IF(M211>L211,1,0))+IF(O211="""",0,IF(O211>N211,1,0))+IF(Q211="""",0,IF(Q211>P211,1,0))","=SUM(L211,N211,P211)","=SUM(M211,O211,Q211)","=IF(K211=""Y"", 1, 0) + IF(AND(R211=1, S211=1, ISBLANK(P211), ISBLANK(Q211), T211=U211), 1, IF(AND(R211=1, S211=1, ISBLANK(P211), ISBLANK(Q211), T211>U211), 2, R211))","=IF(K211=""Y"", 1, 0) + IF(AND(R211=1, S211=1, ISBLANK(P211), ISBLANK(Q211), T211=U211), 1, IF(AND(R211=1, S211=1, ISBLANK(P211), ISBLANK(Q211), U211>T211), 2, S211))","=IF(K211<>""Y"", 0, IF(AND(R211=1, S211=1, ISBLANK(P211), ISBLANK(Q211), T211=U211), 2, 3))"
Tuesday,9,2026-07-21,7:00pm,"Courts 1–5","Line 3 (#3 Pair B)","Return to Sender with Love","Full Metal Racquet","","",Y,,,,,,,"=IF(L212="""",0,IF(L212>M212,1,0))+IF(N212="""",0,IF(N212>O212,1,0))+IF(P212="""",0,IF(P212>Q212,1,0))","=IF(M212="""",0,IF(M212>L212,1,0))+IF(O212="""",0,IF(O212>N212,1,0))+IF(Q212="""",0,IF(Q212>P212,1,0))","=SUM(L212,N212,P212)","=SUM(M212,O212,Q212)","=IF(K212=""Y"", 1, 0) + IF(AND(R212=1, S212=1, ISBLANK(P212), ISBLANK(Q212), T212=U212), 1, IF(AND(R212=1, S212=1, ISBLANK(P212), ISBLANK(Q212), T212>U212), 2, R212))","=IF(K212=""Y"", 1, 0) + IF(AND(R212=1, S212=1, ISBLANK(P212), ISBLANK(Q212), T212=U212), 1, IF(AND(R212=1, S212=1, ISBLANK(P212), ISBLANK(Q212), U212>T212), 2, S212))","=IF(K212<>""Y"", 0, IF(AND(R212=1, S212=1, ISBLANK(P212), ISBLANK(Q212), T212=U212), 2, 3))"
Tuesday,9,2026-07-21,7:00pm,"Courts 1–5","Line 4 (#4/#5)","Return to Sender with Love","Full Metal Racquet","","",Y,,,,,,,"=IF(L213="""",0,IF(L213>M213,1,0))+IF(N213="""",0,IF(N213>O213,1,0))+IF(P213="""",0,IF(P213>Q213,1,0))","=IF(M213="""",0,IF(M213>L213,1,0))+IF(O213="""",0,IF(O213>N213,1,0))+IF(Q213="""",0,IF(Q213>P213,1,0))","=SUM(L213,N213,P213)","=SUM(M213,O213,Q213)","=IF(K213=""Y"", 1, 0) + IF(AND(R213=1, S213=1, ISBLANK(P213), ISBLANK(Q213), T213=U213), 1, IF(AND(R213=1, S213=1, ISBLANK(P213), ISBLANK(Q213), T213>U213), 2, R213))","=IF(K213=""Y"", 1, 0) + IF(AND(R213=1, S213=1, ISBLANK(P213), ISBLANK(Q213), T213=U213), 1, IF(AND(R213=1, S213=1, ISBLANK(P213), ISBLANK(Q213), U213>T213), 2, S213))","=IF(K213<>""Y"", 0, IF(AND(R213=1, S213=1, ISBLANK(P213), ISBLANK(Q213), T213=U213), 2, 3))"
Tuesday,9,2026-07-21,7:00pm,"Courts 10–13","Line 1 (#1/#2)","Bounce It","Jetsetters","","",Y,,,,,,,"=IF(L214="""",0,IF(L214>M214,1,0))+IF(N214="""",0,IF(N214>O214,1,0))+IF(P214="""",0,IF(P214>Q214,1,0))","=IF(M214="""",0,IF(M214>L214,1,0))+IF(O214="""",0,IF(O214>N214,1,0))+IF(Q214="""",0,IF(Q214>P214,1,0))","=SUM(L214,N214,P214)","=SUM(M214,O214,Q214)","=IF(K214=""Y"", 1, 0) + IF(AND(R214=1, S214=1, ISBLANK(P214), ISBLANK(Q214), T214=U214), 1, IF(AND(R214=1, S214=1, ISBLANK(P214), ISBLANK(Q214), T214>U214), 2, R214))","=IF(K214=""Y"", 1, 0) + IF(AND(R214=1, S214=1, ISBLANK(P214), ISBLANK(Q214), T214=U214), 1, IF(AND(R214=1, S214=1, ISBLANK(P214), ISBLANK(Q214), U214>T214), 2, S214))","=IF(K214<>""Y"", 0, IF(AND(R214=1, S214=1, ISBLANK(P214), ISBLANK(Q214), T214=U214), 2, 3))"
Tuesday,9,2026-07-21,7:00pm,"Courts 10–13","Line 2 (#3 Pair A)","Bounce It","Jetsetters","","",Y,,,,,,,"=IF(L215="""",0,IF(L215>M215,1,0))+IF(N215="""",0,IF(N215>O215,1,0))+IF(P215="""",0,IF(P215>Q215,1,0))","=IF(M215="""",0,IF(M215>L215,1,0))+IF(O215="""",0,IF(O215>N215,1,0))+IF(Q215="""",0,IF(Q215>P215,1,0))","=SUM(L215,N215,P215)","=SUM(M215,O215,Q215)","=IF(K215=""Y"", 1, 0) + IF(AND(R215=1, S215=1, ISBLANK(P215), ISBLANK(Q215), T215=U215), 1, IF(AND(R215=1, S215=1, ISBLANK(P215), ISBLANK(Q215), T215>U215), 2, R215))","=IF(K215=""Y"", 1, 0) + IF(AND(R215=1, S215=1, ISBLANK(P215), ISBLANK(Q215), T215=U215), 1, IF(AND(R215=1, S215=1, ISBLANK(P215), ISBLANK(Q215), U215>T215), 2, S215))","=IF(K215<>""Y"", 0, IF(AND(R215=1, S215=1, ISBLANK(P215), ISBLANK(Q215), T215=U215), 2, 3))"
Tuesday,9,2026-07-21,7:00pm,"Courts 10–13","Line 3 (#3 Pair B)","Bounce It","Jetsetters","","",Y,,,,,,,"=IF(L216="""",0,IF(L216>M216,1,0))+IF(N216="""",0,IF(N216>O216,1,0))+IF(P216="""",0,IF(P216>Q216,1,0))","=IF(M216="""",0,IF(M216>L216,1,0))+IF(O216="""",0,IF(O216>N216,1,0))+IF(Q216="""",0,IF(Q216>P216,1,0))","=SUM(L216,N216,P216)","=SUM(M216,O216,Q216)","=IF(K216=""Y"", 1, 0) + IF(AND(R216=1, S216=1, ISBLANK(P216), ISBLANK(Q216), T216=U216), 1, IF(AND(R216=1, S216=1, ISBLANK(P216), ISBLANK(Q216), T216>U216), 2, R216))","=IF(K216=""Y"", 1, 0) + IF(AND(R216=1, S216=1, ISBLANK(P216), ISBLANK(Q216), T216=U216), 1, IF(AND(R216=1, S216=1, ISBLANK(P216), ISBLANK(Q216), U216>T216), 2, S216))","=IF(K216<>""Y"", 0, IF(AND(R216=1, S216=1, ISBLANK(P216), ISBLANK(Q216), T216=U216), 2, 3))"
Tuesday,9,2026-07-21,7:00pm,"Courts 10–13","Line 4 (#4/#5)","Bounce It","Jetsetters","","",Y,,,,,,,"=IF(L217="""",0,IF(L217>M217,1,0))+IF(N217="""",0,IF(N217>O217,1,0))+IF(P217="""",0,IF(P217>Q217,1,0))","=IF(M217="""",0,IF(M217>L217,1,0))+IF(O217="""",0,IF(O217>N217,1,0))+IF(Q217="""",0,IF(Q217>P217,1,0))","=SUM(L217,N217,P217)","=SUM(M217,O217,Q217)","=IF(K217=""Y"", 1, 0) + IF(AND(R217=1, S217=1, ISBLANK(P217), ISBLANK(Q217), T217=U217), 1, IF(AND(R217=1, S217=1, ISBLANK(P217), ISBLANK(Q217), T217>U217), 2, R217))","=IF(K217=""Y"", 1, 0) + IF(AND(R217=1, S217=1, ISBLANK(P217), ISBLANK(Q217), T217=U217), 1, IF(AND(R217=1, S217=1, ISBLANK(P217), ISBLANK(Q217), U217>T217), 2, S217))","=IF(K217<>""Y"", 0, IF(AND(R217=1, S217=1, ISBLANK(P217), ISBLANK(Q217), T217=U217), 2, 3))"
Tuesday,10,2026-07-28,5:30pm,"Courts 6–9","Line 1 (#1/#2)","Return to Sender with Love","Spin Doctors","","",Y,,,,,,,"=IF(L218="""",0,IF(L218>M218,1,0))+IF(N218="""",0,IF(N218>O218,1,0))+IF(P218="""",0,IF(P218>Q218,1,0))","=IF(M218="""",0,IF(M218>L218,1,0))+IF(O218="""",0,IF(O218>N218,1,0))+IF(Q218="""",0,IF(Q218>P218,1,0))","=SUM(L218,N218,P218)","=SUM(M218,O218,Q218)","=IF(K218=""Y"", 1, 0) + IF(AND(R218=1, S218=1, ISBLANK(P218), ISBLANK(Q218), T218=U218), 1, IF(AND(R218=1, S218=1, ISBLANK(P218), ISBLANK(Q218), T218>U218), 2, R218))","=IF(K218=""Y"", 1, 0) + IF(AND(R218=1, S218=1, ISBLANK(P218), ISBLANK(Q218), T218=U218), 1, IF(AND(R218=1, S218=1, ISBLANK(P218), ISBLANK(Q218), U218>T218), 2, S218))","=IF(K218<>""Y"", 0, IF(AND(R218=1, S218=1, ISBLANK(P218), ISBLANK(Q218), T218=U218), 2, 3))"
Tuesday,10,2026-07-28,5:30pm,"Courts 6–9","Line 2 (#3 Pair A)","Return to Sender with Love","Spin Doctors","","",Y,,,,,,,"=IF(L219="""",0,IF(L219>M219,1,0))+IF(N219="""",0,IF(N219>O219,1,0))+IF(P219="""",0,IF(P219>Q219,1,0))","=IF(M219="""",0,IF(M219>L219,1,0))+IF(O219="""",0,IF(O219>N219,1,0))+IF(Q219="""",0,IF(Q219>P219,1,0))","=SUM(L219,N219,P219)","=SUM(M219,O219,Q219)","=IF(K219=""Y"", 1, 0) + IF(AND(R219=1, S219=1, ISBLANK(P219), ISBLANK(Q219), T219=U219), 1, IF(AND(R219=1, S219=1, ISBLANK(P219), ISBLANK(Q219), T219>U219), 2, R219))","=IF(K219=""Y"", 1, 0) + IF(AND(R219=1, S219=1, ISBLANK(P219), ISBLANK(Q219), T219=U219), 1, IF(AND(R219=1, S219=1, ISBLANK(P219), ISBLANK(Q219), U219>T219), 2, S219))","=IF(K219<>""Y"", 0, IF(AND(R219=1, S219=1, ISBLANK(P219), ISBLANK(Q219), T219=U219), 2, 3))"
Tuesday,10,2026-07-28,5:30pm,"Courts 6–9","Line 3 (#3 Pair B)","Return to Sender with Love","Spin Doctors","","",Y,,,,,,,"=IF(L220="""",0,IF(L220>M220,1,0))+IF(N220="""",0,IF(N220>O220,1,0))+IF(P220="""",0,IF(P220>Q220,1,0))","=IF(M220="""",0,IF(M220>L220,1,0))+IF(O220="""",0,IF(O220>N220,1,0))+IF(Q220="""",0,IF(Q220>P220,1,0))","=SUM(L220,N220,P220)","=SUM(M220,O220,Q220)","=IF(K220=""Y"", 1, 0) + IF(AND(R220=1, S220=1, ISBLANK(P220), ISBLANK(Q220), T220=U220), 1, IF(AND(R220=1, S220=1, ISBLANK(P220), ISBLANK(Q220), T220>U220), 2, R220))","=IF(K220=""Y"", 1, 0) + IF(AND(R220=1, S220=1, ISBLANK(P220), ISBLANK(Q220), T220=U220), 1, IF(AND(R220=1, S220=1, ISBLANK(P220), ISBLANK(Q220), U220>T220), 2, S220))","=IF(K220<>""Y"", 0, IF(AND(R220=1, S220=1, ISBLANK(P220), ISBLANK(Q220), T220=U220), 2, 3))"
Tuesday,10,2026-07-28,5:30pm,"Courts 6–9","Line 4 (#4/#5)","Return to Sender with Love","Spin Doctors","","",Y,,,,,,,"=IF(L221="""",0,IF(L221>M221,1,0))+IF(N221="""",0,IF(N221>O221,1,0))+IF(P221="""",0,IF(P221>Q221,1,0))","=IF(M221="""",0,IF(M221>L221,1,0))+IF(O221="""",0,IF(O221>N221,1,0))+IF(Q221="""",0,IF(Q221>P221,1,0))","=SUM(L221,N221,P221)","=SUM(M221,O221,Q221)","=IF(K221=""Y"", 1, 0) + IF(AND(R221=1, S221=1, ISBLANK(P221), ISBLANK(Q221), T221=U221), 1, IF(AND(R221=1, S221=1, ISBLANK(P221), ISBLANK(Q221), T221>U221), 2, R221))","=IF(K221=""Y"", 1, 0) + IF(AND(R221=1, S221=1, ISBLANK(P221), ISBLANK(Q221), T221=U221), 1, IF(AND(R221=1, S221=1, ISBLANK(P221), ISBLANK(Q221), U221>T221), 2, S221))","=IF(K221<>""Y"", 0, IF(AND(R221=1, S221=1, ISBLANK(P221), ISBLANK(Q221), T221=U221), 2, 3))"
Tuesday,10,2026-07-28,5:30pm,"Courts 1–5","Line 1 (#1/#2)","Bounce It","Good Ol' Boys","","",Y,,,,,,,"=IF(L222="""",0,IF(L222>M222,1,0))+IF(N222="""",0,IF(N222>O222,1,0))+IF(P222="""",0,IF(P222>Q222,1,0))","=IF(M222="""",0,IF(M222>L222,1,0))+IF(O222="""",0,IF(O222>N222,1,0))+IF(Q222="""",0,IF(Q222>P222,1,0))","=SUM(L222,N222,P222)","=SUM(M222,O222,Q222)","=IF(K222=""Y"", 1, 0) + IF(AND(R222=1, S222=1, ISBLANK(P222), ISBLANK(Q222), T222=U222), 1, IF(AND(R222=1, S222=1, ISBLANK(P222), ISBLANK(Q222), T222>U222), 2, R222))","=IF(K222=""Y"", 1, 0) + IF(AND(R222=1, S222=1, ISBLANK(P222), ISBLANK(Q222), T222=U222), 1, IF(AND(R222=1, S222=1, ISBLANK(P222), ISBLANK(Q222), U222>T222), 2, S222))","=IF(K222<>""Y"", 0, IF(AND(R222=1, S222=1, ISBLANK(P222), ISBLANK(Q222), T222=U222), 2, 3))"
Tuesday,10,2026-07-28,5:30pm,"Courts 1–5","Line 2 (#3 Pair A)","Bounce It","Good Ol' Boys","","",Y,,,,,,,"=IF(L223="""",0,IF(L223>M223,1,0))+IF(N223="""",0,IF(N223>O223,1,0))+IF(P223="""",0,IF(P223>Q223,1,0))","=IF(M223="""",0,IF(M223>L223,1,0))+IF(O223="""",0,IF(O223>N223,1,0))+IF(Q223="""",0,IF(Q223>P223,1,0))","=SUM(L223,N223,P223)","=SUM(M223,O223,Q223)","=IF(K223=""Y"", 1, 0) + IF(AND(R223=1, S223=1, ISBLANK(P223), ISBLANK(Q223), T223=U223), 1, IF(AND(R223=1, S223=1, ISBLANK(P223), ISBLANK(Q223), T223>U223), 2, R223))","=IF(K223=""Y"", 1, 0) + IF(AND(R223=1, S223=1, ISBLANK(P223), ISBLANK(Q223), T223=U223), 1, IF(AND(R223=1, S223=1, ISBLANK(P223), ISBLANK(Q223), U223>T223), 2, S223))","=IF(K223<>""Y"", 0, IF(AND(R223=1, S223=1, ISBLANK(P223), ISBLANK(Q223), T223=U223), 2, 3))"
Tuesday,10,2026-07-28,5:30pm,"Courts 1–5","Line 3 (#3 Pair B)","Bounce It","Good Ol' Boys","","",Y,,,,,,,"=IF(L224="""",0,IF(L224>M224,1,0))+IF(N224="""",0,IF(N224>O224,1,0))+IF(P224="""",0,IF(P224>Q224,1,0))","=IF(M224="""",0,IF(M224>L224,1,0))+IF(O224="""",0,IF(O224>N224,1,0))+IF(Q224="""",0,IF(Q224>P224,1,0))","=SUM(L224,N224,P224)","=SUM(M224,O224,Q224)","=IF(K224=""Y"", 1, 0) + IF(AND(R224=1, S224=1, ISBLANK(P224), ISBLANK(Q224), T224=U224), 1, IF(AND(R224=1, S224=1, ISBLANK(P224), ISBLANK(Q224), T224>U224), 2, R224))","=IF(K224=""Y"", 1, 0) + IF(AND(R224=1, S224=1, ISBLANK(P224), ISBLANK(Q224), T224=U224), 1, IF(AND(R224=1, S224=1, ISBLANK(P224), ISBLANK(Q224), U224>T224), 2, S224))","=IF(K224<>""Y"", 0, IF(AND(R224=1, S224=1, ISBLANK(P224), ISBLANK(Q224), T224=U224), 2, 3))"
Tuesday,10,2026-07-28,5:30pm,"Courts 1–5","Line 4 (#4/#5)","Bounce It","Good Ol' Boys","","",Y,,,,,,,"=IF(L225="""",0,IF(L225>M225,1,0))+IF(N225="""",0,IF(N225>O225,1,0))+IF(P225="""",0,IF(P225>Q225,1,0))","=IF(M225="""",0,IF(M225>L225,1,0))+IF(O225="""",0,IF(O225>N225,1,0))+IF(Q225="""",0,IF(Q225>P225,1,0))","=SUM(L225,N225,P225)","=SUM(M225,O225,Q225)","=IF(K225=""Y"", 1, 0) + IF(AND(R225=1, S225=1, ISBLANK(P225), ISBLANK(Q225), T225=U225), 1, IF(AND(R225=1, S225=1, ISBLANK(P225), ISBLANK(Q225), T225>U225), 2, R225))","=IF(K225=""Y"", 1, 0) + IF(AND(R225=1, S225=1, ISBLANK(P225), ISBLANK(Q225), T225=U225), 1, IF(AND(R225=1, S225=1, ISBLANK(P225), ISBLANK(Q225), U225>T225), 2, S225))","=IF(K225<>""Y"", 0, IF(AND(R225=1, S225=1, ISBLANK(P225), ISBLANK(Q225), T225=U225), 2, 3))"
Tuesday,10,2026-07-28,7:00pm,"Courts 1–5","Line 1 (#1/#2)","Jetsetters","Rascals","","",Y,,,,,,,"=IF(L226="""",0,IF(L226>M226,1,0))+IF(N226="""",0,IF(N226>O226,1,0))+IF(P226="""",0,IF(P226>Q226,1,0))","=IF(M226="""",0,IF(M226>L226,1,0))+IF(O226="""",0,IF(O226>N226,1,0))+IF(Q226="""",0,IF(Q226>P226,1,0))","=SUM(L226,N226,P226)","=SUM(M226,O226,Q226)","=IF(K226=""Y"", 1, 0) + IF(AND(R226=1, S226=1, ISBLANK(P226), ISBLANK(Q226), T226=U226), 1, IF(AND(R226=1, S226=1, ISBLANK(P226), ISBLANK(Q226), T226>U226), 2, R226))","=IF(K226=""Y"", 1, 0) + IF(AND(R226=1, S226=1, ISBLANK(P226), ISBLANK(Q226), T226=U226), 1, IF(AND(R226=1, S226=1, ISBLANK(P226), ISBLANK(Q226), U226>T226), 2, S226))","=IF(K226<>""Y"", 0, IF(AND(R226=1, S226=1, ISBLANK(P226), ISBLANK(Q226), T226=U226), 2, 3))"
Tuesday,10,2026-07-28,7:00pm,"Courts 1–5","Line 2 (#3 Pair A)","Jetsetters","Rascals","","",Y,,,,,,,"=IF(L227="""",0,IF(L227>M227,1,0))+IF(N227="""",0,IF(N227>O227,1,0))+IF(P227="""",0,IF(P227>Q227,1,0))","=IF(M227="""",0,IF(M227>L227,1,0))+IF(O227="""",0,IF(O227>N227,1,0))+IF(Q227="""",0,IF(Q227>P227,1,0))","=SUM(L227,N227,P227)","=SUM(M227,O227,Q227)","=IF(K227=""Y"", 1, 0) + IF(AND(R227=1, S227=1, ISBLANK(P227), ISBLANK(Q227), T227=U227), 1, IF(AND(R227=1, S227=1, ISBLANK(P227), ISBLANK(Q227), T227>U227), 2, R227))","=IF(K227=""Y"", 1, 0) + IF(AND(R227=1, S227=1, ISBLANK(P227), ISBLANK(Q227), T227=U227), 1, IF(AND(R227=1, S227=1, ISBLANK(P227), ISBLANK(Q227), U227>T227), 2, S227))","=IF(K227<>""Y"", 0, IF(AND(R227=1, S227=1, ISBLANK(P227), ISBLANK(Q227), T227=U227), 2, 3))"
Tuesday,10,2026-07-28,7:00pm,"Courts 1–5","Line 3 (#3 Pair B)","Jetsetters","Rascals","","",Y,,,,,,,"=IF(L228="""",0,IF(L228>M228,1,0))+IF(N228="""",0,IF(N228>O228,1,0))+IF(P228="""",0,IF(P228>Q228,1,0))","=IF(M228="""",0,IF(M228>L228,1,0))+IF(O228="""",0,IF(O228>N228,1,0))+IF(Q228="""",0,IF(Q228>P228,1,0))","=SUM(L228,N228,P228)","=SUM(M228,O228,Q228)","=IF(K228=""Y"", 1, 0) + IF(AND(R228=1, S228=1, ISBLANK(P228), ISBLANK(Q228), T228=U228), 1, IF(AND(R228=1, S228=1, ISBLANK(P228), ISBLANK(Q228), T228>U228), 2, R228))","=IF(K228=""Y"", 1, 0) + IF(AND(R228=1, S228=1, ISBLANK(P228), ISBLANK(Q228), T228=U228), 1, IF(AND(R228=1, S228=1, ISBLANK(P228), ISBLANK(Q228), U228>T228), 2, S228))","=IF(K228<>""Y"", 0, IF(AND(R228=1, S228=1, ISBLANK(P228), ISBLANK(Q228), T228=U228), 2, 3))"
Tuesday,10,2026-07-28,7:00pm,"Courts 1–5","Line 4 (#4/#5)","Jetsetters","Rascals","","",Y,,,,,,,"=IF(L229="""",0,IF(L229>M229,1,0))+IF(N229="""",0,IF(N229>O229,1,0))+IF(P229="""",0,IF(P229>Q229,1,0))","=IF(M229="""",0,IF(M229>L229,1,0))+IF(O229="""",0,IF(O229>N229,1,0))+IF(Q229="""",0,IF(Q229>P229,1,0))","=SUM(L229,N229,P229)","=SUM(M229,O229,Q229)","=IF(K229=""Y"", 1, 0) + IF(AND(R229=1, S229=1, ISBLANK(P229), ISBLANK(Q229), T229=U229), 1, IF(AND(R229=1, S229=1, ISBLANK(P229), ISBLANK(Q229), T229>U229), 2, R229))","=IF(K229=""Y"", 1, 0) + IF(AND(R229=1, S229=1, ISBLANK(P229), ISBLANK(Q229), T229=U229), 1, IF(AND(R229=1, S229=1, ISBLANK(P229), ISBLANK(Q229), U229>T229), 2, S229))","=IF(K229<>""Y"", 0, IF(AND(R229=1, S229=1, ISBLANK(P229), ISBLANK(Q229), T229=U229), 2, 3))"
Tuesday,10,2026-07-28,7:00pm,"Courts 6–9","Line 1 (#1/#2)","Full Metal Racquet","Racquet Scientists","","",Y,,,,,,,"=IF(L230="""",0,IF(L230>M230,1,0))+IF(N230="""",0,IF(N230>O230,1,0))+IF(P230="""",0,IF(P230>Q230,1,0))","=IF(M230="""",0,IF(M230>L230,1,0))+IF(O230="""",0,IF(O230>N230,1,0))+IF(Q230="""",0,IF(Q230>P230,1,0))","=SUM(L230,N230,P230)","=SUM(M230,O230,Q230)","=IF(K230=""Y"", 1, 0) + IF(AND(R230=1, S230=1, ISBLANK(P230), ISBLANK(Q230), T230=U230), 1, IF(AND(R230=1, S230=1, ISBLANK(P230), ISBLANK(Q230), T230>U230), 2, R230))","=IF(K230=""Y"", 1, 0) + IF(AND(R230=1, S230=1, ISBLANK(P230), ISBLANK(Q230), T230=U230), 1, IF(AND(R230=1, S230=1, ISBLANK(P230), ISBLANK(Q230), U230>T230), 2, S230))","=IF(K230<>""Y"", 0, IF(AND(R230=1, S230=1, ISBLANK(P230), ISBLANK(Q230), T230=U230), 2, 3))"
Tuesday,10,2026-07-28,7:00pm,"Courts 6–9","Line 2 (#3 Pair A)","Full Metal Racquet","Racquet Scientists","","",Y,,,,,,,"=IF(L231="""",0,IF(L231>M231,1,0))+IF(N231="""",0,IF(N231>O231,1,0))+IF(P231="""",0,IF(P231>Q231,1,0))","=IF(M231="""",0,IF(M231>L231,1,0))+IF(O231="""",0,IF(O231>N231,1,0))+IF(Q231="""",0,IF(Q231>P231,1,0))","=SUM(L231,N231,P231)","=SUM(M231,O231,Q231)","=IF(K231=""Y"", 1, 0) + IF(AND(R231=1, S231=1, ISBLANK(P231), ISBLANK(Q231), T231=U231), 1, IF(AND(R231=1, S231=1, ISBLANK(P231), ISBLANK(Q231), T231>U231), 2, R231))","=IF(K231=""Y"", 1, 0) + IF(AND(R231=1, S231=1, ISBLANK(P231), ISBLANK(Q231), T231=U231), 1, IF(AND(R231=1, S231=1, ISBLANK(P231), ISBLANK(Q231), U231>T231), 2, S231))","=IF(K231<>""Y"", 0, IF(AND(R231=1, S231=1, ISBLANK(P231), ISBLANK(Q231), T231=U231), 2, 3))"
Tuesday,10,2026-07-28,7:00pm,"Courts 6–9","Line 3 (#3 Pair B)","Full Metal Racquet","Racquet Scientists","","",Y,,,,,,,"=IF(L232="""",0,IF(L232>M232,1,0))+IF(N232="""",0,IF(N232>O232,1,0))+IF(P232="""",0,IF(P232>Q232,1,0))","=IF(M232="""",0,IF(M232>L232,1,0))+IF(O232="""",0,IF(O232>N232,1,0))+IF(Q232="""",0,IF(Q232>P232,1,0))","=SUM(L232,N232,P232)","=SUM(M232,O232,Q232)","=IF(K232=""Y"", 1, 0) + IF(AND(R232=1, S232=1, ISBLANK(P232), ISBLANK(Q232), T232=U232), 1, IF(AND(R232=1, S232=1, ISBLANK(P232), ISBLANK(Q232), T232>U232), 2, R232))","=IF(K232=""Y"", 1, 0) + IF(AND(R232=1, S232=1, ISBLANK(P232), ISBLANK(Q232), T232=U232), 1, IF(AND(R232=1, S232=1, ISBLANK(P232), ISBLANK(Q232), U232>T232), 2, S232))","=IF(K232<>""Y"", 0, IF(AND(R232=1, S232=1, ISBLANK(P232), ISBLANK(Q232), T232=U232), 2, 3))"
Tuesday,10,2026-07-28,7:00pm,"Courts 6–9","Line 4 (#4/#5)","Full Metal Racquet","Racquet Scientists","","",Y,,,,,,,"=IF(L233="""",0,IF(L233>M233,1,0))+IF(N233="""",0,IF(N233>O233,1,0))+IF(P233="""",0,IF(P233>Q233,1,0))","=IF(M233="""",0,IF(M233>L233,1,0))+IF(O233="""",0,IF(O233>N233,1,0))+IF(Q233="""",0,IF(Q233>P233,1,0))","=SUM(L233,N233,P233)","=SUM(M233,O233,Q233)","=IF(K233=""Y"", 1, 0) + IF(AND(R233=1, S233=1, ISBLANK(P233), ISBLANK(Q233), T233=U233), 1, IF(AND(R233=1, S233=1, ISBLANK(P233), ISBLANK(Q233), T233>U233), 2, R233))","=IF(K233=""Y"", 1, 0) + IF(AND(R233=1, S233=1, ISBLANK(P233), ISBLANK(Q233), T233=U233), 1, IF(AND(R233=1, S233=1, ISBLANK(P233), ISBLANK(Q233), U233>T233), 2, S233))","=IF(K233<>""Y"", 0, IF(AND(R233=1, S233=1, ISBLANK(P233), ISBLANK(Q233), T233=U233), 2, 3))"
Tuesday,10,2026-07-28,7:00pm,"Courts 10–13","Line 1 (#1/#2)","Easy Overhead","Approach Shots","","",Y,,,,,,,"=IF(L234="""",0,IF(L234>M234,1,0))+IF(N234="""",0,IF(N234>O234,1,0))+IF(P234="""",0,IF(P234>Q234,1,0))","=IF(M234="""",0,IF(M234>L234,1,0))+IF(O234="""",0,IF(O234>N234,1,0))+IF(Q234="""",0,IF(Q234>P234,1,0))","=SUM(L234,N234,P234)","=SUM(M234,O234,Q234)","=IF(K234=""Y"", 1, 0) + IF(AND(R234=1, S234=1, ISBLANK(P234), ISBLANK(Q234), T234=U234), 1, IF(AND(R234=1, S234=1, ISBLANK(P234), ISBLANK(Q234), T234>U234), 2, R234))","=IF(K234=""Y"", 1, 0) + IF(AND(R234=1, S234=1, ISBLANK(P234), ISBLANK(Q234), T234=U234), 1, IF(AND(R234=1, S234=1, ISBLANK(P234), ISBLANK(Q234), U234>T234), 2, S234))","=IF(K234<>""Y"", 0, IF(AND(R234=1, S234=1, ISBLANK(P234), ISBLANK(Q234), T234=U234), 2, 3))"
Tuesday,10,2026-07-28,7:00pm,"Courts 10–13","Line 2 (#3 Pair A)","Easy Overhead","Approach Shots","","",Y,,,,,,,"=IF(L235="""",0,IF(L235>M235,1,0))+IF(N235="""",0,IF(N235>O235,1,0))+IF(P235="""",0,IF(P235>Q235,1,0))","=IF(M235="""",0,IF(M235>L235,1,0))+IF(O235="""",0,IF(O235>N235,1,0))+IF(Q235="""",0,IF(Q235>P235,1,0))","=SUM(L235,N235,P235)","=SUM(M235,O235,Q235)","=IF(K235=""Y"", 1, 0) + IF(AND(R235=1, S235=1, ISBLANK(P235), ISBLANK(Q235), T235=U235), 1, IF(AND(R235=1, S235=1, ISBLANK(P235), ISBLANK(Q235), T235>U235), 2, R235))","=IF(K235=""Y"", 1, 0) + IF(AND(R235=1, S235=1, ISBLANK(P235), ISBLANK(Q235), T235=U235), 1, IF(AND(R235=1, S235=1, ISBLANK(P235), ISBLANK(Q235), U235>T235), 2, S235))","=IF(K235<>""Y"", 0, IF(AND(R235=1, S235=1, ISBLANK(P235), ISBLANK(Q235), T235=U235), 2, 3))"
Tuesday,10,2026-07-28,7:00pm,"Courts 10–13","Line 3 (#3 Pair B)","Easy Overhead","Approach Shots","","",Y,,,,,,,"=IF(L236="""",0,IF(L236>M236,1,0))+IF(N236="""",0,IF(N236>O236,1,0))+IF(P236="""",0,IF(P236>Q236,1,0))","=IF(M236="""",0,IF(M236>L236,1,0))+IF(O236="""",0,IF(O236>N236,1,0))+IF(Q236="""",0,IF(Q236>P236,1,0))","=SUM(L236,N236,P236)","=SUM(M236,O236,Q236)","=IF(K236=""Y"", 1, 0) + IF(AND(R236=1, S236=1, ISBLANK(P236), ISBLANK(Q236), T236=U236), 1, IF(AND(R236=1, S236=1, ISBLANK(P236), ISBLANK(Q236), T236>U236), 2, R236))","=IF(K236=""Y"", 1, 0) + IF(AND(R236=1, S236=1, ISBLANK(P236), ISBLANK(Q236), T236=U236), 1, IF(AND(R236=1, S236=1, ISBLANK(P236), ISBLANK(Q236), U236>T236), 2, S236))","=IF(K236<>""Y"", 0, IF(AND(R236=1, S236=1, ISBLANK(P236), ISBLANK(Q236), T236=U236), 2, 3))"
Tuesday,10,2026-07-28,7:00pm,"Courts 10–13","Line 4 (#4/#5)","Easy Overhead","Approach Shots","","",Y,,,,,,,"=IF(L237="""",0,IF(L237>M237,1,0))+IF(N237="""",0,IF(N237>O237,1,0))+IF(P237="""",0,IF(P237>Q237,1,0))","=IF(M237="""",0,IF(M237>L237,1,0))+IF(O237="""",0,IF(O237>N237,1,0))+IF(Q237="""",0,IF(Q237>P237,1,0))","=SUM(L237,N237,P237)","=SUM(M237,O237,Q237)","=IF(K237=""Y"", 1, 0) + IF(AND(R237=1, S237=1, ISBLANK(P237), ISBLANK(Q237), T237=U237), 1, IF(AND(R237=1, S237=1, ISBLANK(P237), ISBLANK(Q237), T237>U237), 2, R237))","=IF(K237=""Y"", 1, 0) + IF(AND(R237=1, S237=1, ISBLANK(P237), ISBLANK(Q237), T237=U237), 1, IF(AND(R237=1, S237=1, ISBLANK(P237), ISBLANK(Q237), U237>T237), 2, S237))","=IF(K237<>""Y"", 0, IF(AND(R237=1, S237=1, ISBLANK(P237), ISBLANK(Q237), T237=U237), 2, 3))"
Tuesday,10,2026-07-28,5:30pm,"Courts 10–13","Line 1 (#1/#2)","Subs","Herons","","",Y,,,,,,,"=IF(L238="""",0,IF(L238>M238,1,0))+IF(N238="""",0,IF(N238>O238,1,0))+IF(P238="""",0,IF(P238>Q238,1,0))","=IF(M238="""",0,IF(M238>L238,1,0))+IF(O238="""",0,IF(O238>N238,1,0))+IF(Q238="""",0,IF(Q238>P238,1,0))","=SUM(L238,N238,P238)","=SUM(M238,O238,Q238)","=IF(K238=""Y"", 1, 0) + IF(AND(R238=1, S238=1, ISBLANK(P238), ISBLANK(Q238), T238=U238), 1, IF(AND(R238=1, S238=1, ISBLANK(P238), ISBLANK(Q238), T238>U238), 2, R238))","=IF(K238=""Y"", 1, 0) + IF(AND(R238=1, S238=1, ISBLANK(P238), ISBLANK(Q238), T238=U238), 1, IF(AND(R238=1, S238=1, ISBLANK(P238), ISBLANK(Q238), U238>T238), 2, S238))","=IF(K238<>""Y"", 0, IF(AND(R238=1, S238=1, ISBLANK(P238), ISBLANK(Q238), T238=U238), 2, 3))"
Tuesday,10,2026-07-28,5:30pm,"Courts 10–13","Line 2 (#3 Pair A)","Subs","Herons","","",Y,,,,,,,"=IF(L239="""",0,IF(L239>M239,1,0))+IF(N239="""",0,IF(N239>O239,1,0))+IF(P239="""",0,IF(P239>Q239,1,0))","=IF(M239="""",0,IF(M239>L239,1,0))+IF(O239="""",0,IF(O239>N239,1,0))+IF(Q239="""",0,IF(Q239>P239,1,0))","=SUM(L239,N239,P239)","=SUM(M239,O239,Q239)","=IF(K239=""Y"", 1, 0) + IF(AND(R239=1, S239=1, ISBLANK(P239), ISBLANK(Q239), T239=U239), 1, IF(AND(R239=1, S239=1, ISBLANK(P239), ISBLANK(Q239), T239>U239), 2, R239))","=IF(K239=""Y"", 1, 0) + IF(AND(R239=1, S239=1, ISBLANK(P239), ISBLANK(Q239), T239=U239), 1, IF(AND(R239=1, S239=1, ISBLANK(P239), ISBLANK(Q239), U239>T239), 2, S239))","=IF(K239<>""Y"", 0, IF(AND(R239=1, S239=1, ISBLANK(P239), ISBLANK(Q239), T239=U239), 2, 3))"
Tuesday,10,2026-07-28,5:30pm,"Courts 10–13","Line 3 (#3 Pair B)","Subs","Herons","","",Y,,,,,,,"=IF(L240="""",0,IF(L240>M240,1,0))+IF(N240="""",0,IF(N240>O240,1,0))+IF(P240="""",0,IF(P240>Q240,1,0))","=IF(M240="""",0,IF(M240>L240,1,0))+IF(O240="""",0,IF(O240>N240,1,0))+IF(Q240="""",0,IF(Q240>P240,1,0))","=SUM(L240,N240,P240)","=SUM(M240,O240,Q240)","=IF(K240=""Y"", 1, 0) + IF(AND(R240=1, S240=1, ISBLANK(P240), ISBLANK(Q240), T240=U240), 1, IF(AND(R240=1, S240=1, ISBLANK(P240), ISBLANK(Q240), T240>U240), 2, R240))","=IF(K240=""Y"", 1, 0) + IF(AND(R240=1, S240=1, ISBLANK(P240), ISBLANK(Q240), T240=U240), 1, IF(AND(R240=1, S240=1, ISBLANK(P240), ISBLANK(Q240), U240>T240), 2, S240))","=IF(K240<>""Y"", 0, IF(AND(R240=1, S240=1, ISBLANK(P240), ISBLANK(Q240), T240=U240), 2, 3))"
Tuesday,10,2026-07-28,5:30pm,"Courts 10–13","Line 4 (#4/#5)","Subs","Herons","","",Y,,,,,,,"=IF(L241="""",0,IF(L241>M241,1,0))+IF(N241="""",0,IF(N241>O241,1,0))+IF(P241="""",0,IF(P241>Q241,1,0))","=IF(M241="""",0,IF(M241>L241,1,0))+IF(O241="""",0,IF(O241>N241,1,0))+IF(Q241="""",0,IF(Q241>P241,1,0))","=SUM(L241,N241,P241)","=SUM(M241,O241,Q241)","=IF(K241=""Y"", 1, 0) + IF(AND(R241=1, S241=1, ISBLANK(P241), ISBLANK(Q241), T241=U241), 1, IF(AND(R241=1, S241=1, ISBLANK(P241), ISBLANK(Q241), T241>U241), 2, R241))","=IF(K241=""Y"", 1, 0) + IF(AND(R241=1, S241=1, ISBLANK(P241), ISBLANK(Q241), T241=U241), 1, IF(AND(R241=1, S241=1, ISBLANK(P241), ISBLANK(Q241), U241>T241), 2, S241))","=IF(K241<>""Y"", 0, IF(AND(R241=1, S241=1, ISBLANK(P241), ISBLANK(Q241), T241=U241), 2, 3))"
Tuesday,11,2026-08-04,5:30pm,"Courts 6–9","Line 1 (#1/#2)","Spin Doctors","Subs","","",Y,,,,,,,"=IF(L242="""",0,IF(L242>M242,1,0))+IF(N242="""",0,IF(N242>O242,1,0))+IF(P242="""",0,IF(P242>Q242,1,0))","=IF(M242="""",0,IF(M242>L242,1,0))+IF(O242="""",0,IF(O242>N242,1,0))+IF(Q242="""",0,IF(Q242>P242,1,0))","=SUM(L242,N242,P242)","=SUM(M242,O242,Q242)","=IF(K242=""Y"", 1, 0) + IF(AND(R242=1, S242=1, ISBLANK(P242), ISBLANK(Q242), T242=U242), 1, IF(AND(R242=1, S242=1, ISBLANK(P242), ISBLANK(Q242), T242>U242), 2, R242))","=IF(K242=""Y"", 1, 0) + IF(AND(R242=1, S242=1, ISBLANK(P242), ISBLANK(Q242), T242=U242), 1, IF(AND(R242=1, S242=1, ISBLANK(P242), ISBLANK(Q242), U242>T242), 2, S242))","=IF(K242<>""Y"", 0, IF(AND(R242=1, S242=1, ISBLANK(P242), ISBLANK(Q242), T242=U242), 2, 3))"
Tuesday,11,2026-08-04,5:30pm,"Courts 6–9","Line 2 (#3 Pair A)","Spin Doctors","Subs","","",Y,,,,,,,"=IF(L243="""",0,IF(L243>M243,1,0))+IF(N243="""",0,IF(N243>O243,1,0))+IF(P243="""",0,IF(P243>Q243,1,0))","=IF(M243="""",0,IF(M243>L243,1,0))+IF(O243="""",0,IF(O243>N243,1,0))+IF(Q243="""",0,IF(Q243>P243,1,0))","=SUM(L243,N243,P243)","=SUM(M243,O243,Q243)","=IF(K243=""Y"", 1, 0) + IF(AND(R243=1, S243=1, ISBLANK(P243), ISBLANK(Q243), T243=U243), 1, IF(AND(R243=1, S243=1, ISBLANK(P243), ISBLANK(Q243), T243>U243), 2, R243))","=IF(K243=""Y"", 1, 0) + IF(AND(R243=1, S243=1, ISBLANK(P243), ISBLANK(Q243), T243=U243), 1, IF(AND(R243=1, S243=1, ISBLANK(P243), ISBLANK(Q243), U243>T243), 2, S243))","=IF(K243<>""Y"", 0, IF(AND(R243=1, S243=1, ISBLANK(P243), ISBLANK(Q243), T243=U243), 2, 3))"
Tuesday,11,2026-08-04,5:30pm,"Courts 6–9","Line 3 (#3 Pair B)","Spin Doctors","Subs","","",Y,,,,,,,"=IF(L244="""",0,IF(L244>M244,1,0))+IF(N244="""",0,IF(N244>O244,1,0))+IF(P244="""",0,IF(P244>Q244,1,0))","=IF(M244="""",0,IF(M244>L244,1,0))+IF(O244="""",0,IF(O244>N244,1,0))+IF(Q244="""",0,IF(Q244>P244,1,0))","=SUM(L244,N244,P244)","=SUM(M244,O244,Q244)","=IF(K244=""Y"", 1, 0) + IF(AND(R244=1, S244=1, ISBLANK(P244), ISBLANK(Q244), T244=U244), 1, IF(AND(R244=1, S244=1, ISBLANK(P244), ISBLANK(Q244), T244>U244), 2, R244))","=IF(K244=""Y"", 1, 0) + IF(AND(R244=1, S244=1, ISBLANK(P244), ISBLANK(Q244), T244=U244), 1, IF(AND(R244=1, S244=1, ISBLANK(P244), ISBLANK(Q244), U244>T244), 2, S244))","=IF(K244<>""Y"", 0, IF(AND(R244=1, S244=1, ISBLANK(P244), ISBLANK(Q244), T244=U244), 2, 3))"
Tuesday,11,2026-08-04,5:30pm,"Courts 6–9","Line 4 (#4/#5)","Spin Doctors","Subs","","",Y,,,,,,,"=IF(L245="""",0,IF(L245>M245,1,0))+IF(N245="""",0,IF(N245>O245,1,0))+IF(P245="""",0,IF(P245>Q245,1,0))","=IF(M245="""",0,IF(M245>L245,1,0))+IF(O245="""",0,IF(O245>N245,1,0))+IF(Q245="""",0,IF(Q245>P245,1,0))","=SUM(L245,N245,P245)","=SUM(M245,O245,Q245)","=IF(K245=""Y"", 1, 0) + IF(AND(R245=1, S245=1, ISBLANK(P245), ISBLANK(Q245), T245=U245), 1, IF(AND(R245=1, S245=1, ISBLANK(P245), ISBLANK(Q245), T245>U245), 2, R245))","=IF(K245=""Y"", 1, 0) + IF(AND(R245=1, S245=1, ISBLANK(P245), ISBLANK(Q245), T245=U245), 1, IF(AND(R245=1, S245=1, ISBLANK(P245), ISBLANK(Q245), U245>T245), 2, S245))","=IF(K245<>""Y"", 0, IF(AND(R245=1, S245=1, ISBLANK(P245), ISBLANK(Q245), T245=U245), 2, 3))"
Tuesday,11,2026-08-04,5:30pm,"Courts 1–5","Line 1 (#1/#2)","Herons","Easy Overhead","","",Y,,,,,,,"=IF(L246="""",0,IF(L246>M246,1,0))+IF(N246="""",0,IF(N246>O246,1,0))+IF(P246="""",0,IF(P246>Q246,1,0))","=IF(M246="""",0,IF(M246>L246,1,0))+IF(O246="""",0,IF(O246>N246,1,0))+IF(Q246="""",0,IF(Q246>P246,1,0))","=SUM(L246,N246,P246)","=SUM(M246,O246,Q246)","=IF(K246=""Y"", 1, 0) + IF(AND(R246=1, S246=1, ISBLANK(P246), ISBLANK(Q246), T246=U246), 1, IF(AND(R246=1, S246=1, ISBLANK(P246), ISBLANK(Q246), T246>U246), 2, R246))","=IF(K246=""Y"", 1, 0) + IF(AND(R246=1, S246=1, ISBLANK(P246), ISBLANK(Q246), T246=U246), 1, IF(AND(R246=1, S246=1, ISBLANK(P246), ISBLANK(Q246), U246>T246), 2, S246))","=IF(K246<>""Y"", 0, IF(AND(R246=1, S246=1, ISBLANK(P246), ISBLANK(Q246), T246=U246), 2, 3))"
Tuesday,11,2026-08-04,5:30pm,"Courts 1–5","Line 2 (#3 Pair A)","Herons","Easy Overhead","","",Y,,,,,,,"=IF(L247="""",0,IF(L247>M247,1,0))+IF(N247="""",0,IF(N247>O247,1,0))+IF(P247="""",0,IF(P247>Q247,1,0))","=IF(M247="""",0,IF(M247>L247,1,0))+IF(O247="""",0,IF(O247>N247,1,0))+IF(Q247="""",0,IF(Q247>P247,1,0))","=SUM(L247,N247,P247)","=SUM(M247,O247,Q247)","=IF(K247=""Y"", 1, 0) + IF(AND(R247=1, S247=1, ISBLANK(P247), ISBLANK(Q247), T247=U247), 1, IF(AND(R247=1, S247=1, ISBLANK(P247), ISBLANK(Q247), T247>U247), 2, R247))","=IF(K247=""Y"", 1, 0) + IF(AND(R247=1, S247=1, ISBLANK(P247), ISBLANK(Q247), T247=U247), 1, IF(AND(R247=1, S247=1, ISBLANK(P247), ISBLANK(Q247), U247>T247), 2, S247))","=IF(K247<>""Y"", 0, IF(AND(R247=1, S247=1, ISBLANK(P247), ISBLANK(Q247), T247=U247), 2, 3))"
Tuesday,11,2026-08-04,5:30pm,"Courts 1–5","Line 3 (#3 Pair B)","Herons","Easy Overhead","","",Y,,,,,,,"=IF(L248="""",0,IF(L248>M248,1,0))+IF(N248="""",0,IF(N248>O248,1,0))+IF(P248="""",0,IF(P248>Q248,1,0))","=IF(M248="""",0,IF(M248>L248,1,0))+IF(O248="""",0,IF(O248>N248,1,0))+IF(Q248="""",0,IF(Q248>P248,1,0))","=SUM(L248,N248,P248)","=SUM(M248,O248,Q248)","=IF(K248=""Y"", 1, 0) + IF(AND(R248=1, S248=1, ISBLANK(P248), ISBLANK(Q248), T248=U248), 1, IF(AND(R248=1, S248=1, ISBLANK(P248), ISBLANK(Q248), T248>U248), 2, R248))","=IF(K248=""Y"", 1, 0) + IF(AND(R248=1, S248=1, ISBLANK(P248), ISBLANK(Q248), T248=U248), 1, IF(AND(R248=1, S248=1, ISBLANK(P248), ISBLANK(Q248), U248>T248), 2, S248))","=IF(K248<>""Y"", 0, IF(AND(R248=1, S248=1, ISBLANK(P248), ISBLANK(Q248), T248=U248), 2, 3))"
Tuesday,11,2026-08-04,5:30pm,"Courts 1–5","Line 4 (#4/#5)","Herons","Easy Overhead","","",Y,,,,,,,"=IF(L249="""",0,IF(L249>M249,1,0))+IF(N249="""",0,IF(N249>O249,1,0))+IF(P249="""",0,IF(P249>Q249,1,0))","=IF(M249="""",0,IF(M249>L249,1,0))+IF(O249="""",0,IF(O249>N249,1,0))+IF(Q249="""",0,IF(Q249>P249,1,0))","=SUM(L249,N249,P249)","=SUM(M249,O249,Q249)","=IF(K249=""Y"", 1, 0) + IF(AND(R249=1, S249=1, ISBLANK(P249), ISBLANK(Q249), T249=U249), 1, IF(AND(R249=1, S249=1, ISBLANK(P249), ISBLANK(Q249), T249>U249), 2, R249))","=IF(K249=""Y"", 1, 0) + IF(AND(R249=1, S249=1, ISBLANK(P249), ISBLANK(Q249), T249=U249), 1, IF(AND(R249=1, S249=1, ISBLANK(P249), ISBLANK(Q249), U249>T249), 2, S249))","=IF(K249<>""Y"", 0, IF(AND(R249=1, S249=1, ISBLANK(P249), ISBLANK(Q249), T249=U249), 2, 3))"
Tuesday,11,2026-08-04,5:30pm,"Courts 10–13","Line 1 (#1/#2)","Approach Shots","Full Metal Racquet","","",Y,,,,,,,"=IF(L250="""",0,IF(L250>M250,1,0))+IF(N250="""",0,IF(N250>O250,1,0))+IF(P250="""",0,IF(P250>Q250,1,0))","=IF(M250="""",0,IF(M250>L250,1,0))+IF(O250="""",0,IF(O250>N250,1,0))+IF(Q250="""",0,IF(Q250>P250,1,0))","=SUM(L250,N250,P250)","=SUM(M250,O250,Q250)","=IF(K250=""Y"", 1, 0) + IF(AND(R250=1, S250=1, ISBLANK(P250), ISBLANK(Q250), T250=U250), 1, IF(AND(R250=1, S250=1, ISBLANK(P250), ISBLANK(Q250), T250>U250), 2, R250))","=IF(K250=""Y"", 1, 0) + IF(AND(R250=1, S250=1, ISBLANK(P250), ISBLANK(Q250), T250=U250), 1, IF(AND(R250=1, S250=1, ISBLANK(P250), ISBLANK(Q250), U250>T250), 2, S250))","=IF(K250<>""Y"", 0, IF(AND(R250=1, S250=1, ISBLANK(P250), ISBLANK(Q250), T250=U250), 2, 3))"
Tuesday,11,2026-08-04,5:30pm,"Courts 10–13","Line 2 (#3 Pair A)","Approach Shots","Full Metal Racquet","","",Y,,,,,,,"=IF(L251="""",0,IF(L251>M251,1,0))+IF(N251="""",0,IF(N251>O251,1,0))+IF(P251="""",0,IF(P251>Q251,1,0))","=IF(M251="""",0,IF(M251>L251,1,0))+IF(O251="""",0,IF(O251>N251,1,0))+IF(Q251="""",0,IF(Q251>P251,1,0))","=SUM(L251,N251,P251)","=SUM(M251,O251,Q251)","=IF(K251=""Y"", 1, 0) + IF(AND(R251=1, S251=1, ISBLANK(P251), ISBLANK(Q251), T251=U251), 1, IF(AND(R251=1, S251=1, ISBLANK(P251), ISBLANK(Q251), T251>U251), 2, R251))","=IF(K251=""Y"", 1, 0) + IF(AND(R251=1, S251=1, ISBLANK(P251), ISBLANK(Q251), T251=U251), 1, IF(AND(R251=1, S251=1, ISBLANK(P251), ISBLANK(Q251), U251>T251), 2, S251))","=IF(K251<>""Y"", 0, IF(AND(R251=1, S251=1, ISBLANK(P251), ISBLANK(Q251), T251=U251), 2, 3))"
Tuesday,11,2026-08-04,5:30pm,"Courts 10–13","Line 3 (#3 Pair B)","Approach Shots","Full Metal Racquet","","",Y,,,,,,,"=IF(L252="""",0,IF(L252>M252,1,0))+IF(N252="""",0,IF(N252>O252,1,0))+IF(P252="""",0,IF(P252>Q252,1,0))","=IF(M252="""",0,IF(M252>L252,1,0))+IF(O252="""",0,IF(O252>N252,1,0))+IF(Q252="""",0,IF(Q252>P252,1,0))","=SUM(L252,N252,P252)","=SUM(M252,O252,Q252)","=IF(K252=""Y"", 1, 0) + IF(AND(R252=1, S252=1, ISBLANK(P252), ISBLANK(Q252), T252=U252), 1, IF(AND(R252=1, S252=1, ISBLANK(P252), ISBLANK(Q252), T252>U252), 2, R252))","=IF(K252=""Y"", 1, 0) + IF(AND(R252=1, S252=1, ISBLANK(P252), ISBLANK(Q252), T252=U252), 1, IF(AND(R252=1, S252=1, ISBLANK(P252), ISBLANK(Q252), U252>T252), 2, S252))","=IF(K252<>""Y"", 0, IF(AND(R252=1, S252=1, ISBLANK(P252), ISBLANK(Q252), T252=U252), 2, 3))"
Tuesday,11,2026-08-04,5:30pm,"Courts 10–13","Line 4 (#4/#5)","Approach Shots","Full Metal Racquet","","",Y,,,,,,,"=IF(L253="""",0,IF(L253>M253,1,0))+IF(N253="""",0,IF(N253>O253,1,0))+IF(P253="""",0,IF(P253>Q253,1,0))","=IF(M253="""",0,IF(M253>L253,1,0))+IF(O253="""",0,IF(O253>N253,1,0))+IF(Q253="""",0,IF(Q253>P253,1,0))","=SUM(L253,N253,P253)","=SUM(M253,O253,Q253)","=IF(K253=""Y"", 1, 0) + IF(AND(R253=1, S253=1, ISBLANK(P253), ISBLANK(Q253), T253=U253), 1, IF(AND(R253=1, S253=1, ISBLANK(P253), ISBLANK(Q253), T253>U253), 2, R253))","=IF(K253=""Y"", 1, 0) + IF(AND(R253=1, S253=1, ISBLANK(P253), ISBLANK(Q253), T253=U253), 1, IF(AND(R253=1, S253=1, ISBLANK(P253), ISBLANK(Q253), U253>T253), 2, S253))","=IF(K253<>""Y"", 0, IF(AND(R253=1, S253=1, ISBLANK(P253), ISBLANK(Q253), T253=U253), 2, 3))"
Tuesday,11,2026-08-04,7:00pm,"Courts 10–13","Line 1 (#1/#2)","Racquet Scientists","Jetsetters","","",Y,,,,,,,"=IF(L254="""",0,IF(L254>M254,1,0))+IF(N254="""",0,IF(N254>O254,1,0))+IF(P254="""",0,IF(P254>Q254,1,0))","=IF(M254="""",0,IF(M254>L254,1,0))+IF(O254="""",0,IF(O254>N254,1,0))+IF(Q254="""",0,IF(Q254>P254,1,0))","=SUM(L254,N254,P254)","=SUM(M254,O254,Q254)","=IF(K254=""Y"", 1, 0) + IF(AND(R254=1, S254=1, ISBLANK(P254), ISBLANK(Q254), T254=U254), 1, IF(AND(R254=1, S254=1, ISBLANK(P254), ISBLANK(Q254), T254>U254), 2, R254))","=IF(K254=""Y"", 1, 0) + IF(AND(R254=1, S254=1, ISBLANK(P254), ISBLANK(Q254), T254=U254), 1, IF(AND(R254=1, S254=1, ISBLANK(P254), ISBLANK(Q254), U254>T254), 2, S254))","=IF(K254<>""Y"", 0, IF(AND(R254=1, S254=1, ISBLANK(P254), ISBLANK(Q254), T254=U254), 2, 3))"
Tuesday,11,2026-08-04,7:00pm,"Courts 10–13","Line 2 (#3 Pair A)","Racquet Scientists","Jetsetters","","",Y,,,,,,,"=IF(L255="""",0,IF(L255>M255,1,0))+IF(N255="""",0,IF(N255>O255,1,0))+IF(P255="""",0,IF(P255>Q255,1,0))","=IF(M255="""",0,IF(M255>L255,1,0))+IF(O255="""",0,IF(O255>N255,1,0))+IF(Q255="""",0,IF(Q255>P255,1,0))","=SUM(L255,N255,P255)","=SUM(M255,O255,Q255)","=IF(K255=""Y"", 1, 0) + IF(AND(R255=1, S255=1, ISBLANK(P255), ISBLANK(Q255), T255=U255), 1, IF(AND(R255=1, S255=1, ISBLANK(P255), ISBLANK(Q255), T255>U255), 2, R255))","=IF(K255=""Y"", 1, 0) + IF(AND(R255=1, S255=1, ISBLANK(P255), ISBLANK(Q255), T255=U255), 1, IF(AND(R255=1, S255=1, ISBLANK(P255), ISBLANK(Q255), U255>T255), 2, S255))","=IF(K255<>""Y"", 0, IF(AND(R255=1, S255=1, ISBLANK(P255), ISBLANK(Q255), T255=U255), 2, 3))"
Tuesday,11,2026-08-04,7:00pm,"Courts 10–13","Line 3 (#3 Pair B)","Racquet Scientists","Jetsetters","","",Y,,,,,,,"=IF(L256="""",0,IF(L256>M256,1,0))+IF(N256="""",0,IF(N256>O256,1,0))+IF(P256="""",0,IF(P256>Q256,1,0))","=IF(M256="""",0,IF(M256>L256,1,0))+IF(O256="""",0,IF(O256>N256,1,0))+IF(Q256="""",0,IF(Q256>P256,1,0))","=SUM(L256,N256,P256)","=SUM(M256,O256,Q256)","=IF(K256=""Y"", 1, 0) + IF(AND(R256=1, S256=1, ISBLANK(P256), ISBLANK(Q256), T256=U256), 1, IF(AND(R256=1, S256=1, ISBLANK(P256), ISBLANK(Q256), T256>U256), 2, R256))","=IF(K256=""Y"", 1, 0) + IF(AND(R256=1, S256=1, ISBLANK(P256), ISBLANK(Q256), T256=U256), 1, IF(AND(R256=1, S256=1, ISBLANK(P256), ISBLANK(Q256), U256>T256), 2, S256))","=IF(K256<>""Y"", 0, IF(AND(R256=1, S256=1, ISBLANK(P256), ISBLANK(Q256), T256=U256), 2, 3))"
Tuesday,11,2026-08-04,7:00pm,"Courts 10–13","Line 4 (#4/#5)","Racquet Scientists","Jetsetters","","",Y,,,,,,,"=IF(L257="""",0,IF(L257>M257,1,0))+IF(N257="""",0,IF(N257>O257,1,0))+IF(P257="""",0,IF(P257>Q257,1,0))","=IF(M257="""",0,IF(M257>L257,1,0))+IF(O257="""",0,IF(O257>N257,1,0))+IF(Q257="""",0,IF(Q257>P257,1,0))","=SUM(L257,N257,P257)","=SUM(M257,O257,Q257)","=IF(K257=""Y"", 1, 0) + IF(AND(R257=1, S257=1, ISBLANK(P257), ISBLANK(Q257), T257=U257), 1, IF(AND(R257=1, S257=1, ISBLANK(P257), ISBLANK(Q257), T257>U257), 2, R257))","=IF(K257=""Y"", 1, 0) + IF(AND(R257=1, S257=1, ISBLANK(P257), ISBLANK(Q257), T257=U257), 1, IF(AND(R257=1, S257=1, ISBLANK(P257), ISBLANK(Q257), U257>T257), 2, S257))","=IF(K257<>""Y"", 0, IF(AND(R257=1, S257=1, ISBLANK(P257), ISBLANK(Q257), T257=U257), 2, 3))"
Tuesday,11,2026-08-04,7:00pm,"Courts 1–5","Line 1 (#1/#2)","Rascals","Bounce It","","",Y,,,,,,,"=IF(L258="""",0,IF(L258>M258,1,0))+IF(N258="""",0,IF(N258>O258,1,0))+IF(P258="""",0,IF(P258>Q258,1,0))","=IF(M258="""",0,IF(M258>L258,1,0))+IF(O258="""",0,IF(O258>N258,1,0))+IF(Q258="""",0,IF(Q258>P258,1,0))","=SUM(L258,N258,P258)","=SUM(M258,O258,Q258)","=IF(K258=""Y"", 1, 0) + IF(AND(R258=1, S258=1, ISBLANK(P258), ISBLANK(Q258), T258=U258), 1, IF(AND(R258=1, S258=1, ISBLANK(P258), ISBLANK(Q258), T258>U258), 2, R258))","=IF(K258=""Y"", 1, 0) + IF(AND(R258=1, S258=1, ISBLANK(P258), ISBLANK(Q258), T258=U258), 1, IF(AND(R258=1, S258=1, ISBLANK(P258), ISBLANK(Q258), U258>T258), 2, S258))","=IF(K258<>""Y"", 0, IF(AND(R258=1, S258=1, ISBLANK(P258), ISBLANK(Q258), T258=U258), 2, 3))"
Tuesday,11,2026-08-04,7:00pm,"Courts 1–5","Line 2 (#3 Pair A)","Rascals","Bounce It","","",Y,,,,,,,"=IF(L259="""",0,IF(L259>M259,1,0))+IF(N259="""",0,IF(N259>O259,1,0))+IF(P259="""",0,IF(P259>Q259,1,0))","=IF(M259="""",0,IF(M259>L259,1,0))+IF(O259="""",0,IF(O259>N259,1,0))+IF(Q259="""",0,IF(Q259>P259,1,0))","=SUM(L259,N259,P259)","=SUM(M259,O259,Q259)","=IF(K259=""Y"", 1, 0) + IF(AND(R259=1, S259=1, ISBLANK(P259), ISBLANK(Q259), T259=U259), 1, IF(AND(R259=1, S259=1, ISBLANK(P259), ISBLANK(Q259), T259>U259), 2, R259))","=IF(K259=""Y"", 1, 0) + IF(AND(R259=1, S259=1, ISBLANK(P259), ISBLANK(Q259), T259=U259), 1, IF(AND(R259=1, S259=1, ISBLANK(P259), ISBLANK(Q259), U259>T259), 2, S259))","=IF(K259<>""Y"", 0, IF(AND(R259=1, S259=1, ISBLANK(P259), ISBLANK(Q259), T259=U259), 2, 3))"
Tuesday,11,2026-08-04,7:00pm,"Courts 1–5","Line 3 (#3 Pair B)","Rascals","Bounce It","","",Y,,,,,,,"=IF(L260="""",0,IF(L260>M260,1,0))+IF(N260="""",0,IF(N260>O260,1,0))+IF(P260="""",0,IF(P260>Q260,1,0))","=IF(M260="""",0,IF(M260>L260,1,0))+IF(O260="""",0,IF(O260>N260,1,0))+IF(Q260="""",0,IF(Q260>P260,1,0))","=SUM(L260,N260,P260)","=SUM(M260,O260,Q260)","=IF(K260=""Y"", 1, 0) + IF(AND(R260=1, S260=1, ISBLANK(P260), ISBLANK(Q260), T260=U260), 1, IF(AND(R260=1, S260=1, ISBLANK(P260), ISBLANK(Q260), T260>U260), 2, R260))","=IF(K260=""Y"", 1, 0) + IF(AND(R260=1, S260=1, ISBLANK(P260), ISBLANK(Q260), T260=U260), 1, IF(AND(R260=1, S260=1, ISBLANK(P260), ISBLANK(Q260), U260>T260), 2, S260))","=IF(K260<>""Y"", 0, IF(AND(R260=1, S260=1, ISBLANK(P260), ISBLANK(Q260), T260=U260), 2, 3))"
Tuesday,11,2026-08-04,7:00pm,"Courts 1–5","Line 4 (#4/#5)","Rascals","Bounce It","","",Y,,,,,,,"=IF(L261="""",0,IF(L261>M261,1,0))+IF(N261="""",0,IF(N261>O261,1,0))+IF(P261="""",0,IF(P261>Q261,1,0))","=IF(M261="""",0,IF(M261>L261,1,0))+IF(O261="""",0,IF(O261>N261,1,0))+IF(Q261="""",0,IF(Q261>P261,1,0))","=SUM(L261,N261,P261)","=SUM(M261,O261,Q261)","=IF(K261=""Y"", 1, 0) + IF(AND(R261=1, S261=1, ISBLANK(P261), ISBLANK(Q261), T261=U261), 1, IF(AND(R261=1, S261=1, ISBLANK(P261), ISBLANK(Q261), T261>U261), 2, R261))","=IF(K261=""Y"", 1, 0) + IF(AND(R261=1, S261=1, ISBLANK(P261), ISBLANK(Q261), T261=U261), 1, IF(AND(R261=1, S261=1, ISBLANK(P261), ISBLANK(Q261), U261>T261), 2, S261))","=IF(K261<>""Y"", 0, IF(AND(R261=1, S261=1, ISBLANK(P261), ISBLANK(Q261), T261=U261), 2, 3))"
Tuesday,11,2026-08-04,7:00pm,"Courts 6–9","Line 1 (#1/#2)","Good Ol' Boys","Return to Sender with Love","","",Y,,,,,,,"=IF(L262="""",0,IF(L262>M262,1,0))+IF(N262="""",0,IF(N262>O262,1,0))+IF(P262="""",0,IF(P262>Q262,1,0))","=IF(M262="""",0,IF(M262>L262,1,0))+IF(O262="""",0,IF(O262>N262,1,0))+IF(Q262="""",0,IF(Q262>P262,1,0))","=SUM(L262,N262,P262)","=SUM(M262,O262,Q262)","=IF(K262=""Y"", 1, 0) + IF(AND(R262=1, S262=1, ISBLANK(P262), ISBLANK(Q262), T262=U262), 1, IF(AND(R262=1, S262=1, ISBLANK(P262), ISBLANK(Q262), T262>U262), 2, R262))","=IF(K262=""Y"", 1, 0) + IF(AND(R262=1, S262=1, ISBLANK(P262), ISBLANK(Q262), T262=U262), 1, IF(AND(R262=1, S262=1, ISBLANK(P262), ISBLANK(Q262), U262>T262), 2, S262))","=IF(K262<>""Y"", 0, IF(AND(R262=1, S262=1, ISBLANK(P262), ISBLANK(Q262), T262=U262), 2, 3))"
Tuesday,11,2026-08-04,7:00pm,"Courts 6–9","Line 2 (#3 Pair A)","Good Ol' Boys","Return to Sender with Love","","",Y,,,,,,,"=IF(L263="""",0,IF(L263>M263,1,0))+IF(N263="""",0,IF(N263>O263,1,0))+IF(P263="""",0,IF(P263>Q263,1,0))","=IF(M263="""",0,IF(M263>L263,1,0))+IF(O263="""",0,IF(O263>N263,1,0))+IF(Q263="""",0,IF(Q263>P263,1,0))","=SUM(L263,N263,P263)","=SUM(M263,O263,Q263)","=IF(K263=""Y"", 1, 0) + IF(AND(R263=1, S263=1, ISBLANK(P263), ISBLANK(Q263), T263=U263), 1, IF(AND(R263=1, S263=1, ISBLANK(P263), ISBLANK(Q263), T263>U263), 2, R263))","=IF(K263=""Y"", 1, 0) + IF(AND(R263=1, S263=1, ISBLANK(P263), ISBLANK(Q263), T263=U263), 1, IF(AND(R263=1, S263=1, ISBLANK(P263), ISBLANK(Q263), U263>T263), 2, S263))","=IF(K263<>""Y"", 0, IF(AND(R263=1, S263=1, ISBLANK(P263), ISBLANK(Q263), T263=U263), 2, 3))"
Tuesday,11,2026-08-04,7:00pm,"Courts 6–9","Line 3 (#3 Pair B)","Good Ol' Boys","Return to Sender with Love","","",Y,,,,,,,"=IF(L264="""",0,IF(L264>M264,1,0))+IF(N264="""",0,IF(N264>O264,1,0))+IF(P264="""",0,IF(P264>Q264,1,0))","=IF(M264="""",0,IF(M264>L264,1,0))+IF(O264="""",0,IF(O264>N264,1,0))+IF(Q264="""",0,IF(Q264>P264,1,0))","=SUM(L264,N264,P264)","=SUM(M264,O264,Q264)","=IF(K264=""Y"", 1, 0) + IF(AND(R264=1, S264=1, ISBLANK(P264), ISBLANK(Q264), T264=U264), 1, IF(AND(R264=1, S264=1, ISBLANK(P264), ISBLANK(Q264), T264>U264), 2, R264))","=IF(K264=""Y"", 1, 0) + IF(AND(R264=1, S264=1, ISBLANK(P264), ISBLANK(Q264), T264=U264), 1, IF(AND(R264=1, S264=1, ISBLANK(P264), ISBLANK(Q264), U264>T264), 2, S264))","=IF(K264<>""Y"", 0, IF(AND(R264=1, S264=1, ISBLANK(P264), ISBLANK(Q264), T264=U264), 2, 3))"
Tuesday,11,2026-08-04,7:00pm,"Courts 6–9","Line 4 (#4/#5)","Good Ol' Boys","Return to Sender with Love","","",Y,,,,,,,"=IF(L265="""",0,IF(L265>M265,1,0))+IF(N265="""",0,IF(N265>O265,1,0))+IF(P265="""",0,IF(P265>Q265,1,0))","=IF(M265="""",0,IF(M265>L265,1,0))+IF(O265="""",0,IF(O265>N265,1,0))+IF(Q265="""",0,IF(Q265>P265,1,0))","=SUM(L265,N265,P265)","=SUM(M265,O265,Q265)","=IF(K265=""Y"", 1, 0) + IF(AND(R265=1, S265=1, ISBLANK(P265), ISBLANK(Q265), T265=U265), 1, IF(AND(R265=1, S265=1, ISBLANK(P265), ISBLANK(Q265), T265>U265), 2, R265))","=IF(K265=""Y"", 1, 0) + IF(AND(R265=1, S265=1, ISBLANK(P265), ISBLANK(Q265), T265=U265), 1, IF(AND(R265=1, S265=1, ISBLANK(P265), ISBLANK(Q265), U265>T265), 2, S265))","=IF(K265<>""Y"", 0, IF(AND(R265=1, S265=1, ISBLANK(P265), ISBLANK(Q265), T265=U265), 2, 3))"


"=== TUESDAY TEAM STANDINGS LEADERBOARD ===",,,,,,,,,,,,,,,,,,,,,,,
Team Name,Total Points Earned,Total Points Available,Winning Percentage,,,,,,,,,,,,,,,,,,
"Spin Doctors","=SUMIFS(V$2:V$265, G$2:G$265, "Spin Doctors") + SUMIFS(W$2:W$265, H$2:H$265, "Spin Doctors")","=SUMIFS(X$2:X$265, G$2:G$265, "Spin Doctors") + SUMIFS(X$2:X$265, H$2:H$265, "Spin Doctors")","=IF(C270>0, TEXT(B270/C270, ""0.0%""), ""0.0%"")"
"Jetsetters","=SUMIFS(V$2:V$265, G$2:G$265, "Jetsetters") + SUMIFS(W$2:W$265, H$2:H$265, "Jetsetters")","=SUMIFS(X$2:X$265, G$2:G$265, "Jetsetters") + SUMIFS(X$2:X$265, H$2:H$265, "Jetsetters")","=IF(C271>0, TEXT(B271/C271, ""0.0%""), ""0.0%"")"
"Full Metal Racquet","=SUMIFS(V$2:V$265, G$2:G$265, "Full Metal Racquet") + SUMIFS(W$2:W$265, H$2:H$265, "Full Metal Racquet")","=SUMIFS(X$2:X$265, G$2:G$265, "Full Metal Racquet") + SUMIFS(X$2:X$265, H$2:H$265, "Full Metal Racquet")","=IF(C272>0, TEXT(B272/C272, ""0.0%""), ""0.0%"")"
"Easy Overhead","=SUMIFS(V$2:V$265, G$2:G$265, "Easy Overhead") + SUMIFS(W$2:W$265, H$2:H$265, "Easy Overhead")","=SUMIFS(X$2:X$265, G$2:G$265, "Easy Overhead") + SUMIFS(X$2:X$265, H$2:H$265, "Easy Overhead")","=IF(C273>0, TEXT(B273/C273, ""0.0%""), ""0.0%"")"
"Subs","=SUMIFS(V$2:V$265, G$2:G$265, "Subs") + SUMIFS(W$2:W$265, H$2:H$265, "Subs")","=SUMIFS(X$2:X$265, G$2:G$265, "Subs") + SUMIFS(X$2:X$265, H$2:H$265, "Subs")","=IF(C274>0, TEXT(B274/C274, ""0.0%""), ""0.0%"")"
"Herons","=SUMIFS(V$2:V$265, G$2:G$265, "Herons") + SUMIFS(W$2:W$265, H$2:H$265, "Herons")","=SUMIFS(X$2:X$265, G$2:G$265, "Herons") + SUMIFS(X$2:X$265, H$2:H$265, "Herons")","=IF(C275>0, TEXT(B275/C275, ""0.0%""), ""0.0%"")"
"Approach Shots","=SUMIFS(V$2:V$265, G$2:G$265, "Approach Shots") + SUMIFS(W$2:W$265, H$2:H$265, "Approach Shots")","=SUMIFS(X$2:X$265, G$2:G$265, "Approach Shots") + SUMIFS(X$2:X$265, H$2:H$265, "Approach Shots")","=IF(C276>0, TEXT(B276/C276, ""0.0%""), ""0.0%"")"
"Racquet Scientists","=SUMIFS(V$2:V$265, G$2:G$265, "Racquet Scientists") + SUMIFS(W$2:W$265, H$2:H$265, "Racquet Scientists")","=SUMIFS(X$2:X$265, G$2:G$265, "Racquet Scientists") + SUMIFS(X$2:X$265, H$2:H$265, "Racquet Scientists")","=IF(C277>0, TEXT(B277/C277, ""0.0%""), ""0.0%"")"
"Rascals","=SUMIFS(V$2:V$265, G$2:G$265, "Rascals") + SUMIFS(W$2:W$265, H$2:H$265, "Rascals")","=SUMIFS(X$2:X$265, G$2:G$265, "Rascals") + SUMIFS(X$2:X$265, H$2:H$265, "Rascals")","=IF(C278>0, TEXT(B278/C278, ""0.0%""), ""0.0%"")"
"Good Ol' Boys","=SUMIFS(V$2:V$265, G$2:G$265, "Good Ol' Boys") + SUMIFS(W$2:W$265, H$2:H$265, "Good Ol' Boys")","=SUMIFS(X$2:X$265, G$2:G$265, "Good Ol' Boys") + SUMIFS(X$2:X$265, H$2:H$265, "Good Ol' Boys")","=IF(C279>0, TEXT(B279/C279, ""0.0%""), ""0.0%"")"
"Return to Sender with Love","=SUMIFS(V$2:V$265, G$2:G$265, "Return to Sender with Love") + SUMIFS(W$2:W$265, H$2:H$265, "Return to Sender with Love")","=SUMIFS(X$2:X$265, G$2:G$265, "Return to Sender with Love") + SUMIFS(X$2:X$265, H$2:H$265, "Return to Sender with Love")","=IF(C280>0, TEXT(B280/C280, ""0.0%""), ""0.0%"")"
"Bounce It","=SUMIFS(V$2:V$265, G$2:G$265, "Bounce It") + SUMIFS(W$2:W$265, H$2:H$265, "Bounce It")","=SUMIFS(X$2:X$265, G$2:G$265, "Bounce It") + SUMIFS(X$2:X$265, H$2:H$265, "Bounce It")","=IF(C281>0, TEXT(B281/C281, ""0.0%""), ""0.0%"")"


"=== TUESDAY WINNINGEST LINES LEADERBOARD BY LINE TYPE ===",,,,,,,,,,,,,,,,,,,,,,,
Line Category,Team Name,Line Points Earned,Line Points Available,Line Winning Pct,,,,,,,,,,,,,,,,,,
"Line 1 (#1/#2)","Spin Doctors","=SUMIFS(V$2:V$265, F$2:F$265, "Line 1 (#1/#2)", G$2:G$265, "Spin Doctors") + SUMIFS(W$2:W$265, F$2:F$265, "Line 1 (#1/#2)", H$2:H$265, "Spin Doctors")","=SUMIFS(X$2:X$265, F$2:F$265, "Line 1 (#1/#2)", G$2:G$265, "Spin Doctors") + SUMIFS(X$2:X$265, F$2:F$265, "Line 1 (#1/#2)", H$2:H$265, "Spin Doctors")","=IF(D286>0, TEXT(C286/D286, ""0.0%""), ""0.0%"")"
"Line 1 (#1/#2)","Jetsetters","=SUMIFS(V$2:V$265, F$2:F$265, "Line 1 (#1/#2)", G$2:G$265, "Jetsetters") + SUMIFS(W$2:W$265, F$2:F$265, "Line 1 (#1/#2)", H$2:H$265, "Jetsetters")","=SUMIFS(X$2:X$265, F$2:F$265, "Line 1 (#1/#2)", G$2:G$265, "Jetsetters") + SUMIFS(X$2:X$265, F$2:F$265, "Line 1 (#1/#2)", H$2:H$265, "Jetsetters")","=IF(D287>0, TEXT(C287/D287, ""0.0%""), ""0.0%"")"
"Line 1 (#1/#2)","Full Metal Racquet","=SUMIFS(V$2:V$265, F$2:F$265, "Line 1 (#1/#2)", G$2:G$265, "Full Metal Racquet") + SUMIFS(W$2:W$265, F$2:F$265, "Line 1 (#1/#2)", H$2:H$265, "Full Metal Racquet")","=SUMIFS(X$2:X$265, F$2:F$265, "Line 1 (#1/#2)", G$2:G$265, "Full Metal Racquet") + SUMIFS(X$2:X$265, F$2:F$265, "Line 1 (#1/#2)", H$2:H$265, "Full Metal Racquet")","=IF(D288>0, TEXT(C288/D288, ""0.0%""), ""0.0%"")"
"Line 1 (#1/#2)","Easy Overhead","=SUMIFS(V$2:V$265, F$2:F$265, "Line 1 (#1/#2)", G$2:G$265, "Easy Overhead") + SUMIFS(W$2:W$265, F$2:F$265, "Line 1 (#1/#2)", H$2:H$265, "Easy Overhead")","=SUMIFS(X$2:X$265, F$2:F$265, "Line 1 (#1/#2)", G$2:G$265, "Easy Overhead") + SUMIFS(X$2:X$265, F$2:F$265, "Line 1 (#1/#2)", H$2:H$265, "Easy Overhead")","=IF(D289>0, TEXT(C289/D289, ""0.0%""), ""0.0%"")"
"Line 1 (#1/#2)","Subs","=SUMIFS(V$2:V$265, F$2:F$265, "Line 1 (#1/#2)", G$2:G$265, "Subs") + SUMIFS(W$2:W$265, F$2:F$265, "Line 1 (#1/#2)", H$2:H$265, "Subs")","=SUMIFS(X$2:X$265, F$2:F$265, "Line 1 (#1/#2)", G$2:G$265, "Subs") + SUMIFS(X$2:X$265, F$2:F$265, "Line 1 (#1/#2)", H$2:H$265, "Subs")","=IF(D290>0, TEXT(C290/D290, ""0.0%""), ""0.0%"")"
"Line 1 (#1/#2)","Herons","=SUMIFS(V$2:V$265, F$2:F$265, "Line 1 (#1/#2)", G$2:G$265, "Herons") + SUMIFS(W$2:W$265, F$2:F$265, "Line 1 (#1/#2)", H$2:H$265, "Herons")","=SUMIFS(X$2:X$265, F$2:F$265, "Line 1 (#1/#2)", G$2:G$265, "Herons") + SUMIFS(X$2:X$265, F$2:F$265, "Line 1 (#1/#2)", H$2:H$265, "Herons")","=IF(D291>0, TEXT(C291/D291, ""0.0%""), ""0.0%"")"
"Line 1 (#1/#2)","Approach Shots","=SUMIFS(V$2:V$265, F$2:F$265, "Line 1 (#1/#2)", G$2:G$265, "Approach Shots") + SUMIFS(W$2:W$265, F$2:F$265, "Line 1 (#1/#2)", H$2:H$265, "Approach Shots")","=SUMIFS(X$2:X$265, F$2:F$265, "Line 1 (#1/#2)", G$2:G$265, "Approach Shots") + SUMIFS(X$2:X$265, F$2:F$265, "Line 1 (#1/#2)", H$2:H$265, "Approach Shots")","=IF(D292>0, TEXT(C292/D292, ""0.0%""), ""0.0%"")"
"Line 1 (#1/#2)","Racquet Scientists","=SUMIFS(V$2:V$265, F$2:F$265, "Line 1 (#1/#2)", G$2:G$265, "Racquet Scientists") + SUMIFS(W$2:W$265, F$2:F$265, "Line 1 (#1/#2)", H$2:H$265, "Racquet Scientists")","=SUMIFS(X$2:X$265, F$2:F$265, "Line 1 (#1/#2)", G$2:G$265, "Racquet Scientists") + SUMIFS(X$2:X$265, F$2:F$265, "Line 1 (#1/#2)", H$2:H$265, "Racquet Scientists")","=IF(D293>0, TEXT(C293/D293, ""0.0%""), ""0.0%"")"
"Line 1 (#1/#2)","Rascals","=SUMIFS(V$2:V$265, F$2:F$265, "Line 1 (#1/#2)", G$2:G$265, "Rascals") + SUMIFS(W$2:W$265, F$2:F$265, "Line 1 (#1/#2)", H$2:H$265, "Rascals")","=SUMIFS(X$2:X$265, F$2:F$265, "Line 1 (#1/#2)", G$2:G$265, "Rascals") + SUMIFS(X$2:X$265, F$2:F$265, "Line 1 (#1/#2)", H$2:H$265, "Rascals")","=IF(D294>0, TEXT(C294/D294, ""0.0%""), ""0.0%"")"
"Line 1 (#1/#2)","Good Ol' Boys","=SUMIFS(V$2:V$265, F$2:F$265, "Line 1 (#1/#2)", G$2:G$265, "Good Ol' Boys") + SUMIFS(W$2:W$265, F$2:F$265, "Line 1 (#1/#2)", H$2:H$265, "Good Ol' Boys")","=SUMIFS(X$2:X$265, F$2:F$265, "Line 1 (#1/#2)", G$2:G$265, "Good Ol' Boys") + SUMIFS(X$2:X$265, F$2:F$265, "Line 1 (#1/#2)", H$2:H$265, "Good Ol' Boys")","=IF(D295>0, TEXT(C295/D295, ""0.0%""), ""0.0%"")"
"Line 1 (#1/#2)","Return to Sender with Love","=SUMIFS(V$2:V$265, F$2:F$265, "Line 1 (#1/#2)", G$2:G$265, "Return to Sender with Love") + SUMIFS(W$2:W$265, F$2:F$265, "Line 1 (#1/#2)", H$2:H$265, "Return to Sender with Love")","=SUMIFS(X$2:X$265, F$2:F$265, "Line 1 (#1/#2)", G$2:G$265, "Return to Sender with Love") + SUMIFS(X$2:X$265, F$2:F$265, "Line 1 (#1/#2)", H$2:H$265, "Return to Sender with Love")","=IF(D296>0, TEXT(C296/D296, ""0.0%""), ""0.0%"")"
"Line 1 (#1/#2)","Bounce It","=SUMIFS(V$2:V$265, F$2:F$265, "Line 1 (#1/#2)", G$2:G$265, "Bounce It") + SUMIFS(W$2:W$265, F$2:F$265, "Line 1 (#1/#2)", H$2:H$265, "Bounce It")","=SUMIFS(X$2:X$265, F$2:F$265, "Line 1 (#1/#2)", G$2:G$265, "Bounce It") + SUMIFS(X$2:X$265, F$2:F$265, "Line 1 (#1/#2)", H$2:H$265, "Bounce It")","=IF(D297>0, TEXT(C297/D297, ""0.0%""), ""0.0%"")"
"Line 2 (#3 Pair A)","Spin Doctors","=SUMIFS(V$2:V$265, F$2:F$265, "Line 2 (#3 Pair A)", G$2:G$265, "Spin Doctors") + SUMIFS(W$2:W$265, F$2:F$265, "Line 2 (#3 Pair A)", H$2:H$265, "Spin Doctors")","=SUMIFS(X$2:X$265, F$2:F$265, "Line 2 (#3 Pair A)", G$2:G$265, "Spin Doctors") + SUMIFS(X$2:X$265, F$2:F$265, "Line 2 (#3 Pair A)", H$2:H$265, "Spin Doctors")","=IF(D298>0, TEXT(C298/D298, ""0.0%""), ""0.0%"")"
"Line 2 (#3 Pair A)","Jetsetters","=SUMIFS(V$2:V$265, F$2:F$265, "Line 2 (#3 Pair A)", G$2:G$265, "Jetsetters") + SUMIFS(W$2:W$265, F$2:F$265, "Line 2 (#3 Pair A)", H$2:H$265, "Jetsetters")","=SUMIFS(X$2:X$265, F$2:F$265, "Line 2 (#3 Pair A)", G$2:G$265, "Jetsetters") + SUMIFS(X$2:X$265, F$2:F$265, "Line 2 (#3 Pair A)", H$2:H$265, "Jetsetters")","=IF(D299>0, TEXT(C299/D299, ""0.0%""), ""0.0%"")"
"Line 2 (#3 Pair A)","Full Metal Racquet","=SUMIFS(V$2:V$265, F$2:F$265, "Line 2 (#3 Pair A)", G$2:G$265, "Full Metal Racquet") + SUMIFS(W$2:W$265, F$2:F$265, "Line 2 (#3 Pair A)", H$2:H$265, "Full Metal Racquet")","=SUMIFS(X$2:X$265, F$2:F$265, "Line 2 (#3 Pair A)", G$2:G$265, "Full Metal Racquet") + SUMIFS(X$2:X$265, F$2:F$265, "Line 2 (#3 Pair A)", H$2:H$265, "Full Metal Racquet")","=IF(D300>0, TEXT(C300/D300, ""0.0%""), ""0.0%"")"
"Line 2 (#3 Pair A)","Easy Overhead","=SUMIFS(V$2:V$265, F$2:F$265, "Line 2 (#3 Pair A)", G$2:G$265, "Easy Overhead") + SUMIFS(W$2:W$265, F$2:F$265, "Line 2 (#3 Pair A)", H$2:H$265, "Easy Overhead")","=SUMIFS(X$2:X$265, F$2:F$265, "Line 2 (#3 Pair A)", G$2:G$265, "Easy Overhead") + SUMIFS(X$2:X$265, F$2:F$265, "Line 2 (#3 Pair A)", H$2:H$265, "Easy Overhead")","=IF(D301>0, TEXT(C301/D301, ""0.0%""), ""0.0%"")"
"Line 2 (#3 Pair A)","Subs","=SUMIFS(V$2:V$265, F$2:F$265, "Line 2 (#3 Pair A)", G$2:G$265, "Subs") + SUMIFS(W$2:W$265, F$2:F$265, "Line 2 (#3 Pair A)", H$2:H$265, "Subs")","=SUMIFS(X$2:X$265, F$2:F$265, "Line 2 (#3 Pair A)", G$2:G$265, "Subs") + SUMIFS(X$2:X$265, F$2:F$265, "Line 2 (#3 Pair A)", H$2:H$265, "Subs")","=IF(D302>0, TEXT(C302/D302, ""0.0%""), ""0.0%"")"
"Line 2 (#3 Pair A)","Herons","=SUMIFS(V$2:V$265, F$2:F$265, "Line 2 (#3 Pair A)", G$2:G$265, "Herons") + SUMIFS(W$2:W$265, F$2:F$265, "Line 2 (#3 Pair A)", H$2:H$265, "Herons")","=SUMIFS(X$2:X$265, F$2:F$265, "Line 2 (#3 Pair A)", G$2:G$265, "Herons") + SUMIFS(X$2:X$265, F$2:F$265, "Line 2 (#3 Pair A)", H$2:H$265, "Herons")","=IF(D303>0, TEXT(C303/D303, ""0.0%""), ""0.0%"")"
"Line 2 (#3 Pair A)","Approach Shots","=SUMIFS(V$2:V$265, F$2:F$265, "Line 2 (#3 Pair A)", G$2:G$265, "Approach Shots") + SUMIFS(W$2:W$265, F$2:F$265, "Line 2 (#3 Pair A)", H$2:H$265, "Approach Shots")","=SUMIFS(X$2:X$265, F$2:F$265, "Line 2 (#3 Pair A)", G$2:G$265, "Approach Shots") + SUMIFS(X$2:X$265, F$2:F$265, "Line 2 (#3 Pair A)", H$2:H$265, "Approach Shots")","=IF(D304>0, TEXT(C304/D304, ""0.0%""), ""0.0%"")"
"Line 2 (#3 Pair A)","Racquet Scientists","=SUMIFS(V$2:V$265, F$2:F$265, "Line 2 (#3 Pair A)", G$2:G$265, "Racquet Scientists") + SUMIFS(W$2:W$265, F$2:F$265, "Line 2 (#3 Pair A)", H$2:H$265, "Racquet Scientists")","=SUMIFS(X$2:X$265, F$2:F$265, "Line 2 (#3 Pair A)", G$2:G$265, "Racquet Scientists") + SUMIFS(X$2:X$265, F$2:F$265, "Line 2 (#3 Pair A)", H$2:H$265, "Racquet Scientists")","=IF(D305>0, TEXT(C305/D305, ""0.0%""), ""0.0%"")"
"Line 2 (#3 Pair A)","Rascals","=SUMIFS(V$2:V$265, F$2:F$265, "Line 2 (#3 Pair A)", G$2:G$265, "Rascals") + SUMIFS(W$2:W$265, F$2:F$265, "Line 2 (#3 Pair A)", H$2:H$265, "Rascals")","=SUMIFS(X$2:X$265, F$2:F$265, "Line 2 (#3 Pair A)", G$2:G$265, "Rascals") + SUMIFS(X$2:X$265, F$2:F$265, "Line 2 (#3 Pair A)", H$2:H$265, "Rascals")","=IF(D306>0, TEXT(C306/D306, ""0.0%""), ""0.0%"")"
"Line 2 (#3 Pair A)","Good Ol' Boys","=SUMIFS(V$2:V$265, F$2:F$265, "Line 2 (#3 Pair A)", G$2:G$265, "Good Ol' Boys") + SUMIFS(W$2:W$265, F$2:F$265, "Line 2 (#3 Pair A)", H$2:H$265, "Good Ol' Boys")","=SUMIFS(X$2:X$265, F$2:F$265, "Line 2 (#3 Pair A)", G$2:G$265, "Good Ol' Boys") + SUMIFS(X$2:X$265, F$2:F$265, "Line 2 (#3 Pair A)", H$2:H$265, "Good Ol' Boys")","=IF(D307>0, TEXT(C307/D307, ""0.0%""), ""0.0%"")"
"Line 2 (#3 Pair A)","Return to Sender with Love","=SUMIFS(V$2:V$265, F$2:F$265, "Line 2 (#3 Pair A)", G$2:G$265, "Return to Sender with Love") + SUMIFS(W$2:W$265, F$2:F$265, "Line 2 (#3 Pair A)", H$2:H$265, "Return to Sender with Love")","=SUMIFS(X$2:X$265, F$2:F$265, "Line 2 (#3 Pair A)", G$2:G$265, "Return to Sender with Love") + SUMIFS(X$2:X$265, F$2:F$265, "Line 2 (#3 Pair A)", H$2:H$265, "Return to Sender with Love")","=IF(D308>0, TEXT(C308/D308, ""0.0%""), ""0.0%"")"
"Line 2 (#3 Pair A)","Bounce It","=SUMIFS(V$2:V$265, F$2:F$265, "Line 2 (#3 Pair A)", G$2:G$265, "Bounce It") + SUMIFS(W$2:W$265, F$2:F$265, "Line 2 (#3 Pair A)", H$2:H$265, "Bounce It")","=SUMIFS(X$2:X$265, F$2:F$265, "Line 2 (#3 Pair A)", G$2:G$265, "Bounce It") + SUMIFS(X$2:X$265, F$2:F$265, "Line 2 (#3 Pair A)", H$2:H$265, "Bounce It")","=IF(D309>0, TEXT(C309/D309, ""0.0%""), ""0.0%"")"
"Line 3 (#3 Pair B)","Spin Doctors","=SUMIFS(V$2:V$265, F$2:F$265, "Line 3 (#3 Pair B)", G$2:G$265, "Spin Doctors") + SUMIFS(W$2:W$265, F$2:F$265, "Line 3 (#3 Pair B)", H$2:H$265, "Spin Doctors")","=SUMIFS(X$2:X$265, F$2:F$265, "Line 3 (#3 Pair B)", G$2:G$265, "Spin Doctors") + SUMIFS(X$2:X$265, F$2:F$265, "Line 3 (#3 Pair B)", H$2:H$265, "Spin Doctors")","=IF(D310>0, TEXT(C310/D310, ""0.0%""), ""0.0%"")"
"Line 3 (#3 Pair B)","Jetsetters","=SUMIFS(V$2:V$265, F$2:F$265, "Line 3 (#3 Pair B)", G$2:G$265, "Jetsetters") + SUMIFS(W$2:W$265, F$2:F$265, "Line 3 (#3 Pair B)", H$2:H$265, "Jetsetters")","=SUMIFS(X$2:X$265, F$2:F$265, "Line 3 (#3 Pair B)", G$2:G$265, "Jetsetters") + SUMIFS(X$2:X$265, F$2:F$265, "Line 3 (#3 Pair B)", H$2:H$265, "Jetsetters")","=IF(D311>0, TEXT(C311/D311, ""0.0%""), ""0.0%"")"
"Line 3 (#3 Pair B)","Full Metal Racquet","=SUMIFS(V$2:V$265, F$2:F$265, "Line 3 (#3 Pair B)", G$2:G$265, "Full Metal Racquet") + SUMIFS(W$2:W$265, F$2:F$265, "Line 3 (#3 Pair B)", H$2:H$265, "Full Metal Racquet")","=SUMIFS(X$2:X$265, F$2:F$265, "Line 3 (#3 Pair B)", G$2:G$265, "Full Metal Racquet") + SUMIFS(X$2:X$265, F$2:F$265, "Line 3 (#3 Pair B)", H$2:H$265, "Full Metal Racquet")","=IF(D312>0, TEXT(C312/D312, ""0.0%""), ""0.0%"")"
"Line 3 (#3 Pair B)","Easy Overhead","=SUMIFS(V$2:V$265, F$2:F$265, "Line 3 (#3 Pair B)", G$2:G$265, "Easy Overhead") + SUMIFS(W$2:W$265, F$2:F$265, "Line 3 (#3 Pair B)", H$2:H$265, "Easy Overhead")","=SUMIFS(X$2:X$265, F$2:F$265, "Line 3 (#3 Pair B)", G$2:G$265, "Easy Overhead") + SUMIFS(X$2:X$265, F$2:F$265, "Line 3 (#3 Pair B)", H$2:H$265, "Easy Overhead")","=IF(D313>0, TEXT(C313/D313, ""0.0%""), ""0.0%"")"
"Line 3 (#3 Pair B)","Subs","=SUMIFS(V$2:V$265, F$2:F$265, "Line 3 (#3 Pair B)", G$2:G$265, "Subs") + SUMIFS(W$2:W$265, F$2:F$265, "Line 3 (#3 Pair B)", H$2:H$265, "Subs")","=SUMIFS(X$2:X$265, F$2:F$265, "Line 3 (#3 Pair B)", G$2:G$265, "Subs") + SUMIFS(X$2:X$265, F$2:F$265, "Line 3 (#3 Pair B)", H$2:H$265, "Subs")","=IF(D314>0, TEXT(C314/D314, ""0.0%""), ""0.0%"")"
"Line 3 (#3 Pair B)","Herons","=SUMIFS(V$2:V$265, F$2:F$265, "Line 3 (#3 Pair B)", G$2:G$265, "Herons") + SUMIFS(W$2:W$265, F$2:F$265, "Line 3 (#3 Pair B)", H$2:H$265, "Herons")","=SUMIFS(X$2:X$265, F$2:F$265, "Line 3 (#3 Pair B)", G$2:G$265, "Herons") + SUMIFS(X$2:X$265, F$2:F$265, "Line 3 (#3 Pair B)", H$2:H$265, "Herons")","=IF(D315>0, TEXT(C315/D315, ""0.0%""), ""0.0%"")"
"Line 3 (#3 Pair B)","Approach Shots","=SUMIFS(V$2:V$265, F$2:F$265, "Line 3 (#3 Pair B)", G$2:G$265, "Approach Shots") + SUMIFS(W$2:W$265, F$2:F$265, "Line 3 (#3 Pair B)", H$2:H$265, "Approach Shots")","=SUMIFS(X$2:X$265, F$2:F$265, "Line 3 (#3 Pair B)", G$2:G$265, "Approach Shots") + SUMIFS(X$2:X$265, F$2:F$265, "Line 3 (#3 Pair B)", H$2:H$265, "Approach Shots")","=IF(D316>0, TEXT(C316/D316, ""0.0%""), ""0.0%"")"
"Line 3 (#3 Pair B)","Racquet Scientists","=SUMIFS(V$2:V$265, F$2:F$265, "Line 3 (#3 Pair B)", G$2:G$265, "Racquet Scientists") + SUMIFS(W$2:W$265, F$2:F$265, "Line 3 (#3 Pair B)", H$2:H$265, "Racquet Scientists")","=SUMIFS(X$2:X$265, F$2:F$265, "Line 3 (#3 Pair B)", G$2:G$265, "Racquet Scientists") + SUMIFS(X$2:X$265, F$2:F$265, "Line 3 (#3 Pair B)", H$2:H$265, "Racquet Scientists")","=IF(D317>0, TEXT(C317/D317, ""0.0%""), ""0.0%"")"
"Line 3 (#3 Pair B)","Rascals","=SUMIFS(V$2:V$265, F$2:F$265, "Line 3 (#3 Pair B)", G$2:G$265, "Rascals") + SUMIFS(W$2:W$265, F$2:F$265, "Line 3 (#3 Pair B)", H$2:H$265, "Rascals")","=SUMIFS(X$2:X$265, F$2:F$265, "Line 3 (#3 Pair B)", G$2:G$265, "Rascals") + SUMIFS(X$2:X$265, F$2:F$265, "Line 3 (#3 Pair B)", H$2:H$265, "Rascals")","=IF(D318>0, TEXT(C318/D318, ""0.0%""), ""0.0%"")"
"Line 3 (#3 Pair B)","Good Ol' Boys","=SUMIFS(V$2:V$265, F$2:F$265, "Line 3 (#3 Pair B)", G$2:G$265, "Good Ol' Boys") + SUMIFS(W$2:W$265, F$2:F$265, "Line 3 (#3 Pair B)", H$2:H$265, "Good Ol' Boys")","=SUMIFS(X$2:X$265, F$2:F$265, "Line 3 (#3 Pair B)", G$2:G$265, "Good Ol' Boys") + SUMIFS(X$2:X$265, F$2:F$265, "Line 3 (#3 Pair B)", H$2:H$265, "Good Ol' Boys")","=IF(D319>0, TEXT(C319/D319, ""0.0%""), ""0.0%"")"
"Line 3 (#3 Pair B)","Return to Sender with Love","=SUMIFS(V$2:V$265, F$2:F$265, "Line 3 (#3 Pair B)", G$2:G$265, "Return to Sender with Love") + SUMIFS(W$2:W$265, F$2:F$265, "Line 3 (#3 Pair B)", H$2:H$265, "Return to Sender with Love")","=SUMIFS(X$2:X$265, F$2:F$265, "Line 3 (#3 Pair B)", G$2:G$265, "Return to Sender with Love") + SUMIFS(X$2:X$265, F$2:F$265, "Line 3 (#3 Pair B)", H$2:H$265, "Return to Sender with Love")","=IF(D320>0, TEXT(C320/D320, ""0.0%""), ""0.0%"")"
"Line 3 (#3 Pair B)","Bounce It","=SUMIFS(V$2:V$265, F$2:F$265, "Line 3 (#3 Pair B)", G$2:G$265, "Bounce It") + SUMIFS(W$2:W$265, F$2:F$265, "Line 3 (#3 Pair B)", H$2:H$265, "Bounce It")","=SUMIFS(X$2:X$265, F$2:F$265, "Line 3 (#3 Pair B)", G$2:G$265, "Bounce It") + SUMIFS(X$2:X$265, F$2:F$265, "Line 3 (#3 Pair B)", H$2:H$265, "Bounce It")","=IF(D321>0, TEXT(C321/D321, ""0.0%""), ""0.0%"")"
"Line 4 (#4/#5)","Spin Doctors","=SUMIFS(V$2:V$265, F$2:F$265, "Line 4 (#4/#5)", G$2:G$265, "Spin Doctors") + SUMIFS(W$2:W$265, F$2:F$265, "Line 4 (#4/#5)", H$2:H$265, "Spin Doctors")","=SUMIFS(X$2:X$265, F$2:F$265, "Line 4 (#4/#5)", G$2:G$265, "Spin Doctors") + SUMIFS(X$2:X$265, F$2:F$265, "Line 4 (#4/#5)", H$2:H$265, "Spin Doctors")","=IF(D322>0, TEXT(C322/D322, ""0.0%""), ""0.0%"")"
"Line 4 (#4/#5)","Jetsetters","=SUMIFS(V$2:V$265, F$2:F$265, "Line 4 (#4/#5)", G$2:G$265, "Jetsetters") + SUMIFS(W$2:W$265, F$2:F$265, "Line 4 (#4/#5)", H$2:H$265, "Jetsetters")","=SUMIFS(X$2:X$265, F$2:F$265, "Line 4 (#4/#5)", G$2:G$265, "Jetsetters") + SUMIFS(X$2:X$265, F$2:F$265, "Line 4 (#4/#5)", H$2:H$265, "Jetsetters")","=IF(D323>0, TEXT(C323/D323, ""0.0%""), ""0.0%"")"
"Line 4 (#4/#5)","Full Metal Racquet","=SUMIFS(V$2:V$265, F$2:F$265, "Line 4 (#4/#5)", G$2:G$265, "Full Metal Racquet") + SUMIFS(W$2:W$265, F$2:F$265, "Line 4 (#4/#5)", H$2:H$265, "Full Metal Racquet")","=SUMIFS(X$2:X$265, F$2:F$265, "Line 4 (#4/#5)", G$2:G$265, "Full Metal Racquet") + SUMIFS(X$2:X$265, F$2:F$265, "Line 4 (#4/#5)", H$2:H$265, "Full Metal Racquet")","=IF(D324>0, TEXT(C324/D324, ""0.0%""), ""0.0%"")"
"Line 4 (#4/#5)","Easy Overhead","=SUMIFS(V$2:V$265, F$2:F$265, "Line 4 (#4/#5)", G$2:G$265, "Easy Overhead") + SUMIFS(W$2:W$265, F$2:F$265, "Line 4 (#4/#5)", H$2:H$265, "Easy Overhead")","=SUMIFS(X$2:X$265, F$2:F$265, "Line 4 (#4/#5)", G$2:G$265, "Easy Overhead") + SUMIFS(X$2:X$265, F$2:F$265, "Line 4 (#4/#5)", H$2:H$265, "Easy Overhead")","=IF(D325>0, TEXT(C325/D325, ""0.0%""), ""0.0%"")"
"Line 4 (#4/#5)","Subs","=SUMIFS(V$2:V$265, F$2:F$265, "Line 4 (#4/#5)", G$2:G$265, "Subs") + SUMIFS(W$2:W$265, F$2:F$265, "Line 4 (#4/#5)", H$2:H$265, "Subs")","=SUMIFS(X$2:X$265, F$2:F$265, "Line 4 (#4/#5)", G$2:G$265, "Subs") + SUMIFS(X$2:X$265, F$2:F$265, "Line 4 (#4/#5)", H$2:H$265, "Subs")","=IF(D326>0, TEXT(C326/D326, ""0.0%""), ""0.0%"")"
"Line 4 (#4/#5)","Herons","=SUMIFS(V$2:V$265, F$2:F$265, "Line 4 (#4/#5)", G$2:G$265, "Herons") + SUMIFS(W$2:W$265, F$2:F$265, "Line 4 (#4/#5)", H$2:H$265, "Herons")","=SUMIFS(X$2:X$265, F$2:F$265, "Line 4 (#4/#5)", G$2:G$265, "Herons") + SUMIFS(X$2:X$265, F$2:F$265, "Line 4 (#4/#5)", H$2:H$265, "Herons")","=IF(D327>0, TEXT(C327/D327, ""0.0%""), ""0.0%"")"
"Line 4 (#4/#5)","Approach Shots","=SUMIFS(V$2:V$265, F$2:F$265, "Line 4 (#4/#5)", G$2:G$265, "Approach Shots") + SUMIFS(W$2:W$265, F$2:F$265, "Line 4 (#4/#5)", H$2:H$265, "Approach Shots")","=SUMIFS(X$2:X$265, F$2:F$265, "Line 4 (#4/#5)", G$2:G$265, "Approach Shots") + SUMIFS(X$2:X$265, F$2:F$265, "Line 4 (#4/#5)", H$2:H$265, "Approach Shots")","=IF(D328>0, TEXT(C328/D328, ""0.0%""), ""0.0%"")"
"Line 4 (#4/#5)","Racquet Scientists","=SUMIFS(V$2:V$265, F$2:F$265, "Line 4 (#4/#5)", G$2:G$265, "Racquet Scientists") + SUMIFS(W$2:W$265, F$2:F$265, "Line 4 (#4/#5)", H$2:H$265, "Racquet Scientists")","=SUMIFS(X$2:X$265, F$2:F$265, "Line 4 (#4/#5)", G$2:G$265, "Racquet Scientists") + SUMIFS(X$2:X$265, F$2:F$265, "Line 4 (#4/#5)", H$2:H$265, "Racquet Scientists")","=IF(D329>0, TEXT(C329/D329, ""0.0%""), ""0.0%"")"
"Line 4 (#4/#5)","Rascals","=SUMIFS(V$2:V$265, F$2:F$265, "Line 4 (#4/#5)", G$2:G$265, "Rascals") + SUMIFS(W$2:W$265, F$2:F$265, "Line 4 (#4/#5)", H$2:H$265, "Rascals")","=SUMIFS(X$2:X$265, F$2:F$265, "Line 4 (#4/#5)", G$2:G$265, "Rascals") + SUMIFS(X$2:X$265, F$2:F$265, "Line 4 (#4/#5)", H$2:H$265, "Rascals")","=IF(D330>0, TEXT(C330/D330, ""0.0%""), ""0.0%"")"
"Line 4 (#4/#5)","Good Ol' Boys","=SUMIFS(V$2:V$265, F$2:F$265, "Line 4 (#4/#5)", G$2:G$265, "Good Ol' Boys") + SUMIFS(W$2:W$265, F$2:F$265, "Line 4 (#4/#5)", H$2:H$265, "Good Ol' Boys")","=SUMIFS(X$2:X$265, F$2:F$265, "Line 4 (#4/#5)", G$2:G$265, "Good Ol' Boys") + SUMIFS(X$2:X$265, F$2:F$265, "Line 4 (#4/#5)", H$2:H$265, "Good Ol' Boys")","=IF(D331>0, TEXT(C331/D331, ""0.0%""), ""0.0%"")"
"Line 4 (#4/#5)","Return to Sender with Love","=SUMIFS(V$2:V$265, F$2:F$265, "Line 4 (#4/#5)", G$2:G$265, "Return to Sender with Love") + SUMIFS(W$2:W$265, F$2:F$265, "Line 4 (#4/#5)", H$2:H$265, "Return to Sender with Love")","=SUMIFS(X$2:X$265, F$2:F$265, "Line 4 (#4/#5)", G$2:G$265, "Return to Sender with Love") + SUMIFS(X$2:X$265, F$2:F$265, "Line 4 (#4/#5)", H$2:H$265, "Return to Sender with Love")","=IF(D332>0, TEXT(C332/D332, ""0.0%""), ""0.0%"")"
"Line 4 (#4/#5)","Bounce It","=SUMIFS(V$2:V$265, F$2:F$265, "Line 4 (#4/#5)", G$2:G$265, "Bounce It") + SUMIFS(W$2:W$265, F$2:F$265, "Line 4 (#4/#5)", H$2:H$265, "Bounce It")","=SUMIFS(X$2:X$265, F$2:F$265, "Line 4 (#4/#5)", G$2:G$265, "Bounce It") + SUMIFS(X$2:X$265, F$2:F$265, "Line 4 (#4/#5)", H$2:H$265, "Bounce It")","=IF(D333>0, TEXT(C333/D333, ""0.0%""), ""0.0%"")"

Night,Week,Date,Time,Courts,Line,Home Team,Away Team,Home Players,Away Players,Played (Y/N),Set 1 Home,Set 1 Away,Set 2 Home,Set 2 Away,Set 3/TB Home,Set 3/TB Away,Home Sets Won,Away Sets Won,Home Total Games,Away Total Games,Home Line Pts,Away Line Pts,Points Available
Wednesday,1,2026-05-27,5:30pm,"Courts 1–5","Line 1 (#1/#2)","LAX-Winona Fusion","Nothing But Net","","",Y,,,,,,,"=IF(L2="""",0,IF(L2>M2,1,0))+IF(N2="""",0,IF(N2>O2,1,0))+IF(P2="""",0,IF(P2>Q2,1,0))","=IF(M2="""",0,IF(M2>L2,1,0))+IF(O2="""",0,IF(O2>N2,1,0))+IF(Q2="""",0,IF(Q2>P2,1,0))","=SUM(L2,N2,P2)","=SUM(M2,O2,Q2)","=IF(K2=""Y"", 1, 0) + IF(AND(R2=1, S2=1, ISBLANK(P2), ISBLANK(Q2), T2=U2), 1, IF(AND(R2=1, S2=1, ISBLANK(P2), ISBLANK(Q2), T2>U2), 2, R2))","=IF(K2=""Y"", 1, 0) + IF(AND(R2=1, S2=1, ISBLANK(P2), ISBLANK(Q2), T2=U2), 1, IF(AND(R2=1, S2=1, ISBLANK(P2), ISBLANK(Q2), U2>T2), 2, S2))","=IF(K2<>""Y"", 0, IF(AND(R2=1, S2=1, ISBLANK(P2), ISBLANK(Q2), T2=U2), 2, 3))"
Wednesday,1,2026-05-27,5:30pm,"Courts 1–5","Line 2 (#3 Pair A)","LAX-Winona Fusion","Nothing But Net","","",Y,,,,,,,"=IF(L3="""",0,IF(L3>M3,1,0))+IF(N3="""",0,IF(N3>O3,1,0))+IF(P3="""",0,IF(P3>Q3,1,0))","=IF(M3="""",0,IF(M3>L3,1,0))+IF(O3="""",0,IF(O3>N3,1,0))+IF(Q3="""",0,IF(Q3>P3,1,0))","=SUM(L3,N3,P3)","=SUM(M3,O3,Q3)","=IF(K3=""Y"", 1, 0) + IF(AND(R3=1, S3=1, ISBLANK(P3), ISBLANK(Q3), T3=U3), 1, IF(AND(R3=1, S3=1, ISBLANK(P3), ISBLANK(Q3), T3>U3), 2, R3))","=IF(K3=""Y"", 1, 0) + IF(AND(R3=1, S3=1, ISBLANK(P3), ISBLANK(Q3), T3=U3), 1, IF(AND(R3=1, S3=1, ISBLANK(P3), ISBLANK(Q3), U3>T3), 2, S3))","=IF(K3<>""Y"", 0, IF(AND(R3=1, S3=1, ISBLANK(P3), ISBLANK(Q3), T3=U3), 2, 3))"
Wednesday,1,2026-05-27,5:30pm,"Courts 1–5","Line 3 (#3 Pair B)","LAX-Winona Fusion","Nothing But Net","","",Y,,,,,,,"=IF(L4="""",0,IF(L4>M4,1,0))+IF(N4="""",0,IF(N4>O4,1,0))+IF(P4="""",0,IF(P4>Q4,1,0))","=IF(M4="""",0,IF(M4>L4,1,0))+IF(O4="""",0,IF(O4>N4,1,0))+IF(Q4="""",0,IF(Q4>P4,1,0))","=SUM(L4,N4,P4)","=SUM(M4,O4,Q4)","=IF(K4=""Y"", 1, 0) + IF(AND(R4=1, S4=1, ISBLANK(P4), ISBLANK(Q4), T4=U4), 1, IF(AND(R4=1, S4=1, ISBLANK(P4), ISBLANK(Q4), T4>U4), 2, R4))","=IF(K4=""Y"", 1, 0) + IF(AND(R4=1, S4=1, ISBLANK(P4), ISBLANK(Q4), T4=U4), 1, IF(AND(R4=1, S4=1, ISBLANK(P4), ISBLANK(Q4), U4>T4), 2, S4))","=IF(K4<>""Y"", 0, IF(AND(R4=1, S4=1, ISBLANK(P4), ISBLANK(Q4), T4=U4), 2, 3))"
Wednesday,1,2026-05-27,5:30pm,"Courts 1–5","Line 4 (#4/#5)","LAX-Winona Fusion","Nothing But Net","","",Y,,,,,,,"=IF(L5="""",0,IF(L5>M5,1,0))+IF(N5="""",0,IF(N5>O5,1,0))+IF(P5="""",0,IF(P5>Q5,1,0))","=IF(M5="""",0,IF(M5>L5,1,0))+IF(O5="""",0,IF(O5>N5,1,0))+IF(Q5="""",0,IF(Q5>P5,1,0))","=SUM(L5,N5,P5)","=SUM(M5,O5,Q5)","=IF(K5=""Y"", 1, 0) + IF(AND(R5=1, S5=1, ISBLANK(P5), ISBLANK(Q5), T5=U5), 1, IF(AND(R5=1, S5=1, ISBLANK(P5), ISBLANK(Q5), T5>U5), 2, R5))","=IF(K5=""Y"", 1, 0) + IF(AND(R5=1, S5=1, ISBLANK(P5), ISBLANK(Q5), T5=U5), 1, IF(AND(R5=1, S5=1, ISBLANK(P5), ISBLANK(Q5), U5>T5), 2, S5))","=IF(K5<>""Y"", 0, IF(AND(R5=1, S5=1, ISBLANK(P5), ISBLANK(Q5), T5=U5), 2, 3))"
Wednesday,1,2026-05-27,7:00pm,"Courts 1–5","Line 1 (#1/#2)","Rally Monkeys","Simply Smashing","","",Y,,,,,,,"=IF(L6="""",0,IF(L6>M6,1,0))+IF(N6="""",0,IF(N6>O6,1,0))+IF(P6="""",0,IF(P6>Q6,1,0))","=IF(M6="""",0,IF(M6>L6,1,0))+IF(O6="""",0,IF(O6>N6,1,0))+IF(Q6="""",0,IF(Q6>P6,1,0))","=SUM(L6,N6,P6)","=SUM(M6,O6,Q6)","=IF(K6=""Y"", 1, 0) + IF(AND(R6=1, S6=1, ISBLANK(P6), ISBLANK(Q6), T6=U6), 1, IF(AND(R6=1, S6=1, ISBLANK(P6), ISBLANK(Q6), T6>U6), 2, R6))","=IF(K6=""Y"", 1, 0) + IF(AND(R6=1, S6=1, ISBLANK(P6), ISBLANK(Q6), T6=U6), 1, IF(AND(R6=1, S6=1, ISBLANK(P6), ISBLANK(Q6), U6>T6), 2, S6))","=IF(K6<>""Y"", 0, IF(AND(R6=1, S6=1, ISBLANK(P6), ISBLANK(Q6), T6=U6), 2, 3))"
Wednesday,1,2026-05-27,7:00pm,"Courts 1–5","Line 2 (#3 Pair A)","Rally Monkeys","Simply Smashing","","",Y,,,,,,,"=IF(L7="""",0,IF(L7>M7,1,0))+IF(N7="""",0,IF(N7>O7,1,0))+IF(P7="""",0,IF(P7>Q7,1,0))","=IF(M7="""",0,IF(M7>L7,1,0))+IF(O7="""",0,IF(O7>N7,1,0))+IF(Q7="""",0,IF(Q7>P7,1,0))","=SUM(L7,N7,P7)","=SUM(M7,O7,Q7)","=IF(K7=""Y"", 1, 0) + IF(AND(R7=1, S7=1, ISBLANK(P7), ISBLANK(Q7), T7=U7), 1, IF(AND(R7=1, S7=1, ISBLANK(P7), ISBLANK(Q7), T7>U7), 2, R7))","=IF(K7=""Y"", 1, 0) + IF(AND(R7=1, S7=1, ISBLANK(P7), ISBLANK(Q7), T7=U7), 1, IF(AND(R7=1, S7=1, ISBLANK(P7), ISBLANK(Q7), U7>T7), 2, S7))","=IF(K7<>""Y"", 0, IF(AND(R7=1, S7=1, ISBLANK(P7), ISBLANK(Q7), T7=U7), 2, 3))"
Wednesday,1,2026-05-27,7:00pm,"Courts 1–5","Line 3 (#3 Pair B)","Rally Monkeys","Simply Smashing","","",Y,,,,,,,"=IF(L8="""",0,IF(L8>M8,1,0))+IF(N8="""",0,IF(N8>O8,1,0))+IF(P8="""",0,IF(P8>Q8,1,0))","=IF(M8="""",0,IF(M8>L8,1,0))+IF(O8="""",0,IF(O8>N8,1,0))+IF(Q8="""",0,IF(Q8>P8,1,0))","=SUM(L8,N8,P8)","=SUM(M8,O8,Q8)","=IF(K8=""Y"", 1, 0) + IF(AND(R8=1, S8=1, ISBLANK(P8), ISBLANK(Q8), T8=U8), 1, IF(AND(R8=1, S8=1, ISBLANK(P8), ISBLANK(Q8), T8>U8), 2, R8))","=IF(K8=""Y"", 1, 0) + IF(AND(R8=1, S8=1, ISBLANK(P8), ISBLANK(Q8), T8=U8), 1, IF(AND(R8=1, S8=1, ISBLANK(P8), ISBLANK(Q8), U8>T8), 2, S8))","=IF(K8<>""Y"", 0, IF(AND(R8=1, S8=1, ISBLANK(P8), ISBLANK(Q8), T8=U8), 2, 3))"
Wednesday,1,2026-05-27,7:00pm,"Courts 1–5","Line 4 (#4/#5)","Rally Monkeys","Simply Smashing","","",Y,,,,,,,"=IF(L9="""",0,IF(L9>M9,1,0))+IF(N9="""",0,IF(N9>O9,1,0))+IF(P9="""",0,IF(P9>Q9,1,0))","=IF(M9="""",0,IF(M9>L9,1,0))+IF(O9="""",0,IF(O9>N9,1,0))+IF(Q9="""",0,IF(Q9>P9,1,0))","=SUM(L9,N9,P9)","=SUM(M9,O9,Q9)","=IF(K9=""Y"", 1, 0) + IF(AND(R9=1, S9=1, ISBLANK(P9), ISBLANK(Q9), T9=U9), 1, IF(AND(R9=1, S9=1, ISBLANK(P9), ISBLANK(Q9), T9>U9), 2, R9))","=IF(K9=""Y"", 1, 0) + IF(AND(R9=1, S9=1, ISBLANK(P9), ISBLANK(Q9), T9=U9), 1, IF(AND(R9=1, S9=1, ISBLANK(P9), ISBLANK(Q9), U9>T9), 2, S9))","=IF(K9<>""Y"", 0, IF(AND(R9=1, S9=1, ISBLANK(P9), ISBLANK(Q9), T9=U9), 2, 3))"
Wednesday,1,2026-05-27,5:30pm,"Courts 6–9","Line 1 (#1/#2)","Hit Squad","Backhand Bandits","","",Y,,,,,,,"=IF(L10="""",0,IF(L10>M10,1,0))+IF(N10="""",0,IF(N10>O10,1,0))+IF(P10="""",0,IF(P10>Q10,1,0))","=IF(M10="""",0,IF(M10>L10,1,0))+IF(O10="""",0,IF(O10>N10,1,0))+IF(Q10="""",0,IF(Q10>P10,1,0))","=SUM(L10,N10,P10)","=SUM(M10,O10,Q10)","=IF(K10=""Y"", 1, 0) + IF(AND(R10=1, S10=1, ISBLANK(P10), ISBLANK(Q10), T10=U10), 1, IF(AND(R10=1, S10=1, ISBLANK(P10), ISBLANK(Q10), T10>U10), 2, R10))","=IF(K10=""Y"", 1, 0) + IF(AND(R10=1, S10=1, ISBLANK(P10), ISBLANK(Q10), T10=U10), 1, IF(AND(R10=1, S10=1, ISBLANK(P10), ISBLANK(Q10), U10>T10), 2, S10))","=IF(K10<>""Y"", 0, IF(AND(R10=1, S10=1, ISBLANK(P10), ISBLANK(Q10), T10=U10), 2, 3))"
Wednesday,1,2026-05-27,5:30pm,"Courts 6–9","Line 2 (#3 Pair A)","Hit Squad","Backhand Bandits","","",Y,,,,,,,"=IF(L11="""",0,IF(L11>M11,1,0))+IF(N11="""",0,IF(N11>O11,1,0))+IF(P11="""",0,IF(P11>Q11,1,0))","=IF(M11="""",0,IF(M11>L11,1,0))+IF(O11="""",0,IF(O11>N11,1,0))+IF(Q11="""",0,IF(Q11>P11,1,0))","=SUM(L11,N11,P11)","=SUM(M11,O11,Q11)","=IF(K11=""Y"", 1, 0) + IF(AND(R11=1, S11=1, ISBLANK(P11), ISBLANK(Q11), T11=U11), 1, IF(AND(R11=1, S11=1, ISBLANK(P11), ISBLANK(Q11), T11>U11), 2, R11))","=IF(K11=""Y"", 1, 0) + IF(AND(R11=1, S11=1, ISBLANK(P11), ISBLANK(Q11), T11=U11), 1, IF(AND(R11=1, S11=1, ISBLANK(P11), ISBLANK(Q11), U11>T11), 2, S11))","=IF(K11<>""Y"", 0, IF(AND(R11=1, S11=1, ISBLANK(P11), ISBLANK(Q11), T11=U11), 2, 3))"
Wednesday,1,2026-05-27,5:30pm,"Courts 6–9","Line 3 (#3 Pair B)","Hit Squad","Backhand Bandits","","",Y,,,,,,,"=IF(L12="""",0,IF(L12>M12,1,0))+IF(N12="""",0,IF(N12>O12,1,0))+IF(P12="""",0,IF(P12>Q12,1,0))","=IF(M12="""",0,IF(M12>L12,1,0))+IF(O12="""",0,IF(O12>N12,1,0))+IF(Q12="""",0,IF(Q12>P12,1,0))","=SUM(L12,N12,P12)","=SUM(M12,O12,Q12)","=IF(K12=""Y"", 1, 0) + IF(AND(R12=1, S12=1, ISBLANK(P12), ISBLANK(Q12), T12=U12), 1, IF(AND(R12=1, S12=1, ISBLANK(P12), ISBLANK(Q12), T12>U12), 2, R12))","=IF(K12=""Y"", 1, 0) + IF(AND(R12=1, S12=1, ISBLANK(P12), ISBLANK(Q12), T12=U12), 1, IF(AND(R12=1, S12=1, ISBLANK(P12), ISBLANK(Q12), U12>T12), 2, S12))","=IF(K12<>""Y"", 0, IF(AND(R12=1, S12=1, ISBLANK(P12), ISBLANK(Q12), T12=U12), 2, 3))"
Wednesday,1,2026-05-27,5:30pm,"Courts 6–9","Line 4 (#4/#5)","Hit Squad","Backhand Bandits","","",Y,,,,,,,"=IF(L13="""",0,IF(L13>M13,1,0))+IF(N13="""",0,IF(N13>O13,1,0))+IF(P13="""",0,IF(P13>Q13,1,0))","=IF(M13="""",0,IF(M13>L13,1,0))+IF(O13="""",0,IF(O13>N13,1,0))+IF(Q13="""",0,IF(Q13>P13,1,0))","=SUM(L13,N13,P13)","=SUM(M13,O13,Q13)","=IF(K13=""Y"", 1, 0) + IF(AND(R13=1, S13=1, ISBLANK(P13), ISBLANK(Q13), T13=U13), 1, IF(AND(R13=1, S13=1, ISBLANK(P13), ISBLANK(Q13), T13>U13), 2, R13))","=IF(K13=""Y"", 1, 0) + IF(AND(R13=1, S13=1, ISBLANK(P13), ISBLANK(Q13), T13=U13), 1, IF(AND(R13=1, S13=1, ISBLANK(P13), ISBLANK(Q13), U13>T13), 2, S13))","=IF(K13<>""Y"", 0, IF(AND(R13=1, S13=1, ISBLANK(P13), ISBLANK(Q13), T13=U13), 2, 3))"
Wednesday,1,2026-05-27,7:00pm,"Courts 6–9","Line 1 (#1/#2)","Hot Shots","Baseliners","","",Y,,,,,,,"=IF(L14="""",0,IF(L14>M14,1,0))+IF(N14="""",0,IF(N14>O14,1,0))+IF(P14="""",0,IF(P14>Q14,1,0))","=IF(M14="""",0,IF(M14>L14,1,0))+IF(O14="""",0,IF(O14>N14,1,0))+IF(Q14="""",0,IF(Q14>P14,1,0))","=SUM(L14,N14,P14)","=SUM(M14,O14,Q14)","=IF(K14=""Y"", 1, 0) + IF(AND(R14=1, S14=1, ISBLANK(P14), ISBLANK(Q14), T14=U14), 1, IF(AND(R14=1, S14=1, ISBLANK(P14), ISBLANK(Q14), T14>U14), 2, R14))","=IF(K14=""Y"", 1, 0) + IF(AND(R14=1, S14=1, ISBLANK(P14), ISBLANK(Q14), T14=U14), 1, IF(AND(R14=1, S14=1, ISBLANK(P14), ISBLANK(Q14), U14>T14), 2, S14))","=IF(K14<>""Y"", 0, IF(AND(R14=1, S14=1, ISBLANK(P14), ISBLANK(Q14), T14=U14), 2, 3))"
Wednesday,1,2026-05-27,7:00pm,"Courts 6–9","Line 2 (#3 Pair A)","Hot Shots","Baseliners","","",Y,,,,,,,"=IF(L15="""",0,IF(L15>M15,1,0))+IF(N15="""",0,IF(N15>O15,1,0))+IF(P15="""",0,IF(P15>Q15,1,0))","=IF(M15="""",0,IF(M15>L15,1,0))+IF(O15="""",0,IF(O15>N15,1,0))+IF(Q15="""",0,IF(Q15>P15,1,0))","=SUM(L15,N15,P15)","=SUM(M15,O15,Q15)","=IF(K15=""Y"", 1, 0) + IF(AND(R15=1, S15=1, ISBLANK(P15), ISBLANK(Q15), T15=U15), 1, IF(AND(R15=1, S15=1, ISBLANK(P15), ISBLANK(Q15), T15>U15), 2, R15))","=IF(K15=""Y"", 1, 0) + IF(AND(R15=1, S15=1, ISBLANK(P15), ISBLANK(Q15), T15=U15), 1, IF(AND(R15=1, S15=1, ISBLANK(P15), ISBLANK(Q15), U15>T15), 2, S15))","=IF(K15<>""Y"", 0, IF(AND(R15=1, S15=1, ISBLANK(P15), ISBLANK(Q15), T15=U15), 2, 3))"
Wednesday,1,2026-05-27,7:00pm,"Courts 6–9","Line 3 (#3 Pair B)","Hot Shots","Baseliners","","",Y,,,,,,,"=IF(L16="""",0,IF(L16>M16,1,0))+IF(N16="""",0,IF(N16>O16,1,0))+IF(P16="""",0,IF(P16>Q16,1,0))","=IF(M16="""",0,IF(M16>L16,1,0))+IF(O16="""",0,IF(O16>N16,1,0))+IF(Q16="""",0,IF(Q16>P16,1,0))","=SUM(L16,N16,P16)","=SUM(M16,O16,Q16)","=IF(K16=""Y"", 1, 0) + IF(AND(R16=1, S16=1, ISBLANK(P16), ISBLANK(Q16), T16=U16), 1, IF(AND(R16=1, S16=1, ISBLANK(P16), ISBLANK(Q16), T16>U16), 2, R16))","=IF(K16=""Y"", 1, 0) + IF(AND(R16=1, S16=1, ISBLANK(P16), ISBLANK(Q16), T16=U16), 1, IF(AND(R16=1, S16=1, ISBLANK(P16), ISBLANK(Q16), U16>T16), 2, S16))","=IF(K16<>""Y"", 0, IF(AND(R16=1, S16=1, ISBLANK(P16), ISBLANK(Q16), T16=U16), 2, 3))"
Wednesday,1,2026-05-27,7:00pm,"Courts 6–9","Line 4 (#4/#5)","Hot Shots","Baseliners","","",Y,,,,,,,"=IF(L17="""",0,IF(L17>M17,1,0))+IF(N17="""",0,IF(N17>O17,1,0))+IF(P17="""",0,IF(P17>Q17,1,0))","=IF(M17="""",0,IF(M17>L17,1,0))+IF(O17="""",0,IF(O17>N17,1,0))+IF(Q17="""",0,IF(Q17>P17,1,0))","=SUM(L17,N17,P17)","=SUM(M17,O17,Q17)","=IF(K17=""Y"", 1, 0) + IF(AND(R17=1, S17=1, ISBLANK(P17), ISBLANK(Q17), T17=U17), 1, IF(AND(R17=1, S17=1, ISBLANK(P17), ISBLANK(Q17), T17>U17), 2, R17))","=IF(K17=""Y"", 1, 0) + IF(AND(R17=1, S17=1, ISBLANK(P17), ISBLANK(Q17), T17=U17), 1, IF(AND(R17=1, S17=1, ISBLANK(P17), ISBLANK(Q17), U17>T17), 2, S17))","=IF(K17<>""Y"", 0, IF(AND(R17=1, S17=1, ISBLANK(P17), ISBLANK(Q17), T17=U17), 2, 3))"
Wednesday,1,2026-05-27,5:30pm,"Courts 10–13","Line 1 (#1/#2)","Glory Days","Not My Fault","","",Y,,,,,,,"=IF(L18="""",0,IF(L18>M18,1,0))+IF(N18="""",0,IF(N18>O18,1,0))+IF(P18="""",0,IF(P18>Q18,1,0))","=IF(M18="""",0,IF(M18>L18,1,0))+IF(O18="""",0,IF(O18>N18,1,0))+IF(Q18="""",0,IF(Q18>P18,1,0))","=SUM(L18,N18,P18)","=SUM(M18,O18,Q18)","=IF(K18=""Y"", 1, 0) + IF(AND(R18=1, S18=1, ISBLANK(P18), ISBLANK(Q18), T18=U18), 1, IF(AND(R18=1, S18=1, ISBLANK(P18), ISBLANK(Q18), T18>U18), 2, R18))","=IF(K18=""Y"", 1, 0) + IF(AND(R18=1, S18=1, ISBLANK(P18), ISBLANK(Q18), T18=U18), 1, IF(AND(R18=1, S18=1, ISBLANK(P18), ISBLANK(Q18), U18>T18), 2, S18))","=IF(K18<>""Y"", 0, IF(AND(R18=1, S18=1, ISBLANK(P18), ISBLANK(Q18), T18=U18), 2, 3))"
Wednesday,1,2026-05-27,5:30pm,"Courts 10–13","Line 2 (#3 Pair A)","Glory Days","Not My Fault","","",Y,,,,,,,"=IF(L19="""",0,IF(L19>M19,1,0))+IF(N19="""",0,IF(N19>O19,1,0))+IF(P19="""",0,IF(P19>Q19,1,0))","=IF(M19="""",0,IF(M19>L19,1,0))+IF(O19="""",0,IF(O19>N19,1,0))+IF(Q19="""",0,IF(Q19>P19,1,0))","=SUM(L19,N19,P19)","=SUM(M19,O19,Q19)","=IF(K19=""Y"", 1, 0) + IF(AND(R19=1, S19=1, ISBLANK(P19), ISBLANK(Q19), T19=U19), 1, IF(AND(R19=1, S19=1, ISBLANK(P19), ISBLANK(Q19), T19>U19), 2, R19))","=IF(K19=""Y"", 1, 0) + IF(AND(R19=1, S19=1, ISBLANK(P19), ISBLANK(Q19), T19=U19), 1, IF(AND(R19=1, S19=1, ISBLANK(P19), ISBLANK(Q19), U19>T19), 2, S19))","=IF(K19<>""Y"", 0, IF(AND(R19=1, S19=1, ISBLANK(P19), ISBLANK(Q19), T19=U19), 2, 3))"
Wednesday,1,2026-05-27,5:30pm,"Courts 10–13","Line 3 (#3 Pair B)","Glory Days","Not My Fault","","",Y,,,,,,,"=IF(L20="""",0,IF(L20>M20,1,0))+IF(N20="""",0,IF(N20>O20,1,0))+IF(P20="""",0,IF(P20>Q20,1,0))","=IF(M20="""",0,IF(M20>L20,1,0))+IF(O20="""",0,IF(O20>N20,1,0))+IF(Q20="""",0,IF(Q20>P20,1,0))","=SUM(L20,N20,P20)","=SUM(M20,O20,Q20)","=IF(K20=""Y"", 1, 0) + IF(AND(R20=1, S20=1, ISBLANK(P20), ISBLANK(Q20), T20=U20), 1, IF(AND(R20=1, S20=1, ISBLANK(P20), ISBLANK(Q20), T20>U20), 2, R20))","=IF(K20=""Y"", 1, 0) + IF(AND(R20=1, S20=1, ISBLANK(P20), ISBLANK(Q20), T20=U20), 1, IF(AND(R20=1, S20=1, ISBLANK(P20), ISBLANK(Q20), U20>T20), 2, S20))","=IF(K20<>""Y"", 0, IF(AND(R20=1, S20=1, ISBLANK(P20), ISBLANK(Q20), T20=U20), 2, 3))"
Wednesday,1,2026-05-27,5:30pm,"Courts 10–13","Line 4 (#4/#5)","Glory Days","Not My Fault","","",Y,,,,,,,"=IF(L21="""",0,IF(L21>M21,1,0))+IF(N21="""",0,IF(N21>O21,1,0))+IF(P21="""",0,IF(P21>Q21,1,0))","=IF(M21="""",0,IF(M21>L21,1,0))+IF(O21="""",0,IF(O21>N21,1,0))+IF(Q21="""",0,IF(Q21>P21,1,0))","=SUM(L21,N21,P21)","=SUM(M21,O21,Q21)","=IF(K21=""Y"", 1, 0) + IF(AND(R21=1, S21=1, ISBLANK(P21), ISBLANK(Q21), T21=U21), 1, IF(AND(R21=1, S21=1, ISBLANK(P21), ISBLANK(Q21), T21>U21), 2, R21))","=IF(K21=""Y"", 1, 0) + IF(AND(R21=1, S21=1, ISBLANK(P21), ISBLANK(Q21), T21=U21), 1, IF(AND(R21=1, S21=1, ISBLANK(P21), ISBLANK(Q21), U21>T21), 2, S21))","=IF(K21<>""Y"", 0, IF(AND(R21=1, S21=1, ISBLANK(P21), ISBLANK(Q21), T21=U21), 2, 3))"
Wednesday,1,2026-05-27,7:00pm,"Courts 10–13","Line 1 (#1/#2)","Howie's Team","Serve Aces","","",Y,,,,,,,"=IF(L22="""",0,IF(L22>M22,1,0))+IF(N22="""",0,IF(N22>O22,1,0))+IF(P22="""",0,IF(P22>Q22,1,0))","=IF(M22="""",0,IF(M22>L22,1,0))+IF(O22="""",0,IF(O22>N22,1,0))+IF(Q22="""",0,IF(Q22>P22,1,0))","=SUM(L22,N22,P22)","=SUM(M22,O22,Q22)","=IF(K22=""Y"", 1, 0) + IF(AND(R22=1, S22=1, ISBLANK(P22), ISBLANK(Q22), T22=U22), 1, IF(AND(R22=1, S22=1, ISBLANK(P22), ISBLANK(Q22), T22>U22), 2, R22))","=IF(K22=""Y"", 1, 0) + IF(AND(R22=1, S22=1, ISBLANK(P22), ISBLANK(Q22), T22=U22), 1, IF(AND(R22=1, S22=1, ISBLANK(P22), ISBLANK(Q22), U22>T22), 2, S22))","=IF(K22<>""Y"", 0, IF(AND(R22=1, S22=1, ISBLANK(P22), ISBLANK(Q22), T22=U22), 2, 3))"
Wednesday,1,2026-05-27,7:00pm,"Courts 10–13","Line 2 (#3 Pair A)","Howie's Team","Serve Aces","","",Y,,,,,,,"=IF(L23="""",0,IF(L23>M23,1,0))+IF(N23="""",0,IF(N23>O23,1,0))+IF(P23="""",0,IF(P23>Q23,1,0))","=IF(M23="""",0,IF(M23>L23,1,0))+IF(O23="""",0,IF(O23>N23,1,0))+IF(Q23="""",0,IF(Q23>P23,1,0))","=SUM(L23,N23,P23)","=SUM(M23,O23,Q23)","=IF(K23=""Y"", 1, 0) + IF(AND(R23=1, S23=1, ISBLANK(P23), ISBLANK(Q23), T23=U23), 1, IF(AND(R23=1, S23=1, ISBLANK(P23), ISBLANK(Q23), T23>U23), 2, R23))","=IF(K23=""Y"", 1, 0) + IF(AND(R23=1, S23=1, ISBLANK(P23), ISBLANK(Q23), T23=U23), 1, IF(AND(R23=1, S23=1, ISBLANK(P23), ISBLANK(Q23), U23>T23), 2, S23))","=IF(K23<>""Y"", 0, IF(AND(R23=1, S23=1, ISBLANK(P23), ISBLANK(Q23), T23=U23), 2, 3))"
Wednesday,1,2026-05-27,7:00pm,"Courts 10–13","Line 3 (#3 Pair B)","Howie's Team","Serve Aces","","",Y,,,,,,,"=IF(L24="""",0,IF(L24>M24,1,0))+IF(N24="""",0,IF(N24>O24,1,0))+IF(P24="""",0,IF(P24>Q24,1,0))","=IF(M24="""",0,IF(M24>L24,1,0))+IF(O24="""",0,IF(O24>N24,1,0))+IF(Q24="""",0,IF(Q24>P24,1,0))","=SUM(L24,N24,P24)","=SUM(M24,O24,Q24)","=IF(K24=""Y"", 1, 0) + IF(AND(R24=1, S24=1, ISBLANK(P24), ISBLANK(Q24), T24=U24), 1, IF(AND(R24=1, S24=1, ISBLANK(P24), ISBLANK(Q24), T24>U24), 2, R24))","=IF(K24=""Y"", 1, 0) + IF(AND(R24=1, S24=1, ISBLANK(P24), ISBLANK(Q24), T24=U24), 1, IF(AND(R24=1, S24=1, ISBLANK(P24), ISBLANK(Q24), U24>T24), 2, S24))","=IF(K24<>""Y"", 0, IF(AND(R24=1, S24=1, ISBLANK(P24), ISBLANK(Q24), T24=U24), 2, 3))"
Wednesday,1,2026-05-27,7:00pm,"Courts 10–13","Line 4 (#4/#5)","Howie's Team","Serve Aces","","",Y,,,,,,,"=IF(L25="""",0,IF(L25>M25,1,0))+IF(N25="""",0,IF(N25>O25,1,0))+IF(P25="""",0,IF(P25>Q25,1,0))","=IF(M25="""",0,IF(M25>L25,1,0))+IF(O25="""",0,IF(O25>N25,1,0))+IF(Q25="""",0,IF(Q25>P25,1,0))","=SUM(L25,N25,P25)","=SUM(M25,O25,Q25)","=IF(K25=""Y"", 1, 0) + IF(AND(R25=1, S25=1, ISBLANK(P25), ISBLANK(Q25), T25=U25), 1, IF(AND(R25=1, S25=1, ISBLANK(P25), ISBLANK(Q25), T25>U25), 2, R25))","=IF(K25=""Y"", 1, 0) + IF(AND(R25=1, S25=1, ISBLANK(P25), ISBLANK(Q25), T25=U25), 1, IF(AND(R25=1, S25=1, ISBLANK(P25), ISBLANK(Q25), U25>T25), 2, S25))","=IF(K25<>""Y"", 0, IF(AND(R25=1, S25=1, ISBLANK(P25), ISBLANK(Q25), T25=U25), 2, 3))"
Wednesday,2,2026-06-03,7:00pm,"Courts 10–13","Line 1 (#1/#2)","Simply Smashing","LAX-Winona Fusion","","",Y,,,,,,,"=IF(L26="""",0,IF(L26>M26,1,0))+IF(N26="""",0,IF(N26>O26,1,0))+IF(P26="""",0,IF(P26>Q26,1,0))","=IF(M26="""",0,IF(M26>L26,1,0))+IF(O26="""",0,IF(O26>N26,1,0))+IF(Q26="""",0,IF(Q26>P26,1,0))","=SUM(L26,N26,P26)","=SUM(M26,O26,Q26)","=IF(K26=""Y"", 1, 0) + IF(AND(R26=1, S26=1, ISBLANK(P26), ISBLANK(Q26), T26=U26), 1, IF(AND(R26=1, S26=1, ISBLANK(P26), ISBLANK(Q26), T26>U26), 2, R26))","=IF(K26=""Y"", 1, 0) + IF(AND(R26=1, S26=1, ISBLANK(P26), ISBLANK(Q26), T26=U26), 1, IF(AND(R26=1, S26=1, ISBLANK(P26), ISBLANK(Q26), U26>T26), 2, S26))","=IF(K26<>""Y"", 0, IF(AND(R26=1, S26=1, ISBLANK(P26), ISBLANK(Q26), T26=U26), 2, 3))"
Wednesday,2,2026-06-03,7:00pm,"Courts 10–13","Line 2 (#3 Pair A)","Simply Smashing","LAX-Winona Fusion","","",Y,,,,,,,"=IF(L27="""",0,IF(L27>M27,1,0))+IF(N27="""",0,IF(N27>O27,1,0))+IF(P27="""",0,IF(P27>Q27,1,0))","=IF(M27="""",0,IF(M27>L27,1,0))+IF(O27="""",0,IF(O27>N27,1,0))+IF(Q27="""",0,IF(Q27>P27,1,0))","=SUM(L27,N27,P27)","=SUM(M27,O27,Q27)","=IF(K27=""Y"", 1, 0) + IF(AND(R27=1, S27=1, ISBLANK(P27), ISBLANK(Q27), T27=U27), 1, IF(AND(R27=1, S27=1, ISBLANK(P27), ISBLANK(Q27), T27>U27), 2, R27))","=IF(K27=""Y"", 1, 0) + IF(AND(R27=1, S27=1, ISBLANK(P27), ISBLANK(Q27), T27=U27), 1, IF(AND(R27=1, S27=1, ISBLANK(P27), ISBLANK(Q27), U27>T27), 2, S27))","=IF(K27<>""Y"", 0, IF(AND(R27=1, S27=1, ISBLANK(P27), ISBLANK(Q27), T27=U27), 2, 3))"
Wednesday,2,2026-06-03,7:00pm,"Courts 10–13","Line 3 (#3 Pair B)","Simply Smashing","LAX-Winona Fusion","","",Y,,,,,,,"=IF(L28="""",0,IF(L28>M28,1,0))+IF(N28="""",0,IF(N28>O28,1,0))+IF(P28="""",0,IF(P28>Q28,1,0))","=IF(M28="""",0,IF(M28>L28,1,0))+IF(O28="""",0,IF(O28>N28,1,0))+IF(Q28="""",0,IF(Q28>P28,1,0))","=SUM(L28,N28,P28)","=SUM(M28,O28,Q28)","=IF(K28=""Y"", 1, 0) + IF(AND(R28=1, S28=1, ISBLANK(P28), ISBLANK(Q28), T28=U28), 1, IF(AND(R28=1, S28=1, ISBLANK(P28), ISBLANK(Q28), T28>U28), 2, R28))","=IF(K28=""Y"", 1, 0) + IF(AND(R28=1, S28=1, ISBLANK(P28), ISBLANK(Q28), T28=U28), 1, IF(AND(R28=1, S28=1, ISBLANK(P28), ISBLANK(Q28), U28>T28), 2, S28))","=IF(K28<>""Y"", 0, IF(AND(R28=1, S28=1, ISBLANK(P28), ISBLANK(Q28), T28=U28), 2, 3))"
Wednesday,2,2026-06-03,7:00pm,"Courts 10–13","Line 4 (#4/#5)","Simply Smashing","LAX-Winona Fusion","","",Y,,,,,,,"=IF(L29="""",0,IF(L29>M29,1,0))+IF(N29="""",0,IF(N29>O29,1,0))+IF(P29="""",0,IF(P29>Q29,1,0))","=IF(M29="""",0,IF(M29>L29,1,0))+IF(O29="""",0,IF(O29>N29,1,0))+IF(Q29="""",0,IF(Q29>P29,1,0))","=SUM(L29,N29,P29)","=SUM(M29,O29,Q29)","=IF(K29=""Y"", 1, 0) + IF(AND(R29=1, S29=1, ISBLANK(P29), ISBLANK(Q29), T29=U29), 1, IF(AND(R29=1, S29=1, ISBLANK(P29), ISBLANK(Q29), T29>U29), 2, R29))","=IF(K29=""Y"", 1, 0) + IF(AND(R29=1, S29=1, ISBLANK(P29), ISBLANK(Q29), T29=U29), 1, IF(AND(R29=1, S29=1, ISBLANK(P29), ISBLANK(Q29), U29>T29), 2, S29))","=IF(K29<>""Y"", 0, IF(AND(R29=1, S29=1, ISBLANK(P29), ISBLANK(Q29), T29=U29), 2, 3))"
Wednesday,2,2026-06-03,7:00pm,"Courts 6–9","Line 1 (#1/#2)","Nothing But Net","Backhand Bandits","","",Y,,,,,,,"=IF(L30="""",0,IF(L30>M30,1,0))+IF(N30="""",0,IF(N30>O30,1,0))+IF(P30="""",0,IF(P30>Q30,1,0))","=IF(M30="""",0,IF(M30>L30,1,0))+IF(O30="""",0,IF(O30>N30,1,0))+IF(Q30="""",0,IF(Q30>P30,1,0))","=SUM(L30,N30,P30)","=SUM(M30,O30,Q30)","=IF(K30=""Y"", 1, 0) + IF(AND(R30=1, S30=1, ISBLANK(P30), ISBLANK(Q30), T30=U30), 1, IF(AND(R30=1, S30=1, ISBLANK(P30), ISBLANK(Q30), T30>U30), 2, R30))","=IF(K30=""Y"", 1, 0) + IF(AND(R30=1, S30=1, ISBLANK(P30), ISBLANK(Q30), T30=U30), 1, IF(AND(R30=1, S30=1, ISBLANK(P30), ISBLANK(Q30), U30>T30), 2, S30))","=IF(K30<>""Y"", 0, IF(AND(R30=1, S30=1, ISBLANK(P30), ISBLANK(Q30), T30=U30), 2, 3))"
Wednesday,2,2026-06-03,7:00pm,"Courts 6–9","Line 2 (#3 Pair A)","Nothing But Net","Backhand Bandits","","",Y,,,,,,,"=IF(L31="""",0,IF(L31>M31,1,0))+IF(N31="""",0,IF(N31>O31,1,0))+IF(P31="""",0,IF(P31>Q31,1,0))","=IF(M31="""",0,IF(M31>L31,1,0))+IF(O31="""",0,IF(O31>N31,1,0))+IF(Q31="""",0,IF(Q31>P31,1,0))","=SUM(L31,N31,P31)","=SUM(M31,O31,Q31)","=IF(K31=""Y"", 1, 0) + IF(AND(R31=1, S31=1, ISBLANK(P31), ISBLANK(Q31), T31=U31), 1, IF(AND(R31=1, S31=1, ISBLANK(P31), ISBLANK(Q31), T31>U31), 2, R31))","=IF(K31=""Y"", 1, 0) + IF(AND(R31=1, S31=1, ISBLANK(P31), ISBLANK(Q31), T31=U31), 1, IF(AND(R31=1, S31=1, ISBLANK(P31), ISBLANK(Q31), U31>T31), 2, S31))","=IF(K31<>""Y"", 0, IF(AND(R31=1, S31=1, ISBLANK(P31), ISBLANK(Q31), T31=U31), 2, 3))"
Wednesday,2,2026-06-03,7:00pm,"Courts 6–9","Line 3 (#3 Pair B)","Nothing But Net","Backhand Bandits","","",Y,,,,,,,"=IF(L32="""",0,IF(L32>M32,1,0))+IF(N32="""",0,IF(N32>O32,1,0))+IF(P32="""",0,IF(P32>Q32,1,0))","=IF(M32="""",0,IF(M32>L32,1,0))+IF(O32="""",0,IF(O32>N32,1,0))+IF(Q32="""",0,IF(Q32>P32,1,0))","=SUM(L32,N32,P32)","=SUM(M32,O32,Q32)","=IF(K32=""Y"", 1, 0) + IF(AND(R32=1, S32=1, ISBLANK(P32), ISBLANK(Q32), T32=U32), 1, IF(AND(R32=1, S32=1, ISBLANK(P32), ISBLANK(Q32), T32>U32), 2, R32))","=IF(K32=""Y"", 1, 0) + IF(AND(R32=1, S32=1, ISBLANK(P32), ISBLANK(Q32), T32=U32), 1, IF(AND(R32=1, S32=1, ISBLANK(P32), ISBLANK(Q32), U32>T32), 2, S32))","=IF(K32<>""Y"", 0, IF(AND(R32=1, S32=1, ISBLANK(P32), ISBLANK(Q32), T32=U32), 2, 3))"
Wednesday,2,2026-06-03,7:00pm,"Courts 6–9","Line 4 (#4/#5)","Nothing But Net","Backhand Bandits","","",Y,,,,,,,"=IF(L33="""",0,IF(L33>M33,1,0))+IF(N33="""",0,IF(N33>O33,1,0))+IF(P33="""",0,IF(P33>Q33,1,0))","=IF(M33="""",0,IF(M33>L33,1,0))+IF(O33="""",0,IF(O33>N33,1,0))+IF(Q33="""",0,IF(Q33>P33,1,0))","=SUM(L33,N33,P33)","=SUM(M33,O33,Q33)","=IF(K33=""Y"", 1, 0) + IF(AND(R33=1, S33=1, ISBLANK(P33), ISBLANK(Q33), T33=U33), 1, IF(AND(R33=1, S33=1, ISBLANK(P33), ISBLANK(Q33), T33>U33), 2, R33))","=IF(K33=""Y"", 1, 0) + IF(AND(R33=1, S33=1, ISBLANK(P33), ISBLANK(Q33), T33=U33), 1, IF(AND(R33=1, S33=1, ISBLANK(P33), ISBLANK(Q33), U33>T33), 2, S33))","=IF(K33<>""Y"", 0, IF(AND(R33=1, S33=1, ISBLANK(P33), ISBLANK(Q33), T33=U33), 2, 3))"
Wednesday,2,2026-06-03,5:30pm,"Courts 10–13","Line 1 (#1/#2)","Baseliners","Rally Monkeys","","",Y,,,,,,,"=IF(L34="""",0,IF(L34>M34,1,0))+IF(N34="""",0,IF(N34>O34,1,0))+IF(P34="""",0,IF(P34>Q34,1,0))","=IF(M34="""",0,IF(M34>L34,1,0))+IF(O34="""",0,IF(O34>N34,1,0))+IF(Q34="""",0,IF(Q34>P34,1,0))","=SUM(L34,N34,P34)","=SUM(M34,O34,Q34)","=IF(K34=""Y"", 1, 0) + IF(AND(R34=1, S34=1, ISBLANK(P34), ISBLANK(Q34), T34=U34), 1, IF(AND(R34=1, S34=1, ISBLANK(P34), ISBLANK(Q34), T34>U34), 2, R34))","=IF(K34=""Y"", 1, 0) + IF(AND(R34=1, S34=1, ISBLANK(P34), ISBLANK(Q34), T34=U34), 1, IF(AND(R34=1, S34=1, ISBLANK(P34), ISBLANK(Q34), U34>T34), 2, S34))","=IF(K34<>""Y"", 0, IF(AND(R34=1, S34=1, ISBLANK(P34), ISBLANK(Q34), T34=U34), 2, 3))"
Wednesday,2,2026-06-03,5:30pm,"Courts 10–13","Line 2 (#3 Pair A)","Baseliners","Rally Monkeys","","",Y,,,,,,,"=IF(L35="""",0,IF(L35>M35,1,0))+IF(N35="""",0,IF(N35>O35,1,0))+IF(P35="""",0,IF(P35>Q35,1,0))","=IF(M35="""",0,IF(M35>L35,1,0))+IF(O35="""",0,IF(O35>N35,1,0))+IF(Q35="""",0,IF(Q35>P35,1,0))","=SUM(L35,N35,P35)","=SUM(M35,O35,Q35)","=IF(K35=""Y"", 1, 0) + IF(AND(R35=1, S35=1, ISBLANK(P35), ISBLANK(Q35), T35=U35), 1, IF(AND(R35=1, S35=1, ISBLANK(P35), ISBLANK(Q35), T35>U35), 2, R35))","=IF(K35=""Y"", 1, 0) + IF(AND(R35=1, S35=1, ISBLANK(P35), ISBLANK(Q35), T35=U35), 1, IF(AND(R35=1, S35=1, ISBLANK(P35), ISBLANK(Q35), U35>T35), 2, S35))","=IF(K35<>""Y"", 0, IF(AND(R35=1, S35=1, ISBLANK(P35), ISBLANK(Q35), T35=U35), 2, 3))"
Wednesday,2,2026-06-03,5:30pm,"Courts 10–13","Line 3 (#3 Pair B)","Baseliners","Rally Monkeys","","",Y,,,,,,,"=IF(L36="""",0,IF(L36>M36,1,0))+IF(N36="""",0,IF(N36>O36,1,0))+IF(P36="""",0,IF(P36>Q36,1,0))","=IF(M36="""",0,IF(M36>L36,1,0))+IF(O36="""",0,IF(O36>N36,1,0))+IF(Q36="""",0,IF(Q36>P36,1,0))","=SUM(L36,N36,P36)","=SUM(M36,O36,Q36)","=IF(K36=""Y"", 1, 0) + IF(AND(R36=1, S36=1, ISBLANK(P36), ISBLANK(Q36), T36=U36), 1, IF(AND(R36=1, S36=1, ISBLANK(P36), ISBLANK(Q36), T36>U36), 2, R36))","=IF(K36=""Y"", 1, 0) + IF(AND(R36=1, S36=1, ISBLANK(P36), ISBLANK(Q36), T36=U36), 1, IF(AND(R36=1, S36=1, ISBLANK(P36), ISBLANK(Q36), U36>T36), 2, S36))","=IF(K36<>""Y"", 0, IF(AND(R36=1, S36=1, ISBLANK(P36), ISBLANK(Q36), T36=U36), 2, 3))"
Wednesday,2,2026-06-03,5:30pm,"Courts 10–13","Line 4 (#4/#5)","Baseliners","Rally Monkeys","","",Y,,,,,,,"=IF(L37="""",0,IF(L37>M37,1,0))+IF(N37="""",0,IF(N37>O37,1,0))+IF(P37="""",0,IF(P37>Q37,1,0))","=IF(M37="""",0,IF(M37>L37,1,0))+IF(O37="""",0,IF(O37>N37,1,0))+IF(Q37="""",0,IF(Q37>P37,1,0))","=SUM(L37,N37,P37)","=SUM(M37,O37,Q37)","=IF(K37=""Y"", 1, 0) + IF(AND(R37=1, S37=1, ISBLANK(P37), ISBLANK(Q37), T37=U37), 1, IF(AND(R37=1, S37=1, ISBLANK(P37), ISBLANK(Q37), T37>U37), 2, R37))","=IF(K37=""Y"", 1, 0) + IF(AND(R37=1, S37=1, ISBLANK(P37), ISBLANK(Q37), T37=U37), 1, IF(AND(R37=1, S37=1, ISBLANK(P37), ISBLANK(Q37), U37>T37), 2, S37))","=IF(K37<>""Y"", 0, IF(AND(R37=1, S37=1, ISBLANK(P37), ISBLANK(Q37), T37=U37), 2, 3))"
Wednesday,2,2026-06-03,7:00pm,"Courts 1–5","Line 1 (#1/#2)","Not My Fault","Hit Squad","","",Y,,,,,,,"=IF(L38="""",0,IF(L38>M38,1,0))+IF(N38="""",0,IF(N38>O38,1,0))+IF(P38="""",0,IF(P38>Q38,1,0))","=IF(M38="""",0,IF(M38>L38,1,0))+IF(O38="""",0,IF(O38>N38,1,0))+IF(Q38="""",0,IF(Q38>P38,1,0))","=SUM(L38,N38,P38)","=SUM(M38,O38,Q38)","=IF(K38=""Y"", 1, 0) + IF(AND(R38=1, S38=1, ISBLANK(P38), ISBLANK(Q38), T38=U38), 1, IF(AND(R38=1, S38=1, ISBLANK(P38), ISBLANK(Q38), T38>U38), 2, R38))","=IF(K38=""Y"", 1, 0) + IF(AND(R38=1, S38=1, ISBLANK(P38), ISBLANK(Q38), T38=U38), 1, IF(AND(R38=1, S38=1, ISBLANK(P38), ISBLANK(Q38), U38>T38), 2, S38))","=IF(K38<>""Y"", 0, IF(AND(R38=1, S38=1, ISBLANK(P38), ISBLANK(Q38), T38=U38), 2, 3))"
Wednesday,2,2026-06-03,7:00pm,"Courts 1–5","Line 2 (#3 Pair A)","Not My Fault","Hit Squad","","",Y,,,,,,,"=IF(L39="""",0,IF(L39>M39,1,0))+IF(N39="""",0,IF(N39>O39,1,0))+IF(P39="""",0,IF(P39>Q39,1,0))","=IF(M39="""",0,IF(M39>L39,1,0))+IF(O39="""",0,IF(O39>N39,1,0))+IF(Q39="""",0,IF(Q39>P39,1,0))","=SUM(L39,N39,P39)","=SUM(M39,O39,Q39)","=IF(K39=""Y"", 1, 0) + IF(AND(R39=1, S39=1, ISBLANK(P39), ISBLANK(Q39), T39=U39), 1, IF(AND(R39=1, S39=1, ISBLANK(P39), ISBLANK(Q39), T39>U39), 2, R39))","=IF(K39=""Y"", 1, 0) + IF(AND(R39=1, S39=1, ISBLANK(P39), ISBLANK(Q39), T39=U39), 1, IF(AND(R39=1, S39=1, ISBLANK(P39), ISBLANK(Q39), U39>T39), 2, S39))","=IF(K39<>""Y"", 0, IF(AND(R39=1, S39=1, ISBLANK(P39), ISBLANK(Q39), T39=U39), 2, 3))"
Wednesday,2,2026-06-03,7:00pm,"Courts 1–5","Line 3 (#3 Pair B)","Not My Fault","Hit Squad","","",Y,,,,,,,"=IF(L40="""",0,IF(L40>M40,1,0))+IF(N40="""",0,IF(N40>O40,1,0))+IF(P40="""",0,IF(P40>Q40,1,0))","=IF(M40="""",0,IF(M40>L40,1,0))+IF(O40="""",0,IF(O40>N40,1,0))+IF(Q40="""",0,IF(Q40>P40,1,0))","=SUM(L40,N40,P40)","=SUM(M40,O40,Q40)","=IF(K40=""Y"", 1, 0) + IF(AND(R40=1, S40=1, ISBLANK(P40), ISBLANK(Q40), T40=U40), 1, IF(AND(R40=1, S40=1, ISBLANK(P40), ISBLANK(Q40), T40>U40), 2, R40))","=IF(K40=""Y"", 1, 0) + IF(AND(R40=1, S40=1, ISBLANK(P40), ISBLANK(Q40), T40=U40), 1, IF(AND(R40=1, S40=1, ISBLANK(P40), ISBLANK(Q40), U40>T40), 2, S40))","=IF(K40<>""Y"", 0, IF(AND(R40=1, S40=1, ISBLANK(P40), ISBLANK(Q40), T40=U40), 2, 3))"
Wednesday,2,2026-06-03,7:00pm,"Courts 1–5","Line 4 (#4/#5)","Not My Fault","Hit Squad","","",Y,,,,,,,"=IF(L41="""",0,IF(L41>M41,1,0))+IF(N41="""",0,IF(N41>O41,1,0))+IF(P41="""",0,IF(P41>Q41,1,0))","=IF(M41="""",0,IF(M41>L41,1,0))+IF(O41="""",0,IF(O41>N41,1,0))+IF(Q41="""",0,IF(Q41>P41,1,0))","=SUM(L41,N41,P41)","=SUM(M41,O41,Q41)","=IF(K41=""Y"", 1, 0) + IF(AND(R41=1, S41=1, ISBLANK(P41), ISBLANK(Q41), T41=U41), 1, IF(AND(R41=1, S41=1, ISBLANK(P41), ISBLANK(Q41), T41>U41), 2, R41))","=IF(K41=""Y"", 1, 0) + IF(AND(R41=1, S41=1, ISBLANK(P41), ISBLANK(Q41), T41=U41), 1, IF(AND(R41=1, S41=1, ISBLANK(P41), ISBLANK(Q41), U41>T41), 2, S41))","=IF(K41<>""Y"", 0, IF(AND(R41=1, S41=1, ISBLANK(P41), ISBLANK(Q41), T41=U41), 2, 3))"
Wednesday,2,2026-06-03,5:30pm,"Courts 1–5","Line 1 (#1/#2)","Serve Aces","Hot Shots","","",Y,,,,,,,"=IF(L42="""",0,IF(L42>M42,1,0))+IF(N42="""",0,IF(N42>O42,1,0))+IF(P42="""",0,IF(P42>Q42,1,0))","=IF(M42="""",0,IF(M42>L42,1,0))+IF(O42="""",0,IF(O42>N42,1,0))+IF(Q42="""",0,IF(Q42>P42,1,0))","=SUM(L42,N42,P42)","=SUM(M42,O42,Q42)","=IF(K42=""Y"", 1, 0) + IF(AND(R42=1, S42=1, ISBLANK(P42), ISBLANK(Q42), T42=U42), 1, IF(AND(R42=1, S42=1, ISBLANK(P42), ISBLANK(Q42), T42>U42), 2, R42))","=IF(K42=""Y"", 1, 0) + IF(AND(R42=1, S42=1, ISBLANK(P42), ISBLANK(Q42), T42=U42), 1, IF(AND(R42=1, S42=1, ISBLANK(P42), ISBLANK(Q42), U42>T42), 2, S42))","=IF(K42<>""Y"", 0, IF(AND(R42=1, S42=1, ISBLANK(P42), ISBLANK(Q42), T42=U42), 2, 3))"
Wednesday,2,2026-06-03,5:30pm,"Courts 1–5","Line 2 (#3 Pair A)","Serve Aces","Hot Shots","","",Y,,,,,,,"=IF(L43="""",0,IF(L43>M43,1,0))+IF(N43="""",0,IF(N43>O43,1,0))+IF(P43="""",0,IF(P43>Q43,1,0))","=IF(M43="""",0,IF(M43>L43,1,0))+IF(O43="""",0,IF(O43>N43,1,0))+IF(Q43="""",0,IF(Q43>P43,1,0))","=SUM(L43,N43,P43)","=SUM(M43,O43,Q43)","=IF(K43=""Y"", 1, 0) + IF(AND(R43=1, S43=1, ISBLANK(P43), ISBLANK(Q43), T43=U43), 1, IF(AND(R43=1, S43=1, ISBLANK(P43), ISBLANK(Q43), T43>U43), 2, R43))","=IF(K43=""Y"", 1, 0) + IF(AND(R43=1, S43=1, ISBLANK(P43), ISBLANK(Q43), T43=U43), 1, IF(AND(R43=1, S43=1, ISBLANK(P43), ISBLANK(Q43), U43>T43), 2, S43))","=IF(K43<>""Y"", 0, IF(AND(R43=1, S43=1, ISBLANK(P43), ISBLANK(Q43), T43=U43), 2, 3))"
Wednesday,2,2026-06-03,5:30pm,"Courts 1–5","Line 3 (#3 Pair B)","Serve Aces","Hot Shots","","",Y,,,,,,,"=IF(L44="""",0,IF(L44>M44,1,0))+IF(N44="""",0,IF(N44>O44,1,0))+IF(P44="""",0,IF(P44>Q44,1,0))","=IF(M44="""",0,IF(M44>L44,1,0))+IF(O44="""",0,IF(O44>N44,1,0))+IF(Q44="""",0,IF(Q44>P44,1,0))","=SUM(L44,N44,P44)","=SUM(M44,O44,Q44)","=IF(K44=""Y"", 1, 0) + IF(AND(R44=1, S44=1, ISBLANK(P44), ISBLANK(Q44), T44=U44), 1, IF(AND(R44=1, S44=1, ISBLANK(P44), ISBLANK(Q44), T44>U44), 2, R44))","=IF(K44=""Y"", 1, 0) + IF(AND(R44=1, S44=1, ISBLANK(P44), ISBLANK(Q44), T44=U44), 1, IF(AND(R44=1, S44=1, ISBLANK(P44), ISBLANK(Q44), U44>T44), 2, S44))","=IF(K44<>""Y"", 0, IF(AND(R44=1, S44=1, ISBLANK(P44), ISBLANK(Q44), T44=U44), 2, 3))"
Wednesday,2,2026-06-03,5:30pm,"Courts 1–5","Line 4 (#4/#5)","Serve Aces","Hot Shots","","",Y,,,,,,,"=IF(L45="""",0,IF(L45>M45,1,0))+IF(N45="""",0,IF(N45>O45,1,0))+IF(P45="""",0,IF(P45>Q45,1,0))","=IF(M45="""",0,IF(M45>L45,1,0))+IF(O45="""",0,IF(O45>N45,1,0))+IF(Q45="""",0,IF(Q45>P45,1,0))","=SUM(L45,N45,P45)","=SUM(M45,O45,Q45)","=IF(K45=""Y"", 1, 0) + IF(AND(R45=1, S45=1, ISBLANK(P45), ISBLANK(Q45), T45=U45), 1, IF(AND(R45=1, S45=1, ISBLANK(P45), ISBLANK(Q45), T45>U45), 2, R45))","=IF(K45=""Y"", 1, 0) + IF(AND(R45=1, S45=1, ISBLANK(P45), ISBLANK(Q45), T45=U45), 1, IF(AND(R45=1, S45=1, ISBLANK(P45), ISBLANK(Q45), U45>T45), 2, S45))","=IF(K45<>""Y"", 0, IF(AND(R45=1, S45=1, ISBLANK(P45), ISBLANK(Q45), T45=U45), 2, 3))"
Wednesday,2,2026-06-03,5:30pm,"Courts 6–9","Line 1 (#1/#2)","Glory Days","Howie's Team","","",Y,,,,,,,"=IF(L46="""",0,IF(L46>M46,1,0))+IF(N46="""",0,IF(N46>O46,1,0))+IF(P46="""",0,IF(P46>Q46,1,0))","=IF(M46="""",0,IF(M46>L46,1,0))+IF(O46="""",0,IF(O46>N46,1,0))+IF(Q46="""",0,IF(Q46>P46,1,0))","=SUM(L46,N46,P46)","=SUM(M46,O46,Q46)","=IF(K46=""Y"", 1, 0) + IF(AND(R46=1, S46=1, ISBLANK(P46), ISBLANK(Q46), T46=U46), 1, IF(AND(R46=1, S46=1, ISBLANK(P46), ISBLANK(Q46), T46>U46), 2, R46))","=IF(K46=""Y"", 1, 0) + IF(AND(R46=1, S46=1, ISBLANK(P46), ISBLANK(Q46), T46=U46), 1, IF(AND(R46=1, S46=1, ISBLANK(P46), ISBLANK(Q46), U46>T46), 2, S46))","=IF(K46<>""Y"", 0, IF(AND(R46=1, S46=1, ISBLANK(P46), ISBLANK(Q46), T46=U46), 2, 3))"
Wednesday,2,2026-06-03,5:30pm,"Courts 6–9","Line 2 (#3 Pair A)","Glory Days","Howie's Team","","",Y,,,,,,,"=IF(L47="""",0,IF(L47>M47,1,0))+IF(N47="""",0,IF(N47>O47,1,0))+IF(P47="""",0,IF(P47>Q47,1,0))","=IF(M47="""",0,IF(M47>L47,1,0))+IF(O47="""",0,IF(O47>N47,1,0))+IF(Q47="""",0,IF(Q47>P47,1,0))","=SUM(L47,N47,P47)","=SUM(M47,O47,Q47)","=IF(K47=""Y"", 1, 0) + IF(AND(R47=1, S47=1, ISBLANK(P47), ISBLANK(Q47), T47=U47), 1, IF(AND(R47=1, S47=1, ISBLANK(P47), ISBLANK(Q47), T47>U47), 2, R47))","=IF(K47=""Y"", 1, 0) + IF(AND(R47=1, S47=1, ISBLANK(P47), ISBLANK(Q47), T47=U47), 1, IF(AND(R47=1, S47=1, ISBLANK(P47), ISBLANK(Q47), U47>T47), 2, S47))","=IF(K47<>""Y"", 0, IF(AND(R47=1, S47=1, ISBLANK(P47), ISBLANK(Q47), T47=U47), 2, 3))"
Wednesday,2,2026-06-03,5:30pm,"Courts 6–9","Line 3 (#3 Pair B)","Glory Days","Howie's Team","","",Y,,,,,,,"=IF(L48="""",0,IF(L48>M48,1,0))+IF(N48="""",0,IF(N48>O48,1,0))+IF(P48="""",0,IF(P48>Q48,1,0))","=IF(M48="""",0,IF(M48>L48,1,0))+IF(O48="""",0,IF(O48>N48,1,0))+IF(Q48="""",0,IF(Q48>P48,1,0))","=SUM(L48,N48,P48)","=SUM(M48,O48,Q48)","=IF(K48=""Y"", 1, 0) + IF(AND(R48=1, S48=1, ISBLANK(P48), ISBLANK(Q48), T48=U48), 1, IF(AND(R48=1, S48=1, ISBLANK(P48), ISBLANK(Q48), T48>U48), 2, R48))","=IF(K48=""Y"", 1, 0) + IF(AND(R48=1, S48=1, ISBLANK(P48), ISBLANK(Q48), T48=U48), 1, IF(AND(R48=1, S48=1, ISBLANK(P48), ISBLANK(Q48), U48>T48), 2, S48))","=IF(K48<>""Y"", 0, IF(AND(R48=1, S48=1, ISBLANK(P48), ISBLANK(Q48), T48=U48), 2, 3))"
Wednesday,2,2026-06-03,5:30pm,"Courts 6–9","Line 4 (#4/#5)","Glory Days","Howie's Team","","",Y,,,,,,,"=IF(L49="""",0,IF(L49>M49,1,0))+IF(N49="""",0,IF(N49>O49,1,0))+IF(P49="""",0,IF(P49>Q49,1,0))","=IF(M49="""",0,IF(M49>L49,1,0))+IF(O49="""",0,IF(O49>N49,1,0))+IF(Q49="""",0,IF(Q49>P49,1,0))","=SUM(L49,N49,P49)","=SUM(M49,O49,Q49)","=IF(K49=""Y"", 1, 0) + IF(AND(R49=1, S49=1, ISBLANK(P49), ISBLANK(Q49), T49=U49), 1, IF(AND(R49=1, S49=1, ISBLANK(P49), ISBLANK(Q49), T49>U49), 2, R49))","=IF(K49=""Y"", 1, 0) + IF(AND(R49=1, S49=1, ISBLANK(P49), ISBLANK(Q49), T49=U49), 1, IF(AND(R49=1, S49=1, ISBLANK(P49), ISBLANK(Q49), U49>T49), 2, S49))","=IF(K49<>""Y"", 0, IF(AND(R49=1, S49=1, ISBLANK(P49), ISBLANK(Q49), T49=U49), 2, 3))"
Wednesday,3,2026-06-10,5:30pm,"Courts 1–5","Line 1 (#1/#2)","Backhand Bandits","LAX-Winona Fusion","","",Y,,,,,,,"=IF(L50="""",0,IF(L50>M50,1,0))+IF(N50="""",0,IF(N50>O50,1,0))+IF(P50="""",0,IF(P50>Q50,1,0))","=IF(M50="""",0,IF(M50>L50,1,0))+IF(O50="""",0,IF(O50>N50,1,0))+IF(Q50="""",0,IF(Q50>P50,1,0))","=SUM(L50,N50,P50)","=SUM(M50,O50,Q50)","=IF(K50=""Y"", 1, 0) + IF(AND(R50=1, S50=1, ISBLANK(P50), ISBLANK(Q50), T50=U50), 1, IF(AND(R50=1, S50=1, ISBLANK(P50), ISBLANK(Q50), T50>U50), 2, R50))","=IF(K50=""Y"", 1, 0) + IF(AND(R50=1, S50=1, ISBLANK(P50), ISBLANK(Q50), T50=U50), 1, IF(AND(R50=1, S50=1, ISBLANK(P50), ISBLANK(Q50), U50>T50), 2, S50))","=IF(K50<>""Y"", 0, IF(AND(R50=1, S50=1, ISBLANK(P50), ISBLANK(Q50), T50=U50), 2, 3))"
Wednesday,3,2026-06-10,5:30pm,"Courts 1–5","Line 2 (#3 Pair A)","Backhand Bandits","LAX-Winona Fusion","","",Y,,,,,,,"=IF(L51="""",0,IF(L51>M51,1,0))+IF(N51="""",0,IF(N51>O51,1,0))+IF(P51="""",0,IF(P51>Q51,1,0))","=IF(M51="""",0,IF(M51>L51,1,0))+IF(O51="""",0,IF(O51>N51,1,0))+IF(Q51="""",0,IF(Q51>P51,1,0))","=SUM(L51,N51,P51)","=SUM(M51,O51,Q51)","=IF(K51=""Y"", 1, 0) + IF(AND(R51=1, S51=1, ISBLANK(P51), ISBLANK(Q51), T51=U51), 1, IF(AND(R51=1, S51=1, ISBLANK(P51), ISBLANK(Q51), T51>U51), 2, R51))","=IF(K51=""Y"", 1, 0) + IF(AND(R51=1, S51=1, ISBLANK(P51), ISBLANK(Q51), T51=U51), 1, IF(AND(R51=1, S51=1, ISBLANK(P51), ISBLANK(Q51), U51>T51), 2, S51))","=IF(K51<>""Y"", 0, IF(AND(R51=1, S51=1, ISBLANK(P51), ISBLANK(Q51), T51=U51), 2, 3))"
Wednesday,3,2026-06-10,5:30pm,"Courts 1–5","Line 3 (#3 Pair B)","Backhand Bandits","LAX-Winona Fusion","","",Y,,,,,,,"=IF(L52="""",0,IF(L52>M52,1,0))+IF(N52="""",0,IF(N52>O52,1,0))+IF(P52="""",0,IF(P52>Q52,1,0))","=IF(M52="""",0,IF(M52>L52,1,0))+IF(O52="""",0,IF(O52>N52,1,0))+IF(Q52="""",0,IF(Q52>P52,1,0))","=SUM(L52,N52,P52)","=SUM(M52,O52,Q52)","=IF(K52=""Y"", 1, 0) + IF(AND(R52=1, S52=1, ISBLANK(P52), ISBLANK(Q52), T52=U52), 1, IF(AND(R52=1, S52=1, ISBLANK(P52), ISBLANK(Q52), T52>U52), 2, R52))","=IF(K52=""Y"", 1, 0) + IF(AND(R52=1, S52=1, ISBLANK(P52), ISBLANK(Q52), T52=U52), 1, IF(AND(R52=1, S52=1, ISBLANK(P52), ISBLANK(Q52), U52>T52), 2, S52))","=IF(K52<>""Y"", 0, IF(AND(R52=1, S52=1, ISBLANK(P52), ISBLANK(Q52), T52=U52), 2, 3))"
Wednesday,3,2026-06-10,5:30pm,"Courts 1–5","Line 4 (#4/#5)","Backhand Bandits","LAX-Winona Fusion","","",Y,,,,,,,"=IF(L53="""",0,IF(L53>M53,1,0))+IF(N53="""",0,IF(N53>O53,1,0))+IF(P53="""",0,IF(P53>Q53,1,0))","=IF(M53="""",0,IF(M53>L53,1,0))+IF(O53="""",0,IF(O53>N53,1,0))+IF(Q53="""",0,IF(Q53>P53,1,0))","=SUM(L53,N53,P53)","=SUM(M53,O53,Q53)","=IF(K53=""Y"", 1, 0) + IF(AND(R53=1, S53=1, ISBLANK(P53), ISBLANK(Q53), T53=U53), 1, IF(AND(R53=1, S53=1, ISBLANK(P53), ISBLANK(Q53), T53>U53), 2, R53))","=IF(K53=""Y"", 1, 0) + IF(AND(R53=1, S53=1, ISBLANK(P53), ISBLANK(Q53), T53=U53), 1, IF(AND(R53=1, S53=1, ISBLANK(P53), ISBLANK(Q53), U53>T53), 2, S53))","=IF(K53<>""Y"", 0, IF(AND(R53=1, S53=1, ISBLANK(P53), ISBLANK(Q53), T53=U53), 2, 3))"
Wednesday,3,2026-06-10,5:30pm,"Courts 6–9","Line 1 (#1/#2)","Simply Smashing","Baseliners","","",Y,,,,,,,"=IF(L54="""",0,IF(L54>M54,1,0))+IF(N54="""",0,IF(N54>O54,1,0))+IF(P54="""",0,IF(P54>Q54,1,0))","=IF(M54="""",0,IF(M54>L54,1,0))+IF(O54="""",0,IF(O54>N54,1,0))+IF(Q54="""",0,IF(Q54>P54,1,0))","=SUM(L54,N54,P54)","=SUM(M54,O54,Q54)","=IF(K54=""Y"", 1, 0) + IF(AND(R54=1, S54=1, ISBLANK(P54), ISBLANK(Q54), T54=U54), 1, IF(AND(R54=1, S54=1, ISBLANK(P54), ISBLANK(Q54), T54>U54), 2, R54))","=IF(K54=""Y"", 1, 0) + IF(AND(R54=1, S54=1, ISBLANK(P54), ISBLANK(Q54), T54=U54), 1, IF(AND(R54=1, S54=1, ISBLANK(P54), ISBLANK(Q54), U54>T54), 2, S54))","=IF(K54<>""Y"", 0, IF(AND(R54=1, S54=1, ISBLANK(P54), ISBLANK(Q54), T54=U54), 2, 3))"
Wednesday,3,2026-06-10,5:30pm,"Courts 6–9","Line 2 (#3 Pair A)","Simply Smashing","Baseliners","","",Y,,,,,,,"=IF(L55="""",0,IF(L55>M55,1,0))+IF(N55="""",0,IF(N55>O55,1,0))+IF(P55="""",0,IF(P55>Q55,1,0))","=IF(M55="""",0,IF(M55>L55,1,0))+IF(O55="""",0,IF(O55>N55,1,0))+IF(Q55="""",0,IF(Q55>P55,1,0))","=SUM(L55,N55,P55)","=SUM(M55,O55,Q55)","=IF(K55=""Y"", 1, 0) + IF(AND(R55=1, S55=1, ISBLANK(P55), ISBLANK(Q55), T55=U55), 1, IF(AND(R55=1, S55=1, ISBLANK(P55), ISBLANK(Q55), T55>U55), 2, R55))","=IF(K55=""Y"", 1, 0) + IF(AND(R55=1, S55=1, ISBLANK(P55), ISBLANK(Q55), T55=U55), 1, IF(AND(R55=1, S55=1, ISBLANK(P55), ISBLANK(Q55), U55>T55), 2, S55))","=IF(K55<>""Y"", 0, IF(AND(R55=1, S55=1, ISBLANK(P55), ISBLANK(Q55), T55=U55), 2, 3))"
Wednesday,3,2026-06-10,5:30pm,"Courts 6–9","Line 3 (#3 Pair B)","Simply Smashing","Baseliners","","",Y,,,,,,,"=IF(L56="""",0,IF(L56>M56,1,0))+IF(N56="""",0,IF(N56>O56,1,0))+IF(P56="""",0,IF(P56>Q56,1,0))","=IF(M56="""",0,IF(M56>L56,1,0))+IF(O56="""",0,IF(O56>N56,1,0))+IF(Q56="""",0,IF(Q56>P56,1,0))","=SUM(L56,N56,P56)","=SUM(M56,O56,Q56)","=IF(K56=""Y"", 1, 0) + IF(AND(R56=1, S56=1, ISBLANK(P56), ISBLANK(Q56), T56=U56), 1, IF(AND(R56=1, S56=1, ISBLANK(P56), ISBLANK(Q56), T56>U56), 2, R56))","=IF(K56=""Y"", 1, 0) + IF(AND(R56=1, S56=1, ISBLANK(P56), ISBLANK(Q56), T56=U56), 1, IF(AND(R56=1, S56=1, ISBLANK(P56), ISBLANK(Q56), U56>T56), 2, S56))","=IF(K56<>""Y"", 0, IF(AND(R56=1, S56=1, ISBLANK(P56), ISBLANK(Q56), T56=U56), 2, 3))"
Wednesday,3,2026-06-10,5:30pm,"Courts 6–9","Line 4 (#4/#5)","Simply Smashing","Baseliners","","",Y,,,,,,,"=IF(L57="""",0,IF(L57>M57,1,0))+IF(N57="""",0,IF(N57>O57,1,0))+IF(P57="""",0,IF(P57>Q57,1,0))","=IF(M57="""",0,IF(M57>L57,1,0))+IF(O57="""",0,IF(O57>N57,1,0))+IF(Q57="""",0,IF(Q57>P57,1,0))","=SUM(L57,N57,P57)","=SUM(M57,O57,Q57)","=IF(K57=""Y"", 1, 0) + IF(AND(R57=1, S57=1, ISBLANK(P57), ISBLANK(Q57), T57=U57), 1, IF(AND(R57=1, S57=1, ISBLANK(P57), ISBLANK(Q57), T57>U57), 2, R57))","=IF(K57=""Y"", 1, 0) + IF(AND(R57=1, S57=1, ISBLANK(P57), ISBLANK(Q57), T57=U57), 1, IF(AND(R57=1, S57=1, ISBLANK(P57), ISBLANK(Q57), U57>T57), 2, S57))","=IF(K57<>""Y"", 0, IF(AND(R57=1, S57=1, ISBLANK(P57), ISBLANK(Q57), T57=U57), 2, 3))"
Wednesday,3,2026-06-10,5:30pm,"Courts 10–13","Line 1 (#1/#2)","Nothing But Net","Not My Fault","","",Y,,,,,,,"=IF(L58="""",0,IF(L58>M58,1,0))+IF(N58="""",0,IF(N58>O58,1,0))+IF(P58="""",0,IF(P58>Q58,1,0))","=IF(M58="""",0,IF(M58>L58,1,0))+IF(O58="""",0,IF(O58>N58,1,0))+IF(Q58="""",0,IF(Q58>P58,1,0))","=SUM(L58,N58,P58)","=SUM(M58,O58,Q58)","=IF(K58=""Y"", 1, 0) + IF(AND(R58=1, S58=1, ISBLANK(P58), ISBLANK(Q58), T58=U58), 1, IF(AND(R58=1, S58=1, ISBLANK(P58), ISBLANK(Q58), T58>U58), 2, R58))","=IF(K58=""Y"", 1, 0) + IF(AND(R58=1, S58=1, ISBLANK(P58), ISBLANK(Q58), T58=U58), 1, IF(AND(R58=1, S58=1, ISBLANK(P58), ISBLANK(Q58), U58>T58), 2, S58))","=IF(K58<>""Y"", 0, IF(AND(R58=1, S58=1, ISBLANK(P58), ISBLANK(Q58), T58=U58), 2, 3))"
Wednesday,3,2026-06-10,5:30pm,"Courts 10–13","Line 2 (#3 Pair A)","Nothing But Net","Not My Fault","","",Y,,,,,,,"=IF(L59="""",0,IF(L59>M59,1,0))+IF(N59="""",0,IF(N59>O59,1,0))+IF(P59="""",0,IF(P59>Q59,1,0))","=IF(M59="""",0,IF(M59>L59,1,0))+IF(O59="""",0,IF(O59>N59,1,0))+IF(Q59="""",0,IF(Q59>P59,1,0))","=SUM(L59,N59,P59)","=SUM(M59,O59,Q59)","=IF(K59=""Y"", 1, 0) + IF(AND(R59=1, S59=1, ISBLANK(P59), ISBLANK(Q59), T59=U59), 1, IF(AND(R59=1, S59=1, ISBLANK(P59), ISBLANK(Q59), T59>U59), 2, R59))","=IF(K59=""Y"", 1, 0) + IF(AND(R59=1, S59=1, ISBLANK(P59), ISBLANK(Q59), T59=U59), 1, IF(AND(R59=1, S59=1, ISBLANK(P59), ISBLANK(Q59), U59>T59), 2, S59))","=IF(K59<>""Y"", 0, IF(AND(R59=1, S59=1, ISBLANK(P59), ISBLANK(Q59), T59=U59), 2, 3))"
Wednesday,3,2026-06-10,5:30pm,"Courts 10–13","Line 3 (#3 Pair B)","Nothing But Net","Not My Fault","","",Y,,,,,,,"=IF(L60="""",0,IF(L60>M60,1,0))+IF(N60="""",0,IF(N60>O60,1,0))+IF(P60="""",0,IF(P60>Q60,1,0))","=IF(M60="""",0,IF(M60>L60,1,0))+IF(O60="""",0,IF(O60>N60,1,0))+IF(Q60="""",0,IF(Q60>P60,1,0))","=SUM(L60,N60,P60)","=SUM(M60,O60,Q60)","=IF(K60=""Y"", 1, 0) + IF(AND(R60=1, S60=1, ISBLANK(P60), ISBLANK(Q60), T60=U60), 1, IF(AND(R60=1, S60=1, ISBLANK(P60), ISBLANK(Q60), T60>U60), 2, R60))","=IF(K60=""Y"", 1, 0) + IF(AND(R60=1, S60=1, ISBLANK(P60), ISBLANK(Q60), T60=U60), 1, IF(AND(R60=1, S60=1, ISBLANK(P60), ISBLANK(Q60), U60>T60), 2, S60))","=IF(K60<>""Y"", 0, IF(AND(R60=1, S60=1, ISBLANK(P60), ISBLANK(Q60), T60=U60), 2, 3))"
Wednesday,3,2026-06-10,5:30pm,"Courts 10–13","Line 4 (#4/#5)","Nothing But Net","Not My Fault","","",Y,,,,,,,"=IF(L61="""",0,IF(L61>M61,1,0))+IF(N61="""",0,IF(N61>O61,1,0))+IF(P61="""",0,IF(P61>Q61,1,0))","=IF(M61="""",0,IF(M61>L61,1,0))+IF(O61="""",0,IF(O61>N61,1,0))+IF(Q61="""",0,IF(Q61>P61,1,0))","=SUM(L61,N61,P61)","=SUM(M61,O61,Q61)","=IF(K61=""Y"", 1, 0) + IF(AND(R61=1, S61=1, ISBLANK(P61), ISBLANK(Q61), T61=U61), 1, IF(AND(R61=1, S61=1, ISBLANK(P61), ISBLANK(Q61), T61>U61), 2, R61))","=IF(K61=""Y"", 1, 0) + IF(AND(R61=1, S61=1, ISBLANK(P61), ISBLANK(Q61), T61=U61), 1, IF(AND(R61=1, S61=1, ISBLANK(P61), ISBLANK(Q61), U61>T61), 2, S61))","=IF(K61<>""Y"", 0, IF(AND(R61=1, S61=1, ISBLANK(P61), ISBLANK(Q61), T61=U61), 2, 3))"
Wednesday,3,2026-06-10,7:00pm,"Courts 6–9","Line 1 (#1/#2)","Rally Monkeys","Serve Aces","","",Y,,,,,,,"=IF(L62="""",0,IF(L62>M62,1,0))+IF(N62="""",0,IF(N62>O62,1,0))+IF(P62="""",0,IF(P62>Q62,1,0))","=IF(M62="""",0,IF(M62>L62,1,0))+IF(O62="""",0,IF(O62>N62,1,0))+IF(Q62="""",0,IF(Q62>P62,1,0))","=SUM(L62,N62,P62)","=SUM(M62,O62,Q62)","=IF(K62=""Y"", 1, 0) + IF(AND(R62=1, S62=1, ISBLANK(P62), ISBLANK(Q62), T62=U62), 1, IF(AND(R62=1, S62=1, ISBLANK(P62), ISBLANK(Q62), T62>U62), 2, R62))","=IF(K62=""Y"", 1, 0) + IF(AND(R62=1, S62=1, ISBLANK(P62), ISBLANK(Q62), T62=U62), 1, IF(AND(R62=1, S62=1, ISBLANK(P62), ISBLANK(Q62), U62>T62), 2, S62))","=IF(K62<>""Y"", 0, IF(AND(R62=1, S62=1, ISBLANK(P62), ISBLANK(Q62), T62=U62), 2, 3))"
Wednesday,3,2026-06-10,7:00pm,"Courts 6–9","Line 2 (#3 Pair A)","Rally Monkeys","Serve Aces","","",Y,,,,,,,"=IF(L63="""",0,IF(L63>M63,1,0))+IF(N63="""",0,IF(N63>O63,1,0))+IF(P63="""",0,IF(P63>Q63,1,0))","=IF(M63="""",0,IF(M63>L63,1,0))+IF(O63="""",0,IF(O63>N63,1,0))+IF(Q63="""",0,IF(Q63>P63,1,0))","=SUM(L63,N63,P63)","=SUM(M63,O63,Q63)","=IF(K63=""Y"", 1, 0) + IF(AND(R63=1, S63=1, ISBLANK(P63), ISBLANK(Q63), T63=U63), 1, IF(AND(R63=1, S63=1, ISBLANK(P63), ISBLANK(Q63), T63>U63), 2, R63))","=IF(K63=""Y"", 1, 0) + IF(AND(R63=1, S63=1, ISBLANK(P63), ISBLANK(Q63), T63=U63), 1, IF(AND(R63=1, S63=1, ISBLANK(P63), ISBLANK(Q63), U63>T63), 2, S63))","=IF(K63<>""Y"", 0, IF(AND(R63=1, S63=1, ISBLANK(P63), ISBLANK(Q63), T63=U63), 2, 3))"
Wednesday,3,2026-06-10,7:00pm,"Courts 6–9","Line 3 (#3 Pair B)","Rally Monkeys","Serve Aces","","",Y,,,,,,,"=IF(L64="""",0,IF(L64>M64,1,0))+IF(N64="""",0,IF(N64>O64,1,0))+IF(P64="""",0,IF(P64>Q64,1,0))","=IF(M64="""",0,IF(M64>L64,1,0))+IF(O64="""",0,IF(O64>N64,1,0))+IF(Q64="""",0,IF(Q64>P64,1,0))","=SUM(L64,N64,P64)","=SUM(M64,O64,Q64)","=IF(K64=""Y"", 1, 0) + IF(AND(R64=1, S64=1, ISBLANK(P64), ISBLANK(Q64), T64=U64), 1, IF(AND(R64=1, S64=1, ISBLANK(P64), ISBLANK(Q64), T64>U64), 2, R64))","=IF(K64=""Y"", 1, 0) + IF(AND(R64=1, S64=1, ISBLANK(P64), ISBLANK(Q64), T64=U64), 1, IF(AND(R64=1, S64=1, ISBLANK(P64), ISBLANK(Q64), U64>T64), 2, S64))","=IF(K64<>""Y"", 0, IF(AND(R64=1, S64=1, ISBLANK(P64), ISBLANK(Q64), T64=U64), 2, 3))"
Wednesday,3,2026-06-10,7:00pm,"Courts 6–9","Line 4 (#4/#5)","Rally Monkeys","Serve Aces","","",Y,,,,,,,"=IF(L65="""",0,IF(L65>M65,1,0))+IF(N65="""",0,IF(N65>O65,1,0))+IF(P65="""",0,IF(P65>Q65,1,0))","=IF(M65="""",0,IF(M65>L65,1,0))+IF(O65="""",0,IF(O65>N65,1,0))+IF(Q65="""",0,IF(Q65>P65,1,0))","=SUM(L65,N65,P65)","=SUM(M65,O65,Q65)","=IF(K65=""Y"", 1, 0) + IF(AND(R65=1, S65=1, ISBLANK(P65), ISBLANK(Q65), T65=U65), 1, IF(AND(R65=1, S65=1, ISBLANK(P65), ISBLANK(Q65), T65>U65), 2, R65))","=IF(K65=""Y"", 1, 0) + IF(AND(R65=1, S65=1, ISBLANK(P65), ISBLANK(Q65), T65=U65), 1, IF(AND(R65=1, S65=1, ISBLANK(P65), ISBLANK(Q65), U65>T65), 2, S65))","=IF(K65<>""Y"", 0, IF(AND(R65=1, S65=1, ISBLANK(P65), ISBLANK(Q65), T65=U65), 2, 3))"
Wednesday,3,2026-06-10,7:00pm,"Courts 10–13","Line 1 (#1/#2)","Hit Squad","Howie's Team","","",Y,,,,,,,"=IF(L66="""",0,IF(L66>M66,1,0))+IF(N66="""",0,IF(N66>O66,1,0))+IF(P66="""",0,IF(P66>Q66,1,0))","=IF(M66="""",0,IF(M66>L66,1,0))+IF(O66="""",0,IF(O66>N66,1,0))+IF(Q66="""",0,IF(Q66>P66,1,0))","=SUM(L66,N66,P66)","=SUM(M66,O66,Q66)","=IF(K66=""Y"", 1, 0) + IF(AND(R66=1, S66=1, ISBLANK(P66), ISBLANK(Q66), T66=U66), 1, IF(AND(R66=1, S66=1, ISBLANK(P66), ISBLANK(Q66), T66>U66), 2, R66))","=IF(K66=""Y"", 1, 0) + IF(AND(R66=1, S66=1, ISBLANK(P66), ISBLANK(Q66), T66=U66), 1, IF(AND(R66=1, S66=1, ISBLANK(P66), ISBLANK(Q66), U66>T66), 2, S66))","=IF(K66<>""Y"", 0, IF(AND(R66=1, S66=1, ISBLANK(P66), ISBLANK(Q66), T66=U66), 2, 3))"
Wednesday,3,2026-06-10,7:00pm,"Courts 10–13","Line 2 (#3 Pair A)","Hit Squad","Howie's Team","","",Y,,,,,,,"=IF(L67="""",0,IF(L67>M67,1,0))+IF(N67="""",0,IF(N67>O67,1,0))+IF(P67="""",0,IF(P67>Q67,1,0))","=IF(M67="""",0,IF(M67>L67,1,0))+IF(O67="""",0,IF(O67>N67,1,0))+IF(Q67="""",0,IF(Q67>P67,1,0))","=SUM(L67,N67,P67)","=SUM(M67,O67,Q67)","=IF(K67=""Y"", 1, 0) + IF(AND(R67=1, S67=1, ISBLANK(P67), ISBLANK(Q67), T67=U67), 1, IF(AND(R67=1, S67=1, ISBLANK(P67), ISBLANK(Q67), T67>U67), 2, R67))","=IF(K67=""Y"", 1, 0) + IF(AND(R67=1, S67=1, ISBLANK(P67), ISBLANK(Q67), T67=U67), 1, IF(AND(R67=1, S67=1, ISBLANK(P67), ISBLANK(Q67), U67>T67), 2, S67))","=IF(K67<>""Y"", 0, IF(AND(R67=1, S67=1, ISBLANK(P67), ISBLANK(Q67), T67=U67), 2, 3))"
Wednesday,3,2026-06-10,7:00pm,"Courts 10–13","Line 3 (#3 Pair B)","Hit Squad","Howie's Team","","",Y,,,,,,,"=IF(L68="""",0,IF(L68>M68,1,0))+IF(N68="""",0,IF(N68>O68,1,0))+IF(P68="""",0,IF(P68>Q68,1,0))","=IF(M68="""",0,IF(M68>L68,1,0))+IF(O68="""",0,IF(O68>N68,1,0))+IF(Q68="""",0,IF(Q68>P68,1,0))","=SUM(L68,N68,P68)","=SUM(M68,O68,Q68)","=IF(K68=""Y"", 1, 0) + IF(AND(R68=1, S68=1, ISBLANK(P68), ISBLANK(Q68), T68=U68), 1, IF(AND(R68=1, S68=1, ISBLANK(P68), ISBLANK(Q68), T68>U68), 2, R68))","=IF(K68=""Y"", 1, 0) + IF(AND(R68=1, S68=1, ISBLANK(P68), ISBLANK(Q68), T68=U68), 1, IF(AND(R68=1, S68=1, ISBLANK(P68), ISBLANK(Q68), U68>T68), 2, S68))","=IF(K68<>""Y"", 0, IF(AND(R68=1, S68=1, ISBLANK(P68), ISBLANK(Q68), T68=U68), 2, 3))"
Wednesday,3,2026-06-10,7:00pm,"Courts 10–13","Line 4 (#4/#5)","Hit Squad","Howie's Team","","",Y,,,,,,,"=IF(L69="""",0,IF(L69>M69,1,0))+IF(N69="""",0,IF(N69>O69,1,0))+IF(P69="""",0,IF(P69>Q69,1,0))","=IF(M69="""",0,IF(M69>L69,1,0))+IF(O69="""",0,IF(O69>N69,1,0))+IF(Q69="""",0,IF(Q69>P69,1,0))","=SUM(L69,N69,P69)","=SUM(M69,O69,Q69)","=IF(K69=""Y"", 1, 0) + IF(AND(R69=1, S69=1, ISBLANK(P69), ISBLANK(Q69), T69=U69), 1, IF(AND(R69=1, S69=1, ISBLANK(P69), ISBLANK(Q69), T69>U69), 2, R69))","=IF(K69=""Y"", 1, 0) + IF(AND(R69=1, S69=1, ISBLANK(P69), ISBLANK(Q69), T69=U69), 1, IF(AND(R69=1, S69=1, ISBLANK(P69), ISBLANK(Q69), U69>T69), 2, S69))","=IF(K69<>""Y"", 0, IF(AND(R69=1, S69=1, ISBLANK(P69), ISBLANK(Q69), T69=U69), 2, 3))"
Wednesday,3,2026-06-10,7:00pm,"Courts 1–5","Line 1 (#1/#2)","Hot Shots","Glory Days","","",Y,,,,,,,"=IF(L70="""",0,IF(L70>M70,1,0))+IF(N70="""",0,IF(N70>O70,1,0))+IF(P70="""",0,IF(P70>Q70,1,0))","=IF(M70="""",0,IF(M70>L70,1,0))+IF(O70="""",0,IF(O70>N70,1,0))+IF(Q70="""",0,IF(Q70>P70,1,0))","=SUM(L70,N70,P70)","=SUM(M70,O70,Q70)","=IF(K70=""Y"", 1, 0) + IF(AND(R70=1, S70=1, ISBLANK(P70), ISBLANK(Q70), T70=U70), 1, IF(AND(R70=1, S70=1, ISBLANK(P70), ISBLANK(Q70), T70>U70), 2, R70))","=IF(K70=""Y"", 1, 0) + IF(AND(R70=1, S70=1, ISBLANK(P70), ISBLANK(Q70), T70=U70), 1, IF(AND(R70=1, S70=1, ISBLANK(P70), ISBLANK(Q70), U70>T70), 2, S70))","=IF(K70<>""Y"", 0, IF(AND(R70=1, S70=1, ISBLANK(P70), ISBLANK(Q70), T70=U70), 2, 3))"
Wednesday,3,2026-06-10,7:00pm,"Courts 1–5","Line 2 (#3 Pair A)","Hot Shots","Glory Days","","",Y,,,,,,,"=IF(L71="""",0,IF(L71>M71,1,0))+IF(N71="""",0,IF(N71>O71,1,0))+IF(P71="""",0,IF(P71>Q71,1,0))","=IF(M71="""",0,IF(M71>L71,1,0))+IF(O71="""",0,IF(O71>N71,1,0))+IF(Q71="""",0,IF(Q71>P71,1,0))","=SUM(L71,N71,P71)","=SUM(M71,O71,Q71)","=IF(K71=""Y"", 1, 0) + IF(AND(R71=1, S71=1, ISBLANK(P71), ISBLANK(Q71), T71=U71), 1, IF(AND(R71=1, S71=1, ISBLANK(P71), ISBLANK(Q71), T71>U71), 2, R71))","=IF(K71=""Y"", 1, 0) + IF(AND(R71=1, S71=1, ISBLANK(P71), ISBLANK(Q71), T71=U71), 1, IF(AND(R71=1, S71=1, ISBLANK(P71), ISBLANK(Q71), U71>T71), 2, S71))","=IF(K71<>""Y"", 0, IF(AND(R71=1, S71=1, ISBLANK(P71), ISBLANK(Q71), T71=U71), 2, 3))"
Wednesday,3,2026-06-10,7:00pm,"Courts 1–5","Line 3 (#3 Pair B)","Hot Shots","Glory Days","","",Y,,,,,,,"=IF(L72="""",0,IF(L72>M72,1,0))+IF(N72="""",0,IF(N72>O72,1,0))+IF(P72="""",0,IF(P72>Q72,1,0))","=IF(M72="""",0,IF(M72>L72,1,0))+IF(O72="""",0,IF(O72>N72,1,0))+IF(Q72="""",0,IF(Q72>P72,1,0))","=SUM(L72,N72,P72)","=SUM(M72,O72,Q72)","=IF(K72=""Y"", 1, 0) + IF(AND(R72=1, S72=1, ISBLANK(P72), ISBLANK(Q72), T72=U72), 1, IF(AND(R72=1, S72=1, ISBLANK(P72), ISBLANK(Q72), T72>U72), 2, R72))","=IF(K72=""Y"", 1, 0) + IF(AND(R72=1, S72=1, ISBLANK(P72), ISBLANK(Q72), T72=U72), 1, IF(AND(R72=1, S72=1, ISBLANK(P72), ISBLANK(Q72), U72>T72), 2, S72))","=IF(K72<>""Y"", 0, IF(AND(R72=1, S72=1, ISBLANK(P72), ISBLANK(Q72), T72=U72), 2, 3))"
Wednesday,3,2026-06-10,7:00pm,"Courts 1–5","Line 4 (#4/#5)","Hot Shots","Glory Days","","",Y,,,,,,,"=IF(L73="""",0,IF(L73>M73,1,0))+IF(N73="""",0,IF(N73>O73,1,0))+IF(P73="""",0,IF(P73>Q73,1,0))","=IF(M73="""",0,IF(M73>L73,1,0))+IF(O73="""",0,IF(O73>N73,1,0))+IF(Q73="""",0,IF(Q73>P73,1,0))","=SUM(L73,N73,P73)","=SUM(M73,O73,Q73)","=IF(K73=""Y"", 1, 0) + IF(AND(R73=1, S73=1, ISBLANK(P73), ISBLANK(Q73), T73=U73), 1, IF(AND(R73=1, S73=1, ISBLANK(P73), ISBLANK(Q73), T73>U73), 2, R73))","=IF(K73=""Y"", 1, 0) + IF(AND(R73=1, S73=1, ISBLANK(P73), ISBLANK(Q73), T73=U73), 1, IF(AND(R73=1, S73=1, ISBLANK(P73), ISBLANK(Q73), U73>T73), 2, S73))","=IF(K73<>""Y"", 0, IF(AND(R73=1, S73=1, ISBLANK(P73), ISBLANK(Q73), T73=U73), 2, 3))"
Wednesday,4,2026-06-17,7:00pm,"Courts 10–13","Line 1 (#1/#2)","LAX-Winona Fusion","Baseliners","","",Y,,,,,,,"=IF(L74="""",0,IF(L74>M74,1,0))+IF(N74="""",0,IF(N74>O74,1,0))+IF(P74="""",0,IF(P74>Q74,1,0))","=IF(M74="""",0,IF(M74>L74,1,0))+IF(O74="""",0,IF(O74>N74,1,0))+IF(Q74="""",0,IF(Q74>P74,1,0))","=SUM(L74,N74,P74)","=SUM(M74,O74,Q74)","=IF(K74=""Y"", 1, 0) + IF(AND(R74=1, S74=1, ISBLANK(P74), ISBLANK(Q74), T74=U74), 1, IF(AND(R74=1, S74=1, ISBLANK(P74), ISBLANK(Q74), T74>U74), 2, R74))","=IF(K74=""Y"", 1, 0) + IF(AND(R74=1, S74=1, ISBLANK(P74), ISBLANK(Q74), T74=U74), 1, IF(AND(R74=1, S74=1, ISBLANK(P74), ISBLANK(Q74), U74>T74), 2, S74))","=IF(K74<>""Y"", 0, IF(AND(R74=1, S74=1, ISBLANK(P74), ISBLANK(Q74), T74=U74), 2, 3))"
Wednesday,4,2026-06-17,7:00pm,"Courts 10–13","Line 2 (#3 Pair A)","LAX-Winona Fusion","Baseliners","","",Y,,,,,,,"=IF(L75="""",0,IF(L75>M75,1,0))+IF(N75="""",0,IF(N75>O75,1,0))+IF(P75="""",0,IF(P75>Q75,1,0))","=IF(M75="""",0,IF(M75>L75,1,0))+IF(O75="""",0,IF(O75>N75,1,0))+IF(Q75="""",0,IF(Q75>P75,1,0))","=SUM(L75,N75,P75)","=SUM(M75,O75,Q75)","=IF(K75=""Y"", 1, 0) + IF(AND(R75=1, S75=1, ISBLANK(P75), ISBLANK(Q75), T75=U75), 1, IF(AND(R75=1, S75=1, ISBLANK(P75), ISBLANK(Q75), T75>U75), 2, R75))","=IF(K75=""Y"", 1, 0) + IF(AND(R75=1, S75=1, ISBLANK(P75), ISBLANK(Q75), T75=U75), 1, IF(AND(R75=1, S75=1, ISBLANK(P75), ISBLANK(Q75), U75>T75), 2, S75))","=IF(K75<>""Y"", 0, IF(AND(R75=1, S75=1, ISBLANK(P75), ISBLANK(Q75), T75=U75), 2, 3))"
Wednesday,4,2026-06-17,7:00pm,"Courts 10–13","Line 3 (#3 Pair B)","LAX-Winona Fusion","Baseliners","","",Y,,,,,,,"=IF(L76="""",0,IF(L76>M76,1,0))+IF(N76="""",0,IF(N76>O76,1,0))+IF(P76="""",0,IF(P76>Q76,1,0))","=IF(M76="""",0,IF(M76>L76,1,0))+IF(O76="""",0,IF(O76>N76,1,0))+IF(Q76="""",0,IF(Q76>P76,1,0))","=SUM(L76,N76,P76)","=SUM(M76,O76,Q76)","=IF(K76=""Y"", 1, 0) + IF(AND(R76=1, S76=1, ISBLANK(P76), ISBLANK(Q76), T76=U76), 1, IF(AND(R76=1, S76=1, ISBLANK(P76), ISBLANK(Q76), T76>U76), 2, R76))","=IF(K76=""Y"", 1, 0) + IF(AND(R76=1, S76=1, ISBLANK(P76), ISBLANK(Q76), T76=U76), 1, IF(AND(R76=1, S76=1, ISBLANK(P76), ISBLANK(Q76), U76>T76), 2, S76))","=IF(K76<>""Y"", 0, IF(AND(R76=1, S76=1, ISBLANK(P76), ISBLANK(Q76), T76=U76), 2, 3))"
Wednesday,4,2026-06-17,7:00pm,"Courts 10–13","Line 4 (#4/#5)","LAX-Winona Fusion","Baseliners","","",Y,,,,,,,"=IF(L77="""",0,IF(L77>M77,1,0))+IF(N77="""",0,IF(N77>O77,1,0))+IF(P77="""",0,IF(P77>Q77,1,0))","=IF(M77="""",0,IF(M77>L77,1,0))+IF(O77="""",0,IF(O77>N77,1,0))+IF(Q77="""",0,IF(Q77>P77,1,0))","=SUM(L77,N77,P77)","=SUM(M77,O77,Q77)","=IF(K77=""Y"", 1, 0) + IF(AND(R77=1, S77=1, ISBLANK(P77), ISBLANK(Q77), T77=U77), 1, IF(AND(R77=1, S77=1, ISBLANK(P77), ISBLANK(Q77), T77>U77), 2, R77))","=IF(K77=""Y"", 1, 0) + IF(AND(R77=1, S77=1, ISBLANK(P77), ISBLANK(Q77), T77=U77), 1, IF(AND(R77=1, S77=1, ISBLANK(P77), ISBLANK(Q77), U77>T77), 2, S77))","=IF(K77<>""Y"", 0, IF(AND(R77=1, S77=1, ISBLANK(P77), ISBLANK(Q77), T77=U77), 2, 3))"
Wednesday,4,2026-06-17,7:00pm,"Courts 6–9","Line 1 (#1/#2)","Backhand Bandits","Not My Fault","","",Y,,,,,,,"=IF(L78="""",0,IF(L78>M78,1,0))+IF(N78="""",0,IF(N78>O78,1,0))+IF(P78="""",0,IF(P78>Q78,1,0))","=IF(M78="""",0,IF(M78>L78,1,0))+IF(O78="""",0,IF(O78>N78,1,0))+IF(Q78="""",0,IF(Q78>P78,1,0))","=SUM(L78,N78,P78)","=SUM(M78,O78,Q78)","=IF(K78=""Y"", 1, 0) + IF(AND(R78=1, S78=1, ISBLANK(P78), ISBLANK(Q78), T78=U78), 1, IF(AND(R78=1, S78=1, ISBLANK(P78), ISBLANK(Q78), T78>U78), 2, R78))","=IF(K78=""Y"", 1, 0) + IF(AND(R78=1, S78=1, ISBLANK(P78), ISBLANK(Q78), T78=U78), 1, IF(AND(R78=1, S78=1, ISBLANK(P78), ISBLANK(Q78), U78>T78), 2, S78))","=IF(K78<>""Y"", 0, IF(AND(R78=1, S78=1, ISBLANK(P78), ISBLANK(Q78), T78=U78), 2, 3))"
Wednesday,4,2026-06-17,7:00pm,"Courts 6–9","Line 2 (#3 Pair A)","Backhand Bandits","Not My Fault","","",Y,,,,,,,"=IF(L79="""",0,IF(L79>M79,1,0))+IF(N79="""",0,IF(N79>O79,1,0))+IF(P79="""",0,IF(P79>Q79,1,0))","=IF(M79="""",0,IF(M79>L79,1,0))+IF(O79="""",0,IF(O79>N79,1,0))+IF(Q79="""",0,IF(Q79>P79,1,0))","=SUM(L79,N79,P79)","=SUM(M79,O79,Q79)","=IF(K79=""Y"", 1, 0) + IF(AND(R79=1, S79=1, ISBLANK(P79), ISBLANK(Q79), T79=U79), 1, IF(AND(R79=1, S79=1, ISBLANK(P79), ISBLANK(Q79), T79>U79), 2, R79))","=IF(K79=""Y"", 1, 0) + IF(AND(R79=1, S79=1, ISBLANK(P79), ISBLANK(Q79), T79=U79), 1, IF(AND(R79=1, S79=1, ISBLANK(P79), ISBLANK(Q79), U79>T79), 2, S79))","=IF(K79<>""Y"", 0, IF(AND(R79=1, S79=1, ISBLANK(P79), ISBLANK(Q79), T79=U79), 2, 3))"
Wednesday,4,2026-06-17,7:00pm,"Courts 6–9","Line 3 (#3 Pair B)","Backhand Bandits","Not My Fault","","",Y,,,,,,,"=IF(L80="""",0,IF(L80>M80,1,0))+IF(N80="""",0,IF(N80>O80,1,0))+IF(P80="""",0,IF(P80>Q80,1,0))","=IF(M80="""",0,IF(M80>L80,1,0))+IF(O80="""",0,IF(O80>N80,1,0))+IF(Q80="""",0,IF(Q80>P80,1,0))","=SUM(L80,N80,P80)","=SUM(M80,O80,Q80)","=IF(K80=""Y"", 1, 0) + IF(AND(R80=1, S80=1, ISBLANK(P80), ISBLANK(Q80), T80=U80), 1, IF(AND(R80=1, S80=1, ISBLANK(P80), ISBLANK(Q80), T80>U80), 2, R80))","=IF(K80=""Y"", 1, 0) + IF(AND(R80=1, S80=1, ISBLANK(P80), ISBLANK(Q80), T80=U80), 1, IF(AND(R80=1, S80=1, ISBLANK(P80), ISBLANK(Q80), U80>T80), 2, S80))","=IF(K80<>""Y"", 0, IF(AND(R80=1, S80=1, ISBLANK(P80), ISBLANK(Q80), T80=U80), 2, 3))"
Wednesday,4,2026-06-17,7:00pm,"Courts 6–9","Line 4 (#4/#5)","Backhand Bandits","Not My Fault","","",Y,,,,,,,"=IF(L81="""",0,IF(L81>M81,1,0))+IF(N81="""",0,IF(N81>O81,1,0))+IF(P81="""",0,IF(P81>Q81,1,0))","=IF(M81="""",0,IF(M81>L81,1,0))+IF(O81="""",0,IF(O81>N81,1,0))+IF(Q81="""",0,IF(Q81>P81,1,0))","=SUM(L81,N81,P81)","=SUM(M81,O81,Q81)","=IF(K81=""Y"", 1, 0) + IF(AND(R81=1, S81=1, ISBLANK(P81), ISBLANK(Q81), T81=U81), 1, IF(AND(R81=1, S81=1, ISBLANK(P81), ISBLANK(Q81), T81>U81), 2, R81))","=IF(K81=""Y"", 1, 0) + IF(AND(R81=1, S81=1, ISBLANK(P81), ISBLANK(Q81), T81=U81), 1, IF(AND(R81=1, S81=1, ISBLANK(P81), ISBLANK(Q81), U81>T81), 2, S81))","=IF(K81<>""Y"", 0, IF(AND(R81=1, S81=1, ISBLANK(P81), ISBLANK(Q81), T81=U81), 2, 3))"
Wednesday,4,2026-06-17,5:30pm,"Courts 10–13","Line 1 (#1/#2)","Serve Aces","Simply Smashing","","",Y,,,,,,,"=IF(L82="""",0,IF(L82>M82,1,0))+IF(N82="""",0,IF(N82>O82,1,0))+IF(P82="""",0,IF(P82>Q82,1,0))","=IF(M82="""",0,IF(M82>L82,1,0))+IF(O82="""",0,IF(O82>N82,1,0))+IF(Q82="""",0,IF(Q82>P82,1,0))","=SUM(L82,N82,P82)","=SUM(M82,O82,Q82)","=IF(K82=""Y"", 1, 0) + IF(AND(R82=1, S82=1, ISBLANK(P82), ISBLANK(Q82), T82=U82), 1, IF(AND(R82=1, S82=1, ISBLANK(P82), ISBLANK(Q82), T82>U82), 2, R82))","=IF(K82=""Y"", 1, 0) + IF(AND(R82=1, S82=1, ISBLANK(P82), ISBLANK(Q82), T82=U82), 1, IF(AND(R82=1, S82=1, ISBLANK(P82), ISBLANK(Q82), U82>T82), 2, S82))","=IF(K82<>""Y"", 0, IF(AND(R82=1, S82=1, ISBLANK(P82), ISBLANK(Q82), T82=U82), 2, 3))"
Wednesday,4,2026-06-17,5:30pm,"Courts 10–13","Line 2 (#3 Pair A)","Serve Aces","Simply Smashing","","",Y,,,,,,,"=IF(L83="""",0,IF(L83>M83,1,0))+IF(N83="""",0,IF(N83>O83,1,0))+IF(P83="""",0,IF(P83>Q83,1,0))","=IF(M83="""",0,IF(M83>L83,1,0))+IF(O83="""",0,IF(O83>N83,1,0))+IF(Q83="""",0,IF(Q83>P83,1,0))","=SUM(L83,N83,P83)","=SUM(M83,O83,Q83)","=IF(K83=""Y"", 1, 0) + IF(AND(R83=1, S83=1, ISBLANK(P83), ISBLANK(Q83), T83=U83), 1, IF(AND(R83=1, S83=1, ISBLANK(P83), ISBLANK(Q83), T83>U83), 2, R83))","=IF(K83=""Y"", 1, 0) + IF(AND(R83=1, S83=1, ISBLANK(P83), ISBLANK(Q83), T83=U83), 1, IF(AND(R83=1, S83=1, ISBLANK(P83), ISBLANK(Q83), U83>T83), 2, S83))","=IF(K83<>""Y"", 0, IF(AND(R83=1, S83=1, ISBLANK(P83), ISBLANK(Q83), T83=U83), 2, 3))"
Wednesday,4,2026-06-17,5:30pm,"Courts 10–13","Line 3 (#3 Pair B)","Serve Aces","Simply Smashing","","",Y,,,,,,,"=IF(L84="""",0,IF(L84>M84,1,0))+IF(N84="""",0,IF(N84>O84,1,0))+IF(P84="""",0,IF(P84>Q84,1,0))","=IF(M84="""",0,IF(M84>L84,1,0))+IF(O84="""",0,IF(O84>N84,1,0))+IF(Q84="""",0,IF(Q84>P84,1,0))","=SUM(L84,N84,P84)","=SUM(M84,O84,Q84)","=IF(K84=""Y"", 1, 0) + IF(AND(R84=1, S84=1, ISBLANK(P84), ISBLANK(Q84), T84=U84), 1, IF(AND(R84=1, S84=1, ISBLANK(P84), ISBLANK(Q84), T84>U84), 2, R84))","=IF(K84=""Y"", 1, 0) + IF(AND(R84=1, S84=1, ISBLANK(P84), ISBLANK(Q84), T84=U84), 1, IF(AND(R84=1, S84=1, ISBLANK(P84), ISBLANK(Q84), U84>T84), 2, S84))","=IF(K84<>""Y"", 0, IF(AND(R84=1, S84=1, ISBLANK(P84), ISBLANK(Q84), T84=U84), 2, 3))"
Wednesday,4,2026-06-17,5:30pm,"Courts 10–13","Line 4 (#4/#5)","Serve Aces","Simply Smashing","","",Y,,,,,,,"=IF(L85="""",0,IF(L85>M85,1,0))+IF(N85="""",0,IF(N85>O85,1,0))+IF(P85="""",0,IF(P85>Q85,1,0))","=IF(M85="""",0,IF(M85>L85,1,0))+IF(O85="""",0,IF(O85>N85,1,0))+IF(Q85="""",0,IF(Q85>P85,1,0))","=SUM(L85,N85,P85)","=SUM(M85,O85,Q85)","=IF(K85=""Y"", 1, 0) + IF(AND(R85=1, S85=1, ISBLANK(P85), ISBLANK(Q85), T85=U85), 1, IF(AND(R85=1, S85=1, ISBLANK(P85), ISBLANK(Q85), T85>U85), 2, R85))","=IF(K85=""Y"", 1, 0) + IF(AND(R85=1, S85=1, ISBLANK(P85), ISBLANK(Q85), T85=U85), 1, IF(AND(R85=1, S85=1, ISBLANK(P85), ISBLANK(Q85), U85>T85), 2, S85))","=IF(K85<>""Y"", 0, IF(AND(R85=1, S85=1, ISBLANK(P85), ISBLANK(Q85), T85=U85), 2, 3))"
Wednesday,4,2026-06-17,5:30pm,"Courts 1–5","Line 1 (#1/#2)","Howie's Team","Nothing But Net","","",Y,,,,,,,"=IF(L86="""",0,IF(L86>M86,1,0))+IF(N86="""",0,IF(N86>O86,1,0))+IF(P86="""",0,IF(P86>Q86,1,0))","=IF(M86="""",0,IF(M86>L86,1,0))+IF(O86="""",0,IF(O86>N86,1,0))+IF(Q86="""",0,IF(Q86>P86,1,0))","=SUM(L86,N86,P86)","=SUM(M86,O86,Q86)","=IF(K86=""Y"", 1, 0) + IF(AND(R86=1, S86=1, ISBLANK(P86), ISBLANK(Q86), T86=U86), 1, IF(AND(R86=1, S86=1, ISBLANK(P86), ISBLANK(Q86), T86>U86), 2, R86))","=IF(K86=""Y"", 1, 0) + IF(AND(R86=1, S86=1, ISBLANK(P86), ISBLANK(Q86), T86=U86), 1, IF(AND(R86=1, S86=1, ISBLANK(P86), ISBLANK(Q86), U86>T86), 2, S86))","=IF(K86<>""Y"", 0, IF(AND(R86=1, S86=1, ISBLANK(P86), ISBLANK(Q86), T86=U86), 2, 3))"
Wednesday,4,2026-06-17,5:30pm,"Courts 1–5","Line 2 (#3 Pair A)","Howie's Team","Nothing But Net","","",Y,,,,,,,"=IF(L87="""",0,IF(L87>M87,1,0))+IF(N87="""",0,IF(N87>O87,1,0))+IF(P87="""",0,IF(P87>Q87,1,0))","=IF(M87="""",0,IF(M87>L87,1,0))+IF(O87="""",0,IF(O87>N87,1,0))+IF(Q87="""",0,IF(Q87>P87,1,0))","=SUM(L87,N87,P87)","=SUM(M87,O87,Q87)","=IF(K87=""Y"", 1, 0) + IF(AND(R87=1, S87=1, ISBLANK(P87), ISBLANK(Q87), T87=U87), 1, IF(AND(R87=1, S87=1, ISBLANK(P87), ISBLANK(Q87), T87>U87), 2, R87))","=IF(K87=""Y"", 1, 0) + IF(AND(R87=1, S87=1, ISBLANK(P87), ISBLANK(Q87), T87=U87), 1, IF(AND(R87=1, S87=1, ISBLANK(P87), ISBLANK(Q87), U87>T87), 2, S87))","=IF(K87<>""Y"", 0, IF(AND(R87=1, S87=1, ISBLANK(P87), ISBLANK(Q87), T87=U87), 2, 3))"
Wednesday,4,2026-06-17,5:30pm,"Courts 1–5","Line 3 (#3 Pair B)","Howie's Team","Nothing But Net","","",Y,,,,,,,"=IF(L88="""",0,IF(L88>M88,1,0))+IF(N88="""",0,IF(N88>O88,1,0))+IF(P88="""",0,IF(P88>Q88,1,0))","=IF(M88="""",0,IF(M88>L88,1,0))+IF(O88="""",0,IF(O88>N88,1,0))+IF(Q88="""",0,IF(Q88>P88,1,0))","=SUM(L88,N88,P88)","=SUM(M88,O88,Q88)","=IF(K88=""Y"", 1, 0) + IF(AND(R88=1, S88=1, ISBLANK(P88), ISBLANK(Q88), T88=U88), 1, IF(AND(R88=1, S88=1, ISBLANK(P88), ISBLANK(Q88), T88>U88), 2, R88))","=IF(K88=""Y"", 1, 0) + IF(AND(R88=1, S88=1, ISBLANK(P88), ISBLANK(Q88), T88=U88), 1, IF(AND(R88=1, S88=1, ISBLANK(P88), ISBLANK(Q88), U88>T88), 2, S88))","=IF(K88<>""Y"", 0, IF(AND(R88=1, S88=1, ISBLANK(P88), ISBLANK(Q88), T88=U88), 2, 3))"
Wednesday,4,2026-06-17,5:30pm,"Courts 1–5","Line 4 (#4/#5)","Howie's Team","Nothing But Net","","",Y,,,,,,,"=IF(L89="""",0,IF(L89>M89,1,0))+IF(N89="""",0,IF(N89>O89,1,0))+IF(P89="""",0,IF(P89>Q89,1,0))","=IF(M89="""",0,IF(M89>L89,1,0))+IF(O89="""",0,IF(O89>N89,1,0))+IF(Q89="""",0,IF(Q89>P89,1,0))","=SUM(L89,N89,P89)","=SUM(M89,O89,Q89)","=IF(K89=""Y"", 1, 0) + IF(AND(R89=1, S89=1, ISBLANK(P89), ISBLANK(Q89), T89=U89), 1, IF(AND(R89=1, S89=1, ISBLANK(P89), ISBLANK(Q89), T89>U89), 2, R89))","=IF(K89=""Y"", 1, 0) + IF(AND(R89=1, S89=1, ISBLANK(P89), ISBLANK(Q89), T89=U89), 1, IF(AND(R89=1, S89=1, ISBLANK(P89), ISBLANK(Q89), U89>T89), 2, S89))","=IF(K89<>""Y"", 0, IF(AND(R89=1, S89=1, ISBLANK(P89), ISBLANK(Q89), T89=U89), 2, 3))"
Wednesday,4,2026-06-17,7:00pm,"Courts 1–5","Line 1 (#1/#2)","Rally Monkeys","Glory Days","","",Y,,,,,,,"=IF(L90="""",0,IF(L90>M90,1,0))+IF(N90="""",0,IF(N90>O90,1,0))+IF(P90="""",0,IF(P90>Q90,1,0))","=IF(M90="""",0,IF(M90>L90,1,0))+IF(O90="""",0,IF(O90>N90,1,0))+IF(Q90="""",0,IF(Q90>P90,1,0))","=SUM(L90,N90,P90)","=SUM(M90,O90,Q90)","=IF(K90=""Y"", 1, 0) + IF(AND(R90=1, S90=1, ISBLANK(P90), ISBLANK(Q90), T90=U90), 1, IF(AND(R90=1, S90=1, ISBLANK(P90), ISBLANK(Q90), T90>U90), 2, R90))","=IF(K90=""Y"", 1, 0) + IF(AND(R90=1, S90=1, ISBLANK(P90), ISBLANK(Q90), T90=U90), 1, IF(AND(R90=1, S90=1, ISBLANK(P90), ISBLANK(Q90), U90>T90), 2, S90))","=IF(K90<>""Y"", 0, IF(AND(R90=1, S90=1, ISBLANK(P90), ISBLANK(Q90), T90=U90), 2, 3))"
Wednesday,4,2026-06-17,7:00pm,"Courts 1–5","Line 2 (#3 Pair A)","Rally Monkeys","Glory Days","","",Y,,,,,,,"=IF(L91="""",0,IF(L91>M91,1,0))+IF(N91="""",0,IF(N91>O91,1,0))+IF(P91="""",0,IF(P91>Q91,1,0))","=IF(M91="""",0,IF(M91>L91,1,0))+IF(O91="""",0,IF(O91>N91,1,0))+IF(Q91="""",0,IF(Q91>P91,1,0))","=SUM(L91,N91,P91)","=SUM(M91,O91,Q91)","=IF(K91=""Y"", 1, 0) + IF(AND(R91=1, S91=1, ISBLANK(P91), ISBLANK(Q91), T91=U91), 1, IF(AND(R91=1, S91=1, ISBLANK(P91), ISBLANK(Q91), T91>U91), 2, R91))","=IF(K91=""Y"", 1, 0) + IF(AND(R91=1, S91=1, ISBLANK(P91), ISBLANK(Q91), T91=U91), 1, IF(AND(R91=1, S91=1, ISBLANK(P91), ISBLANK(Q91), U91>T91), 2, S91))","=IF(K91<>""Y"", 0, IF(AND(R91=1, S91=1, ISBLANK(P91), ISBLANK(Q91), T91=U91), 2, 3))"
Wednesday,4,2026-06-17,7:00pm,"Courts 1–5","Line 3 (#3 Pair B)","Rally Monkeys","Glory Days","","",Y,,,,,,,"=IF(L92="""",0,IF(L92>M92,1,0))+IF(N92="""",0,IF(N92>O92,1,0))+IF(P92="""",0,IF(P92>Q92,1,0))","=IF(M92="""",0,IF(M92>L92,1,0))+IF(O92="""",0,IF(O92>N92,1,0))+IF(Q92="""",0,IF(Q92>P92,1,0))","=SUM(L92,N92,P92)","=SUM(M92,O92,Q92)","=IF(K92=""Y"", 1, 0) + IF(AND(R92=1, S92=1, ISBLANK(P92), ISBLANK(Q92), T92=U92), 1, IF(AND(R92=1, S92=1, ISBLANK(P92), ISBLANK(Q92), T92>U92), 2, R92))","=IF(K92=""Y"", 1, 0) + IF(AND(R92=1, S92=1, ISBLANK(P92), ISBLANK(Q92), T92=U92), 1, IF(AND(R92=1, S92=1, ISBLANK(P92), ISBLANK(Q92), U92>T92), 2, S92))","=IF(K92<>""Y"", 0, IF(AND(R92=1, S92=1, ISBLANK(P92), ISBLANK(Q92), T92=U92), 2, 3))"
Wednesday,4,2026-06-17,7:00pm,"Courts 1–5","Line 4 (#4/#5)","Rally Monkeys","Glory Days","","",Y,,,,,,,"=IF(L93="""",0,IF(L93>M93,1,0))+IF(N93="""",0,IF(N93>O93,1,0))+IF(P93="""",0,IF(P93>Q93,1,0))","=IF(M93="""",0,IF(M93>L93,1,0))+IF(O93="""",0,IF(O93>N93,1,0))+IF(Q93="""",0,IF(Q93>P93,1,0))","=SUM(L93,N93,P93)","=SUM(M93,O93,Q93)","=IF(K93=""Y"", 1, 0) + IF(AND(R93=1, S93=1, ISBLANK(P93), ISBLANK(Q93), T93=U93), 1, IF(AND(R93=1, S93=1, ISBLANK(P93), ISBLANK(Q93), T93>U93), 2, R93))","=IF(K93=""Y"", 1, 0) + IF(AND(R93=1, S93=1, ISBLANK(P93), ISBLANK(Q93), T93=U93), 1, IF(AND(R93=1, S93=1, ISBLANK(P93), ISBLANK(Q93), U93>T93), 2, S93))","=IF(K93<>""Y"", 0, IF(AND(R93=1, S93=1, ISBLANK(P93), ISBLANK(Q93), T93=U93), 2, 3))"
Wednesday,4,2026-06-17,5:30pm,"Courts 6–9","Line 1 (#1/#2)","Hit Squad","Hot Shots","","",Y,,,,,,,"=IF(L94="""",0,IF(L94>M94,1,0))+IF(N94="""",0,IF(N94>O94,1,0))+IF(P94="""",0,IF(P94>Q94,1,0))","=IF(M94="""",0,IF(M94>L94,1,0))+IF(O94="""",0,IF(O94>N94,1,0))+IF(Q94="""",0,IF(Q94>P94,1,0))","=SUM(L94,N94,P94)","=SUM(M94,O94,Q94)","=IF(K94=""Y"", 1, 0) + IF(AND(R94=1, S94=1, ISBLANK(P94), ISBLANK(Q94), T94=U94), 1, IF(AND(R94=1, S94=1, ISBLANK(P94), ISBLANK(Q94), T94>U94), 2, R94))","=IF(K94=""Y"", 1, 0) + IF(AND(R94=1, S94=1, ISBLANK(P94), ISBLANK(Q94), T94=U94), 1, IF(AND(R94=1, S94=1, ISBLANK(P94), ISBLANK(Q94), U94>T94), 2, S94))","=IF(K94<>""Y"", 0, IF(AND(R94=1, S94=1, ISBLANK(P94), ISBLANK(Q94), T94=U94), 2, 3))"
Wednesday,4,2026-06-17,5:30pm,"Courts 6–9","Line 2 (#3 Pair A)","Hit Squad","Hot Shots","","",Y,,,,,,,"=IF(L95="""",0,IF(L95>M95,1,0))+IF(N95="""",0,IF(N95>O95,1,0))+IF(P95="""",0,IF(P95>Q95,1,0))","=IF(M95="""",0,IF(M95>L95,1,0))+IF(O95="""",0,IF(O95>N95,1,0))+IF(Q95="""",0,IF(Q95>P95,1,0))","=SUM(L95,N95,P95)","=SUM(M95,O95,Q95)","=IF(K95=""Y"", 1, 0) + IF(AND(R95=1, S95=1, ISBLANK(P95), ISBLANK(Q95), T95=U95), 1, IF(AND(R95=1, S95=1, ISBLANK(P95), ISBLANK(Q95), T95>U95), 2, R95))","=IF(K95=""Y"", 1, 0) + IF(AND(R95=1, S95=1, ISBLANK(P95), ISBLANK(Q95), T95=U95), 1, IF(AND(R95=1, S95=1, ISBLANK(P95), ISBLANK(Q95), U95>T95), 2, S95))","=IF(K95<>""Y"", 0, IF(AND(R95=1, S95=1, ISBLANK(P95), ISBLANK(Q95), T95=U95), 2, 3))"
Wednesday,4,2026-06-17,5:30pm,"Courts 6–9","Line 3 (#3 Pair B)","Hit Squad","Hot Shots","","",Y,,,,,,,"=IF(L96="""",0,IF(L96>M96,1,0))+IF(N96="""",0,IF(N96>O96,1,0))+IF(P96="""",0,IF(P96>Q96,1,0))","=IF(M96="""",0,IF(M96>L96,1,0))+IF(O96="""",0,IF(O96>N96,1,0))+IF(Q96="""",0,IF(Q96>P96,1,0))","=SUM(L96,N96,P96)","=SUM(M96,O96,Q96)","=IF(K96=""Y"", 1, 0) + IF(AND(R96=1, S96=1, ISBLANK(P96), ISBLANK(Q96), T96=U96), 1, IF(AND(R96=1, S96=1, ISBLANK(P96), ISBLANK(Q96), T96>U96), 2, R96))","=IF(K96=""Y"", 1, 0) + IF(AND(R96=1, S96=1, ISBLANK(P96), ISBLANK(Q96), T96=U96), 1, IF(AND(R96=1, S96=1, ISBLANK(P96), ISBLANK(Q96), U96>T96), 2, S96))","=IF(K96<>""Y"", 0, IF(AND(R96=1, S96=1, ISBLANK(P96), ISBLANK(Q96), T96=U96), 2, 3))"
Wednesday,4,2026-06-17,5:30pm,"Courts 6–9","Line 4 (#4/#5)","Hit Squad","Hot Shots","","",Y,,,,,,,"=IF(L97="""",0,IF(L97>M97,1,0))+IF(N97="""",0,IF(N97>O97,1,0))+IF(P97="""",0,IF(P97>Q97,1,0))","=IF(M97="""",0,IF(M97>L97,1,0))+IF(O97="""",0,IF(O97>N97,1,0))+IF(Q97="""",0,IF(Q97>P97,1,0))","=SUM(L97,N97,P97)","=SUM(M97,O97,Q97)","=IF(K97=""Y"", 1, 0) + IF(AND(R97=1, S97=1, ISBLANK(P97), ISBLANK(Q97), T97=U97), 1, IF(AND(R97=1, S97=1, ISBLANK(P97), ISBLANK(Q97), T97>U97), 2, R97))","=IF(K97=""Y"", 1, 0) + IF(AND(R97=1, S97=1, ISBLANK(P97), ISBLANK(Q97), T97=U97), 1, IF(AND(R97=1, S97=1, ISBLANK(P97), ISBLANK(Q97), U97>T97), 2, S97))","=IF(K97<>""Y"", 0, IF(AND(R97=1, S97=1, ISBLANK(P97), ISBLANK(Q97), T97=U97), 2, 3))"
Wednesday,5,2026-06-24,5:30pm,"Courts 6–9","Line 1 (#1/#2)","Not My Fault","LAX-Winona Fusion","","",Y,,,,,,,"=IF(L98="""",0,IF(L98>M98,1,0))+IF(N98="""",0,IF(N98>O98,1,0))+IF(P98="""",0,IF(P98>Q98,1,0))","=IF(M98="""",0,IF(M98>L98,1,0))+IF(O98="""",0,IF(O98>N98,1,0))+IF(Q98="""",0,IF(Q98>P98,1,0))","=SUM(L98,N98,P98)","=SUM(M98,O98,Q98)","=IF(K98=""Y"", 1, 0) + IF(AND(R98=1, S98=1, ISBLANK(P98), ISBLANK(Q98), T98=U98), 1, IF(AND(R98=1, S98=1, ISBLANK(P98), ISBLANK(Q98), T98>U98), 2, R98))","=IF(K98=""Y"", 1, 0) + IF(AND(R98=1, S98=1, ISBLANK(P98), ISBLANK(Q98), T98=U98), 1, IF(AND(R98=1, S98=1, ISBLANK(P98), ISBLANK(Q98), U98>T98), 2, S98))","=IF(K98<>""Y"", 0, IF(AND(R98=1, S98=1, ISBLANK(P98), ISBLANK(Q98), T98=U98), 2, 3))"
Wednesday,5,2026-06-24,5:30pm,"Courts 6–9","Line 2 (#3 Pair A)","Not My Fault","LAX-Winona Fusion","","",Y,,,,,,,"=IF(L99="""",0,IF(L99>M99,1,0))+IF(N99="""",0,IF(N99>O99,1,0))+IF(P99="""",0,IF(P99>Q99,1,0))","=IF(M99="""",0,IF(M99>L99,1,0))+IF(O99="""",0,IF(O99>N99,1,0))+IF(Q99="""",0,IF(Q99>P99,1,0))","=SUM(L99,N99,P99)","=SUM(M99,O99,Q99)","=IF(K99=""Y"", 1, 0) + IF(AND(R99=1, S99=1, ISBLANK(P99), ISBLANK(Q99), T99=U99), 1, IF(AND(R99=1, S99=1, ISBLANK(P99), ISBLANK(Q99), T99>U99), 2, R99))","=IF(K99=""Y"", 1, 0) + IF(AND(R99=1, S99=1, ISBLANK(P99), ISBLANK(Q99), T99=U99), 1, IF(AND(R99=1, S99=1, ISBLANK(P99), ISBLANK(Q99), U99>T99), 2, S99))","=IF(K99<>""Y"", 0, IF(AND(R99=1, S99=1, ISBLANK(P99), ISBLANK(Q99), T99=U99), 2, 3))"
Wednesday,5,2026-06-24,5:30pm,"Courts 6–9","Line 3 (#3 Pair B)","Not My Fault","LAX-Winona Fusion","","",Y,,,,,,,"=IF(L100="""",0,IF(L100>M100,1,0))+IF(N100="""",0,IF(N100>O100,1,0))+IF(P100="""",0,IF(P100>Q100,1,0))","=IF(M100="""",0,IF(M100>L100,1,0))+IF(O100="""",0,IF(O100>N100,1,0))+IF(Q100="""",0,IF(Q100>P100,1,0))","=SUM(L100,N100,P100)","=SUM(M100,O100,Q100)","=IF(K100=""Y"", 1, 0) + IF(AND(R100=1, S100=1, ISBLANK(P100), ISBLANK(Q100), T100=U100), 1, IF(AND(R100=1, S100=1, ISBLANK(P100), ISBLANK(Q100), T100>U100), 2, R100))","=IF(K100=""Y"", 1, 0) + IF(AND(R100=1, S100=1, ISBLANK(P100), ISBLANK(Q100), T100=U100), 1, IF(AND(R100=1, S100=1, ISBLANK(P100), ISBLANK(Q100), U100>T100), 2, S100))","=IF(K100<>""Y"", 0, IF(AND(R100=1, S100=1, ISBLANK(P100), ISBLANK(Q100), T100=U100), 2, 3))"
Wednesday,5,2026-06-24,5:30pm,"Courts 6–9","Line 4 (#4/#5)","Not My Fault","LAX-Winona Fusion","","",Y,,,,,,,"=IF(L101="""",0,IF(L101>M101,1,0))+IF(N101="""",0,IF(N101>O101,1,0))+IF(P101="""",0,IF(P101>Q101,1,0))","=IF(M101="""",0,IF(M101>L101,1,0))+IF(O101="""",0,IF(O101>N101,1,0))+IF(Q101="""",0,IF(Q101>P101,1,0))","=SUM(L101,N101,P101)","=SUM(M101,O101,Q101)","=IF(K101=""Y"", 1, 0) + IF(AND(R101=1, S101=1, ISBLANK(P101), ISBLANK(Q101), T101=U101), 1, IF(AND(R101=1, S101=1, ISBLANK(P101), ISBLANK(Q101), T101>U101), 2, R101))","=IF(K101=""Y"", 1, 0) + IF(AND(R101=1, S101=1, ISBLANK(P101), ISBLANK(Q101), T101=U101), 1, IF(AND(R101=1, S101=1, ISBLANK(P101), ISBLANK(Q101), U101>T101), 2, S101))","=IF(K101<>""Y"", 0, IF(AND(R101=1, S101=1, ISBLANK(P101), ISBLANK(Q101), T101=U101), 2, 3))"
Wednesday,5,2026-06-24,5:30pm,"Courts 1–5","Line 1 (#1/#2)","Baseliners","Serve Aces","","",Y,,,,,,,"=IF(L102="""",0,IF(L102>M102,1,0))+IF(N102="""",0,IF(N102>O102,1,0))+IF(P102="""",0,IF(P102>Q102,1,0))","=IF(M102="""",0,IF(M102>L102,1,0))+IF(O102="""",0,IF(O102>N102,1,0))+IF(Q102="""",0,IF(Q102>P102,1,0))","=SUM(L102,N102,P102)","=SUM(M102,O102,Q102)","=IF(K102=""Y"", 1, 0) + IF(AND(R102=1, S102=1, ISBLANK(P102), ISBLANK(Q102), T102=U102), 1, IF(AND(R102=1, S102=1, ISBLANK(P102), ISBLANK(Q102), T102>U102), 2, R102))","=IF(K102=""Y"", 1, 0) + IF(AND(R102=1, S102=1, ISBLANK(P102), ISBLANK(Q102), T102=U102), 1, IF(AND(R102=1, S102=1, ISBLANK(P102), ISBLANK(Q102), U102>T102), 2, S102))","=IF(K102<>""Y"", 0, IF(AND(R102=1, S102=1, ISBLANK(P102), ISBLANK(Q102), T102=U102), 2, 3))"
Wednesday,5,2026-06-24,5:30pm,"Courts 1–5","Line 2 (#3 Pair A)","Baseliners","Serve Aces","","",Y,,,,,,,"=IF(L103="""",0,IF(L103>M103,1,0))+IF(N103="""",0,IF(N103>O103,1,0))+IF(P103="""",0,IF(P103>Q103,1,0))","=IF(M103="""",0,IF(M103>L103,1,0))+IF(O103="""",0,IF(O103>N103,1,0))+IF(Q103="""",0,IF(Q103>P103,1,0))","=SUM(L103,N103,P103)","=SUM(M103,O103,Q103)","=IF(K103=""Y"", 1, 0) + IF(AND(R103=1, S103=1, ISBLANK(P103), ISBLANK(Q103), T103=U103), 1, IF(AND(R103=1, S103=1, ISBLANK(P103), ISBLANK(Q103), T103>U103), 2, R103))","=IF(K103=""Y"", 1, 0) + IF(AND(R103=1, S103=1, ISBLANK(P103), ISBLANK(Q103), T103=U103), 1, IF(AND(R103=1, S103=1, ISBLANK(P103), ISBLANK(Q103), U103>T103), 2, S103))","=IF(K103<>""Y"", 0, IF(AND(R103=1, S103=1, ISBLANK(P103), ISBLANK(Q103), T103=U103), 2, 3))"
Wednesday,5,2026-06-24,5:30pm,"Courts 1–5","Line 3 (#3 Pair B)","Baseliners","Serve Aces","","",Y,,,,,,,"=IF(L104="""",0,IF(L104>M104,1,0))+IF(N104="""",0,IF(N104>O104,1,0))+IF(P104="""",0,IF(P104>Q104,1,0))","=IF(M104="""",0,IF(M104>L104,1,0))+IF(O104="""",0,IF(O104>N104,1,0))+IF(Q104="""",0,IF(Q104>P104,1,0))","=SUM(L104,N104,P104)","=SUM(M104,O104,Q104)","=IF(K104=""Y"", 1, 0) + IF(AND(R104=1, S104=1, ISBLANK(P104), ISBLANK(Q104), T104=U104), 1, IF(AND(R104=1, S104=1, ISBLANK(P104), ISBLANK(Q104), T104>U104), 2, R104))","=IF(K104=""Y"", 1, 0) + IF(AND(R104=1, S104=1, ISBLANK(P104), ISBLANK(Q104), T104=U104), 1, IF(AND(R104=1, S104=1, ISBLANK(P104), ISBLANK(Q104), U104>T104), 2, S104))","=IF(K104<>""Y"", 0, IF(AND(R104=1, S104=1, ISBLANK(P104), ISBLANK(Q104), T104=U104), 2, 3))"
Wednesday,5,2026-06-24,5:30pm,"Courts 1–5","Line 4 (#4/#5)","Baseliners","Serve Aces","","",Y,,,,,,,"=IF(L105="""",0,IF(L105>M105,1,0))+IF(N105="""",0,IF(N105>O105,1,0))+IF(P105="""",0,IF(P105>Q105,1,0))","=IF(M105="""",0,IF(M105>L105,1,0))+IF(O105="""",0,IF(O105>N105,1,0))+IF(Q105="""",0,IF(Q105>P105,1,0))","=SUM(L105,N105,P105)","=SUM(M105,O105,Q105)","=IF(K105=""Y"", 1, 0) + IF(AND(R105=1, S105=1, ISBLANK(P105), ISBLANK(Q105), T105=U105), 1, IF(AND(R105=1, S105=1, ISBLANK(P105), ISBLANK(Q105), T105>U105), 2, R105))","=IF(K105=""Y"", 1, 0) + IF(AND(R105=1, S105=1, ISBLANK(P105), ISBLANK(Q105), T105=U105), 1, IF(AND(R105=1, S105=1, ISBLANK(P105), ISBLANK(Q105), U105>T105), 2, S105))","=IF(K105<>""Y"", 0, IF(AND(R105=1, S105=1, ISBLANK(P105), ISBLANK(Q105), T105=U105), 2, 3))"
Wednesday,5,2026-06-24,7:00pm,"Courts 1–5","Line 1 (#1/#2)","Backhand Bandits","Howie's Team","","",Y,,,,,,,"=IF(L106="""",0,IF(L106>M106,1,0))+IF(N106="""",0,IF(N106>O106,1,0))+IF(P106="""",0,IF(P106>Q106,1,0))","=IF(M106="""",0,IF(M106>L106,1,0))+IF(O106="""",0,IF(O106>N106,1,0))+IF(Q106="""",0,IF(Q106>P106,1,0))","=SUM(L106,N106,P106)","=SUM(M106,O106,Q106)","=IF(K106=""Y"", 1, 0) + IF(AND(R106=1, S106=1, ISBLANK(P106), ISBLANK(Q106), T106=U106), 1, IF(AND(R106=1, S106=1, ISBLANK(P106), ISBLANK(Q106), T106>U106), 2, R106))","=IF(K106=""Y"", 1, 0) + IF(AND(R106=1, S106=1, ISBLANK(P106), ISBLANK(Q106), T106=U106), 1, IF(AND(R106=1, S106=1, ISBLANK(P106), ISBLANK(Q106), U106>T106), 2, S106))","=IF(K106<>""Y"", 0, IF(AND(R106=1, S106=1, ISBLANK(P106), ISBLANK(Q106), T106=U106), 2, 3))"
Wednesday,5,2026-06-24,7:00pm,"Courts 1–5","Line 2 (#3 Pair A)","Backhand Bandits","Howie's Team","","",Y,,,,,,,"=IF(L107="""",0,IF(L107>M107,1,0))+IF(N107="""",0,IF(N107>O107,1,0))+IF(P107="""",0,IF(P107>Q107,1,0))","=IF(M107="""",0,IF(M107>L107,1,0))+IF(O107="""",0,IF(O107>N107,1,0))+IF(Q107="""",0,IF(Q107>P107,1,0))","=SUM(L107,N107,P107)","=SUM(M107,O107,Q107)","=IF(K107=""Y"", 1, 0) + IF(AND(R107=1, S107=1, ISBLANK(P107), ISBLANK(Q107), T107=U107), 1, IF(AND(R107=1, S107=1, ISBLANK(P107), ISBLANK(Q107), T107>U107), 2, R107))","=IF(K107=""Y"", 1, 0) + IF(AND(R107=1, S107=1, ISBLANK(P107), ISBLANK(Q107), T107=U107), 1, IF(AND(R107=1, S107=1, ISBLANK(P107), ISBLANK(Q107), U107>T107), 2, S107))","=IF(K107<>""Y"", 0, IF(AND(R107=1, S107=1, ISBLANK(P107), ISBLANK(Q107), T107=U107), 2, 3))"
Wednesday,5,2026-06-24,7:00pm,"Courts 1–5","Line 3 (#3 Pair B)","Backhand Bandits","Howie's Team","","",Y,,,,,,,"=IF(L108="""",0,IF(L108>M108,1,0))+IF(N108="""",0,IF(N108>O108,1,0))+IF(P108="""",0,IF(P108>Q108,1,0))","=IF(M108="""",0,IF(M108>L108,1,0))+IF(O108="""",0,IF(O108>N108,1,0))+IF(Q108="""",0,IF(Q108>P108,1,0))","=SUM(L108,N108,P108)","=SUM(M108,O108,Q108)","=IF(K108=""Y"", 1, 0) + IF(AND(R108=1, S108=1, ISBLANK(P108), ISBLANK(Q108), T108=U108), 1, IF(AND(R108=1, S108=1, ISBLANK(P108), ISBLANK(Q108), T108>U108), 2, R108))","=IF(K108=""Y"", 1, 0) + IF(AND(R108=1, S108=1, ISBLANK(P108), ISBLANK(Q108), T108=U108), 1, IF(AND(R108=1, S108=1, ISBLANK(P108), ISBLANK(Q108), U108>T108), 2, S108))","=IF(K108<>""Y"", 0, IF(AND(R108=1, S108=1, ISBLANK(P108), ISBLANK(Q108), T108=U108), 2, 3))"
Wednesday,5,2026-06-24,7:00pm,"Courts 1–5","Line 4 (#4/#5)","Backhand Bandits","Howie's Team","","",Y,,,,,,,"=IF(L109="""",0,IF(L109>M109,1,0))+IF(N109="""",0,IF(N109>O109,1,0))+IF(P109="""",0,IF(P109>Q109,1,0))","=IF(M109="""",0,IF(M109>L109,1,0))+IF(O109="""",0,IF(O109>N109,1,0))+IF(Q109="""",0,IF(Q109>P109,1,0))","=SUM(L109,N109,P109)","=SUM(M109,O109,Q109)","=IF(K109=""Y"", 1, 0) + IF(AND(R109=1, S109=1, ISBLANK(P109), ISBLANK(Q109), T109=U109), 1, IF(AND(R109=1, S109=1, ISBLANK(P109), ISBLANK(Q109), T109>U109), 2, R109))","=IF(K109=""Y"", 1, 0) + IF(AND(R109=1, S109=1, ISBLANK(P109), ISBLANK(Q109), T109=U109), 1, IF(AND(R109=1, S109=1, ISBLANK(P109), ISBLANK(Q109), U109>T109), 2, S109))","=IF(K109<>""Y"", 0, IF(AND(R109=1, S109=1, ISBLANK(P109), ISBLANK(Q109), T109=U109), 2, 3))"
Wednesday,5,2026-06-24,7:00pm,"Courts 6–9","Line 1 (#1/#2)","Simply Smashing","Glory Days","","",Y,,,,,,,"=IF(L110="""",0,IF(L110>M110,1,0))+IF(N110="""",0,IF(N110>O110,1,0))+IF(P110="""",0,IF(P110>Q110,1,0))","=IF(M110="""",0,IF(M110>L110,1,0))+IF(O110="""",0,IF(O110>N110,1,0))+IF(Q110="""",0,IF(Q110>P110,1,0))","=SUM(L110,N110,P110)","=SUM(M110,O110,Q110)","=IF(K110=""Y"", 1, 0) + IF(AND(R110=1, S110=1, ISBLANK(P110), ISBLANK(Q110), T110=U110), 1, IF(AND(R110=1, S110=1, ISBLANK(P110), ISBLANK(Q110), T110>U110), 2, R110))","=IF(K110=""Y"", 1, 0) + IF(AND(R110=1, S110=1, ISBLANK(P110), ISBLANK(Q110), T110=U110), 1, IF(AND(R110=1, S110=1, ISBLANK(P110), ISBLANK(Q110), U110>T110), 2, S110))","=IF(K110<>""Y"", 0, IF(AND(R110=1, S110=1, ISBLANK(P110), ISBLANK(Q110), T110=U110), 2, 3))"
Wednesday,5,2026-06-24,7:00pm,"Courts 6–9","Line 2 (#3 Pair A)","Simply Smashing","Glory Days","","",Y,,,,,,,"=IF(L111="""",0,IF(L111>M111,1,0))+IF(N111="""",0,IF(N111>O111,1,0))+IF(P111="""",0,IF(P111>Q111,1,0))","=IF(M111="""",0,IF(M111>L111,1,0))+IF(O111="""",0,IF(O111>N111,1,0))+IF(Q111="""",0,IF(Q111>P111,1,0))","=SUM(L111,N111,P111)","=SUM(M111,O111,Q111)","=IF(K111=""Y"", 1, 0) + IF(AND(R111=1, S111=1, ISBLANK(P111), ISBLANK(Q111), T111=U111), 1, IF(AND(R111=1, S111=1, ISBLANK(P111), ISBLANK(Q111), T111>U111), 2, R111))","=IF(K111=""Y"", 1, 0) + IF(AND(R111=1, S111=1, ISBLANK(P111), ISBLANK(Q111), T111=U111), 1, IF(AND(R111=1, S111=1, ISBLANK(P111), ISBLANK(Q111), U111>T111), 2, S111))","=IF(K111<>""Y"", 0, IF(AND(R111=1, S111=1, ISBLANK(P111), ISBLANK(Q111), T111=U111), 2, 3))"
Wednesday,5,2026-06-24,7:00pm,"Courts 6–9","Line 3 (#3 Pair B)","Simply Smashing","Glory Days","","",Y,,,,,,,"=IF(L112="""",0,IF(L112>M112,1,0))+IF(N112="""",0,IF(N112>O112,1,0))+IF(P112="""",0,IF(P112>Q112,1,0))","=IF(M112="""",0,IF(M112>L112,1,0))+IF(O112="""",0,IF(O112>N112,1,0))+IF(Q112="""",0,IF(Q112>P112,1,0))","=SUM(L112,N112,P112)","=SUM(M112,O112,Q112)","=IF(K112=""Y"", 1, 0) + IF(AND(R112=1, S112=1, ISBLANK(P112), ISBLANK(Q112), T112=U112), 1, IF(AND(R112=1, S112=1, ISBLANK(P112), ISBLANK(Q112), T112>U112), 2, R112))","=IF(K112=""Y"", 1, 0) + IF(AND(R112=1, S112=1, ISBLANK(P112), ISBLANK(Q112), T112=U112), 1, IF(AND(R112=1, S112=1, ISBLANK(P112), ISBLANK(Q112), U112>T112), 2, S112))","=IF(K112<>""Y"", 0, IF(AND(R112=1, S112=1, ISBLANK(P112), ISBLANK(Q112), T112=U112), 2, 3))"
Wednesday,5,2026-06-24,7:00pm,"Courts 6–9","Line 4 (#4/#5)","Simply Smashing","Glory Days","","",Y,,,,,,,"=IF(L113="""",0,IF(L113>M113,1,0))+IF(N113="""",0,IF(N113>O113,1,0))+IF(P113="""",0,IF(P113>Q113,1,0))","=IF(M113="""",0,IF(M113>L113,1,0))+IF(O113="""",0,IF(O113>N113,1,0))+IF(Q113="""",0,IF(Q113>P113,1,0))","=SUM(L113,N113,P113)","=SUM(M113,O113,Q113)","=IF(K113=""Y"", 1, 0) + IF(AND(R113=1, S113=1, ISBLANK(P113), ISBLANK(Q113), T113=U113), 1, IF(AND(R113=1, S113=1, ISBLANK(P113), ISBLANK(Q113), T113>U113), 2, R113))","=IF(K113=""Y"", 1, 0) + IF(AND(R113=1, S113=1, ISBLANK(P113), ISBLANK(Q113), T113=U113), 1, IF(AND(R113=1, S113=1, ISBLANK(P113), ISBLANK(Q113), U113>T113), 2, S113))","=IF(K113<>""Y"", 0, IF(AND(R113=1, S113=1, ISBLANK(P113), ISBLANK(Q113), T113=U113), 2, 3))"
Wednesday,5,2026-06-24,7:00pm,"Courts 10–13","Line 1 (#1/#2)","Nothing But Net","Hot Shots","","",Y,,,,,,,"=IF(L114="""",0,IF(L114>M114,1,0))+IF(N114="""",0,IF(N114>O114,1,0))+IF(P114="""",0,IF(P114>Q114,1,0))","=IF(M114="""",0,IF(M114>L114,1,0))+IF(O114="""",0,IF(O114>N114,1,0))+IF(Q114="""",0,IF(Q114>P114,1,0))","=SUM(L114,N114,P114)","=SUM(M114,O114,Q114)","=IF(K114=""Y"", 1, 0) + IF(AND(R114=1, S114=1, ISBLANK(P114), ISBLANK(Q114), T114=U114), 1, IF(AND(R114=1, S114=1, ISBLANK(P114), ISBLANK(Q114), T114>U114), 2, R114))","=IF(K114=""Y"", 1, 0) + IF(AND(R114=1, S114=1, ISBLANK(P114), ISBLANK(Q114), T114=U114), 1, IF(AND(R114=1, S114=1, ISBLANK(P114), ISBLANK(Q114), U114>T114), 2, S114))","=IF(K114<>""Y"", 0, IF(AND(R114=1, S114=1, ISBLANK(P114), ISBLANK(Q114), T114=U114), 2, 3))"
Wednesday,5,2026-06-24,7:00pm,"Courts 10–13","Line 2 (#3 Pair A)","Nothing But Net","Hot Shots","","",Y,,,,,,,"=IF(L115="""",0,IF(L115>M115,1,0))+IF(N115="""",0,IF(N115>O115,1,0))+IF(P115="""",0,IF(P115>Q115,1,0))","=IF(M115="""",0,IF(M115>L115,1,0))+IF(O115="""",0,IF(O115>N115,1,0))+IF(Q115="""",0,IF(Q115>P115,1,0))","=SUM(L115,N115,P115)","=SUM(M115,O115,Q115)","=IF(K115=""Y"", 1, 0) + IF(AND(R115=1, S115=1, ISBLANK(P115), ISBLANK(Q115), T115=U115), 1, IF(AND(R115=1, S115=1, ISBLANK(P115), ISBLANK(Q115), T115>U115), 2, R115))","=IF(K115=""Y"", 1, 0) + IF(AND(R115=1, S115=1, ISBLANK(P115), ISBLANK(Q115), T115=U115), 1, IF(AND(R115=1, S115=1, ISBLANK(P115), ISBLANK(Q115), U115>T115), 2, S115))","=IF(K115<>""Y"", 0, IF(AND(R115=1, S115=1, ISBLANK(P115), ISBLANK(Q115), T115=U115), 2, 3))"
Wednesday,5,2026-06-24,7:00pm,"Courts 10–13","Line 3 (#3 Pair B)","Nothing But Net","Hot Shots","","",Y,,,,,,,"=IF(L116="""",0,IF(L116>M116,1,0))+IF(N116="""",0,IF(N116>O116,1,0))+IF(P116="""",0,IF(P116>Q116,1,0))","=IF(M116="""",0,IF(M116>L116,1,0))+IF(O116="""",0,IF(O116>N116,1,0))+IF(Q116="""",0,IF(Q116>P116,1,0))","=SUM(L116,N116,P116)","=SUM(M116,O116,Q116)","=IF(K116=""Y"", 1, 0) + IF(AND(R116=1, S116=1, ISBLANK(P116), ISBLANK(Q116), T116=U116), 1, IF(AND(R116=1, S116=1, ISBLANK(P116), ISBLANK(Q116), T116>U116), 2, R116))","=IF(K116=""Y"", 1, 0) + IF(AND(R116=1, S116=1, ISBLANK(P116), ISBLANK(Q116), T116=U116), 1, IF(AND(R116=1, S116=1, ISBLANK(P116), ISBLANK(Q116), U116>T116), 2, S116))","=IF(K116<>""Y"", 0, IF(AND(R116=1, S116=1, ISBLANK(P116), ISBLANK(Q116), T116=U116), 2, 3))"
Wednesday,5,2026-06-24,7:00pm,"Courts 10–13","Line 4 (#4/#5)","Nothing But Net","Hot Shots","","",Y,,,,,,,"=IF(L117="""",0,IF(L117>M117,1,0))+IF(N117="""",0,IF(N117>O117,1,0))+IF(P117="""",0,IF(P117>Q117,1,0))","=IF(M117="""",0,IF(M117>L117,1,0))+IF(O117="""",0,IF(O117>N117,1,0))+IF(Q117="""",0,IF(Q117>P117,1,0))","=SUM(L117,N117,P117)","=SUM(M117,O117,Q117)","=IF(K117=""Y"", 1, 0) + IF(AND(R117=1, S117=1, ISBLANK(P117), ISBLANK(Q117), T117=U117), 1, IF(AND(R117=1, S117=1, ISBLANK(P117), ISBLANK(Q117), T117>U117), 2, R117))","=IF(K117=""Y"", 1, 0) + IF(AND(R117=1, S117=1, ISBLANK(P117), ISBLANK(Q117), T117=U117), 1, IF(AND(R117=1, S117=1, ISBLANK(P117), ISBLANK(Q117), U117>T117), 2, S117))","=IF(K117<>""Y"", 0, IF(AND(R117=1, S117=1, ISBLANK(P117), ISBLANK(Q117), T117=U117), 2, 3))"
Wednesday,5,2026-06-24,5:30pm,"Courts 10–13","Line 1 (#1/#2)","Rally Monkeys","Hit Squad","","",Y,,,,,,,"=IF(L118="""",0,IF(L118>M118,1,0))+IF(N118="""",0,IF(N118>O118,1,0))+IF(P118="""",0,IF(P118>Q118,1,0))","=IF(M118="""",0,IF(M118>L118,1,0))+IF(O118="""",0,IF(O118>N118,1,0))+IF(Q118="""",0,IF(Q118>P118,1,0))","=SUM(L118,N118,P118)","=SUM(M118,O118,Q118)","=IF(K118=""Y"", 1, 0) + IF(AND(R118=1, S118=1, ISBLANK(P118), ISBLANK(Q118), T118=U118), 1, IF(AND(R118=1, S118=1, ISBLANK(P118), ISBLANK(Q118), T118>U118), 2, R118))","=IF(K118=""Y"", 1, 0) + IF(AND(R118=1, S118=1, ISBLANK(P118), ISBLANK(Q118), T118=U118), 1, IF(AND(R118=1, S118=1, ISBLANK(P118), ISBLANK(Q118), U118>T118), 2, S118))","=IF(K118<>""Y"", 0, IF(AND(R118=1, S118=1, ISBLANK(P118), ISBLANK(Q118), T118=U118), 2, 3))"
Wednesday,5,2026-06-24,5:30pm,"Courts 10–13","Line 2 (#3 Pair A)","Rally Monkeys","Hit Squad","","",Y,,,,,,,"=IF(L119="""",0,IF(L119>M119,1,0))+IF(N119="""",0,IF(N119>O119,1,0))+IF(P119="""",0,IF(P119>Q119,1,0))","=IF(M119="""",0,IF(M119>L119,1,0))+IF(O119="""",0,IF(O119>N119,1,0))+IF(Q119="""",0,IF(Q119>P119,1,0))","=SUM(L119,N119,P119)","=SUM(M119,O119,Q119)","=IF(K119=""Y"", 1, 0) + IF(AND(R119=1, S119=1, ISBLANK(P119), ISBLANK(Q119), T119=U119), 1, IF(AND(R119=1, S119=1, ISBLANK(P119), ISBLANK(Q119), T119>U119), 2, R119))","=IF(K119=""Y"", 1, 0) + IF(AND(R119=1, S119=1, ISBLANK(P119), ISBLANK(Q119), T119=U119), 1, IF(AND(R119=1, S119=1, ISBLANK(P119), ISBLANK(Q119), U119>T119), 2, S119))","=IF(K119<>""Y"", 0, IF(AND(R119=1, S119=1, ISBLANK(P119), ISBLANK(Q119), T119=U119), 2, 3))"
Wednesday,5,2026-06-24,5:30pm,"Courts 10–13","Line 3 (#3 Pair B)","Rally Monkeys","Hit Squad","","",Y,,,,,,,"=IF(L120="""",0,IF(L120>M120,1,0))+IF(N120="""",0,IF(N120>O120,1,0))+IF(P120="""",0,IF(P120>Q120,1,0))","=IF(M120="""",0,IF(M120>L120,1,0))+IF(O120="""",0,IF(O120>N120,1,0))+IF(Q120="""",0,IF(Q120>P120,1,0))","=SUM(L120,N120,P120)","=SUM(M120,O120,Q120)","=IF(K120=""Y"", 1, 0) + IF(AND(R120=1, S120=1, ISBLANK(P120), ISBLANK(Q120), T120=U120), 1, IF(AND(R120=1, S120=1, ISBLANK(P120), ISBLANK(Q120), T120>U120), 2, R120))","=IF(K120=""Y"", 1, 0) + IF(AND(R120=1, S120=1, ISBLANK(P120), ISBLANK(Q120), T120=U120), 1, IF(AND(R120=1, S120=1, ISBLANK(P120), ISBLANK(Q120), U120>T120), 2, S120))","=IF(K120<>""Y"", 0, IF(AND(R120=1, S120=1, ISBLANK(P120), ISBLANK(Q120), T120=U120), 2, 3))"
Wednesday,5,2026-06-24,5:30pm,"Courts 10–13","Line 4 (#4/#5)","Rally Monkeys","Hit Squad","","",Y,,,,,,,"=IF(L121="""",0,IF(L121>M121,1,0))+IF(N121="""",0,IF(N121>O121,1,0))+IF(P121="""",0,IF(P121>Q121,1,0))","=IF(M121="""",0,IF(M121>L121,1,0))+IF(O121="""",0,IF(O121>N121,1,0))+IF(Q121="""",0,IF(Q121>P121,1,0))","=SUM(L121,N121,P121)","=SUM(M121,O121,Q121)","=IF(K121=""Y"", 1, 0) + IF(AND(R121=1, S121=1, ISBLANK(P121), ISBLANK(Q121), T121=U121), 1, IF(AND(R121=1, S121=1, ISBLANK(P121), ISBLANK(Q121), T121>U121), 2, R121))","=IF(K121=""Y"", 1, 0) + IF(AND(R121=1, S121=1, ISBLANK(P121), ISBLANK(Q121), T121=U121), 1, IF(AND(R121=1, S121=1, ISBLANK(P121), ISBLANK(Q121), U121>T121), 2, S121))","=IF(K121<>""Y"", 0, IF(AND(R121=1, S121=1, ISBLANK(P121), ISBLANK(Q121), T121=U121), 2, 3))"
Wednesday,6,2026-07-01,7:00pm,"Courts 6–9","Line 1 (#1/#2)","LAX-Winona Fusion","Serve Aces","","",Y,,,,,,,"=IF(L122="""",0,IF(L122>M122,1,0))+IF(N122="""",0,IF(N122>O122,1,0))+IF(P122="""",0,IF(P122>Q122,1,0))","=IF(M122="""",0,IF(M122>L122,1,0))+IF(O122="""",0,IF(O122>N122,1,0))+IF(Q122="""",0,IF(Q122>P122,1,0))","=SUM(L122,N122,P122)","=SUM(M122,O122,Q122)","=IF(K122=""Y"", 1, 0) + IF(AND(R122=1, S122=1, ISBLANK(P122), ISBLANK(Q122), T122=U122), 1, IF(AND(R122=1, S122=1, ISBLANK(P122), ISBLANK(Q122), T122>U122), 2, R122))","=IF(K122=""Y"", 1, 0) + IF(AND(R122=1, S122=1, ISBLANK(P122), ISBLANK(Q122), T122=U122), 1, IF(AND(R122=1, S122=1, ISBLANK(P122), ISBLANK(Q122), U122>T122), 2, S122))","=IF(K122<>""Y"", 0, IF(AND(R122=1, S122=1, ISBLANK(P122), ISBLANK(Q122), T122=U122), 2, 3))"
Wednesday,6,2026-07-01,7:00pm,"Courts 6–9","Line 2 (#3 Pair A)","LAX-Winona Fusion","Serve Aces","","",Y,,,,,,,"=IF(L123="""",0,IF(L123>M123,1,0))+IF(N123="""",0,IF(N123>O123,1,0))+IF(P123="""",0,IF(P123>Q123,1,0))","=IF(M123="""",0,IF(M123>L123,1,0))+IF(O123="""",0,IF(O123>N123,1,0))+IF(Q123="""",0,IF(Q123>P123,1,0))","=SUM(L123,N123,P123)","=SUM(M123,O123,Q123)","=IF(K123=""Y"", 1, 0) + IF(AND(R123=1, S123=1, ISBLANK(P123), ISBLANK(Q123), T123=U123), 1, IF(AND(R123=1, S123=1, ISBLANK(P123), ISBLANK(Q123), T123>U123), 2, R123))","=IF(K123=""Y"", 1, 0) + IF(AND(R123=1, S123=1, ISBLANK(P123), ISBLANK(Q123), T123=U123), 1, IF(AND(R123=1, S123=1, ISBLANK(P123), ISBLANK(Q123), U123>T123), 2, S123))","=IF(K123<>""Y"", 0, IF(AND(R123=1, S123=1, ISBLANK(P123), ISBLANK(Q123), T123=U123), 2, 3))"
Wednesday,6,2026-07-01,7:00pm,"Courts 6–9","Line 3 (#3 Pair B)","LAX-Winona Fusion","Serve Aces","","",Y,,,,,,,"=IF(L124="""",0,IF(L124>M124,1,0))+IF(N124="""",0,IF(N124>O124,1,0))+IF(P124="""",0,IF(P124>Q124,1,0))","=IF(M124="""",0,IF(M124>L124,1,0))+IF(O124="""",0,IF(O124>N124,1,0))+IF(Q124="""",0,IF(Q124>P124,1,0))","=SUM(L124,N124,P124)","=SUM(M124,O124,Q124)","=IF(K124=""Y"", 1, 0) + IF(AND(R124=1, S124=1, ISBLANK(P124), ISBLANK(Q124), T124=U124), 1, IF(AND(R124=1, S124=1, ISBLANK(P124), ISBLANK(Q124), T124>U124), 2, R124))","=IF(K124=""Y"", 1, 0) + IF(AND(R124=1, S124=1, ISBLANK(P124), ISBLANK(Q124), T124=U124), 1, IF(AND(R124=1, S124=1, ISBLANK(P124), ISBLANK(Q124), U124>T124), 2, S124))","=IF(K124<>""Y"", 0, IF(AND(R124=1, S124=1, ISBLANK(P124), ISBLANK(Q124), T124=U124), 2, 3))"
Wednesday,6,2026-07-01,7:00pm,"Courts 6–9","Line 4 (#4/#5)","LAX-Winona Fusion","Serve Aces","","",Y,,,,,,,"=IF(L125="""",0,IF(L125>M125,1,0))+IF(N125="""",0,IF(N125>O125,1,0))+IF(P125="""",0,IF(P125>Q125,1,0))","=IF(M125="""",0,IF(M125>L125,1,0))+IF(O125="""",0,IF(O125>N125,1,0))+IF(Q125="""",0,IF(Q125>P125,1,0))","=SUM(L125,N125,P125)","=SUM(M125,O125,Q125)","=IF(K125=""Y"", 1, 0) + IF(AND(R125=1, S125=1, ISBLANK(P125), ISBLANK(Q125), T125=U125), 1, IF(AND(R125=1, S125=1, ISBLANK(P125), ISBLANK(Q125), T125>U125), 2, R125))","=IF(K125=""Y"", 1, 0) + IF(AND(R125=1, S125=1, ISBLANK(P125), ISBLANK(Q125), T125=U125), 1, IF(AND(R125=1, S125=1, ISBLANK(P125), ISBLANK(Q125), U125>T125), 2, S125))","=IF(K125<>""Y"", 0, IF(AND(R125=1, S125=1, ISBLANK(P125), ISBLANK(Q125), T125=U125), 2, 3))"
Wednesday,6,2026-07-01,7:00pm,"Courts 1–5","Line 1 (#1/#2)","Not My Fault","Howie's Team","","",Y,,,,,,,"=IF(L126="""",0,IF(L126>M126,1,0))+IF(N126="""",0,IF(N126>O126,1,0))+IF(P126="""",0,IF(P126>Q126,1,0))","=IF(M126="""",0,IF(M126>L126,1,0))+IF(O126="""",0,IF(O126>N126,1,0))+IF(Q126="""",0,IF(Q126>P126,1,0))","=SUM(L126,N126,P126)","=SUM(M126,O126,Q126)","=IF(K126=""Y"", 1, 0) + IF(AND(R126=1, S126=1, ISBLANK(P126), ISBLANK(Q126), T126=U126), 1, IF(AND(R126=1, S126=1, ISBLANK(P126), ISBLANK(Q126), T126>U126), 2, R126))","=IF(K126=""Y"", 1, 0) + IF(AND(R126=1, S126=1, ISBLANK(P126), ISBLANK(Q126), T126=U126), 1, IF(AND(R126=1, S126=1, ISBLANK(P126), ISBLANK(Q126), U126>T126), 2, S126))","=IF(K126<>""Y"", 0, IF(AND(R126=1, S126=1, ISBLANK(P126), ISBLANK(Q126), T126=U126), 2, 3))"
Wednesday,6,2026-07-01,7:00pm,"Courts 1–5","Line 2 (#3 Pair A)","Not My Fault","Howie's Team","","",Y,,,,,,,"=IF(L127="""",0,IF(L127>M127,1,0))+IF(N127="""",0,IF(N127>O127,1,0))+IF(P127="""",0,IF(P127>Q127,1,0))","=IF(M127="""",0,IF(M127>L127,1,0))+IF(O127="""",0,IF(O127>N127,1,0))+IF(Q127="""",0,IF(Q127>P127,1,0))","=SUM(L127,N127,P127)","=SUM(M127,O127,Q127)","=IF(K127=""Y"", 1, 0) + IF(AND(R127=1, S127=1, ISBLANK(P127), ISBLANK(Q127), T127=U127), 1, IF(AND(R127=1, S127=1, ISBLANK(P127), ISBLANK(Q127), T127>U127), 2, R127))","=IF(K127=""Y"", 1, 0) + IF(AND(R127=1, S127=1, ISBLANK(P127), ISBLANK(Q127), T127=U127), 1, IF(AND(R127=1, S127=1, ISBLANK(P127), ISBLANK(Q127), U127>T127), 2, S127))","=IF(K127<>""Y"", 0, IF(AND(R127=1, S127=1, ISBLANK(P127), ISBLANK(Q127), T127=U127), 2, 3))"
Wednesday,6,2026-07-01,7:00pm,"Courts 1–5","Line 3 (#3 Pair B)","Not My Fault","Howie's Team","","",Y,,,,,,,"=IF(L128="""",0,IF(L128>M128,1,0))+IF(N128="""",0,IF(N128>O128,1,0))+IF(P128="""",0,IF(P128>Q128,1,0))","=IF(M128="""",0,IF(M128>L128,1,0))+IF(O128="""",0,IF(O128>N128,1,0))+IF(Q128="""",0,IF(Q128>P128,1,0))","=SUM(L128,N128,P128)","=SUM(M128,O128,Q128)","=IF(K128=""Y"", 1, 0) + IF(AND(R128=1, S128=1, ISBLANK(P128), ISBLANK(Q128), T128=U128), 1, IF(AND(R128=1, S128=1, ISBLANK(P128), ISBLANK(Q128), T128>U128), 2, R128))","=IF(K128=""Y"", 1, 0) + IF(AND(R128=1, S128=1, ISBLANK(P128), ISBLANK(Q128), T128=U128), 1, IF(AND(R128=1, S128=1, ISBLANK(P128), ISBLANK(Q128), U128>T128), 2, S128))","=IF(K128<>""Y"", 0, IF(AND(R128=1, S128=1, ISBLANK(P128), ISBLANK(Q128), T128=U128), 2, 3))"
Wednesday,6,2026-07-01,7:00pm,"Courts 1–5","Line 4 (#4/#5)","Not My Fault","Howie's Team","","",Y,,,,,,,"=IF(L129="""",0,IF(L129>M129,1,0))+IF(N129="""",0,IF(N129>O129,1,0))+IF(P129="""",0,IF(P129>Q129,1,0))","=IF(M129="""",0,IF(M129>L129,1,0))+IF(O129="""",0,IF(O129>N129,1,0))+IF(Q129="""",0,IF(Q129>P129,1,0))","=SUM(L129,N129,P129)","=SUM(M129,O129,Q129)","=IF(K129=""Y"", 1, 0) + IF(AND(R129=1, S129=1, ISBLANK(P129), ISBLANK(Q129), T129=U129), 1, IF(AND(R129=1, S129=1, ISBLANK(P129), ISBLANK(Q129), T129>U129), 2, R129))","=IF(K129=""Y"", 1, 0) + IF(AND(R129=1, S129=1, ISBLANK(P129), ISBLANK(Q129), T129=U129), 1, IF(AND(R129=1, S129=1, ISBLANK(P129), ISBLANK(Q129), U129>T129), 2, S129))","=IF(K129<>""Y"", 0, IF(AND(R129=1, S129=1, ISBLANK(P129), ISBLANK(Q129), T129=U129), 2, 3))"
Wednesday,6,2026-07-01,5:30pm,"Courts 1–5","Line 1 (#1/#2)","Baseliners","Glory Days","","",Y,,,,,,,"=IF(L130="""",0,IF(L130>M130,1,0))+IF(N130="""",0,IF(N130>O130,1,0))+IF(P130="""",0,IF(P130>Q130,1,0))","=IF(M130="""",0,IF(M130>L130,1,0))+IF(O130="""",0,IF(O130>N130,1,0))+IF(Q130="""",0,IF(Q130>P130,1,0))","=SUM(L130,N130,P130)","=SUM(M130,O130,Q130)","=IF(K130=""Y"", 1, 0) + IF(AND(R130=1, S130=1, ISBLANK(P130), ISBLANK(Q130), T130=U130), 1, IF(AND(R130=1, S130=1, ISBLANK(P130), ISBLANK(Q130), T130>U130), 2, R130))","=IF(K130=""Y"", 1, 0) + IF(AND(R130=1, S130=1, ISBLANK(P130), ISBLANK(Q130), T130=U130), 1, IF(AND(R130=1, S130=1, ISBLANK(P130), ISBLANK(Q130), U130>T130), 2, S130))","=IF(K130<>""Y"", 0, IF(AND(R130=1, S130=1, ISBLANK(P130), ISBLANK(Q130), T130=U130), 2, 3))"
Wednesday,6,2026-07-01,5:30pm,"Courts 1–5","Line 2 (#3 Pair A)","Baseliners","Glory Days","","",Y,,,,,,,"=IF(L131="""",0,IF(L131>M131,1,0))+IF(N131="""",0,IF(N131>O131,1,0))+IF(P131="""",0,IF(P131>Q131,1,0))","=IF(M131="""",0,IF(M131>L131,1,0))+IF(O131="""",0,IF(O131>N131,1,0))+IF(Q131="""",0,IF(Q131>P131,1,0))","=SUM(L131,N131,P131)","=SUM(M131,O131,Q131)","=IF(K131=""Y"", 1, 0) + IF(AND(R131=1, S131=1, ISBLANK(P131), ISBLANK(Q131), T131=U131), 1, IF(AND(R131=1, S131=1, ISBLANK(P131), ISBLANK(Q131), T131>U131), 2, R131))","=IF(K131=""Y"", 1, 0) + IF(AND(R131=1, S131=1, ISBLANK(P131), ISBLANK(Q131), T131=U131), 1, IF(AND(R131=1, S131=1, ISBLANK(P131), ISBLANK(Q131), U131>T131), 2, S131))","=IF(K131<>""Y"", 0, IF(AND(R131=1, S131=1, ISBLANK(P131), ISBLANK(Q131), T131=U131), 2, 3))"
Wednesday,6,2026-07-01,5:30pm,"Courts 1–5","Line 3 (#3 Pair B)","Baseliners","Glory Days","","",Y,,,,,,,"=IF(L132="""",0,IF(L132>M132,1,0))+IF(N132="""",0,IF(N132>O132,1,0))+IF(P132="""",0,IF(P132>Q132,1,0))","=IF(M132="""",0,IF(M132>L132,1,0))+IF(O132="""",0,IF(O132>N132,1,0))+IF(Q132="""",0,IF(Q132>P132,1,0))","=SUM(L132,N132,P132)","=SUM(M132,O132,Q132)","=IF(K132=""Y"", 1, 0) + IF(AND(R132=1, S132=1, ISBLANK(P132), ISBLANK(Q132), T132=U132), 1, IF(AND(R132=1, S132=1, ISBLANK(P132), ISBLANK(Q132), T132>U132), 2, R132))","=IF(K132=""Y"", 1, 0) + IF(AND(R132=1, S132=1, ISBLANK(P132), ISBLANK(Q132), T132=U132), 1, IF(AND(R132=1, S132=1, ISBLANK(P132), ISBLANK(Q132), U132>T132), 2, S132))","=IF(K132<>""Y"", 0, IF(AND(R132=1, S132=1, ISBLANK(P132), ISBLANK(Q132), T132=U132), 2, 3))"
Wednesday,6,2026-07-01,5:30pm,"Courts 1–5","Line 4 (#4/#5)","Baseliners","Glory Days","","",Y,,,,,,,"=IF(L133="""",0,IF(L133>M133,1,0))+IF(N133="""",0,IF(N133>O133,1,0))+IF(P133="""",0,IF(P133>Q133,1,0))","=IF(M133="""",0,IF(M133>L133,1,0))+IF(O133="""",0,IF(O133>N133,1,0))+IF(Q133="""",0,IF(Q133>P133,1,0))","=SUM(L133,N133,P133)","=SUM(M133,O133,Q133)","=IF(K133=""Y"", 1, 0) + IF(AND(R133=1, S133=1, ISBLANK(P133), ISBLANK(Q133), T133=U133), 1, IF(AND(R133=1, S133=1, ISBLANK(P133), ISBLANK(Q133), T133>U133), 2, R133))","=IF(K133=""Y"", 1, 0) + IF(AND(R133=1, S133=1, ISBLANK(P133), ISBLANK(Q133), T133=U133), 1, IF(AND(R133=1, S133=1, ISBLANK(P133), ISBLANK(Q133), U133>T133), 2, S133))","=IF(K133<>""Y"", 0, IF(AND(R133=1, S133=1, ISBLANK(P133), ISBLANK(Q133), T133=U133), 2, 3))"
Wednesday,6,2026-07-01,5:30pm,"Courts 10–13","Line 1 (#1/#2)","Hot Shots","Backhand Bandits","","",Y,,,,,,,"=IF(L134="""",0,IF(L134>M134,1,0))+IF(N134="""",0,IF(N134>O134,1,0))+IF(P134="""",0,IF(P134>Q134,1,0))","=IF(M134="""",0,IF(M134>L134,1,0))+IF(O134="""",0,IF(O134>N134,1,0))+IF(Q134="""",0,IF(Q134>P134,1,0))","=SUM(L134,N134,P134)","=SUM(M134,O134,Q134)","=IF(K134=""Y"", 1, 0) + IF(AND(R134=1, S134=1, ISBLANK(P134), ISBLANK(Q134), T134=U134), 1, IF(AND(R134=1, S134=1, ISBLANK(P134), ISBLANK(Q134), T134>U134), 2, R134))","=IF(K134=""Y"", 1, 0) + IF(AND(R134=1, S134=1, ISBLANK(P134), ISBLANK(Q134), T134=U134), 1, IF(AND(R134=1, S134=1, ISBLANK(P134), ISBLANK(Q134), U134>T134), 2, S134))","=IF(K134<>""Y"", 0, IF(AND(R134=1, S134=1, ISBLANK(P134), ISBLANK(Q134), T134=U134), 2, 3))"
Wednesday,6,2026-07-01,5:30pm,"Courts 10–13","Line 2 (#3 Pair A)","Hot Shots","Backhand Bandits","","",Y,,,,,,,"=IF(L135="""",0,IF(L135>M135,1,0))+IF(N135="""",0,IF(N135>O135,1,0))+IF(P135="""",0,IF(P135>Q135,1,0))","=IF(M135="""",0,IF(M135>L135,1,0))+IF(O135="""",0,IF(O135>N135,1,0))+IF(Q135="""",0,IF(Q135>P135,1,0))","=SUM(L135,N135,P135)","=SUM(M135,O135,Q135)","=IF(K135=""Y"", 1, 0) + IF(AND(R135=1, S135=1, ISBLANK(P135), ISBLANK(Q135), T135=U135), 1, IF(AND(R135=1, S135=1, ISBLANK(P135), ISBLANK(Q135), T135>U135), 2, R135))","=IF(K135=""Y"", 1, 0) + IF(AND(R135=1, S135=1, ISBLANK(P135), ISBLANK(Q135), T135=U135), 1, IF(AND(R135=1, S135=1, ISBLANK(P135), ISBLANK(Q135), U135>T135), 2, S135))","=IF(K135<>""Y"", 0, IF(AND(R135=1, S135=1, ISBLANK(P135), ISBLANK(Q135), T135=U135), 2, 3))"
Wednesday,6,2026-07-01,5:30pm,"Courts 10–13","Line 3 (#3 Pair B)","Hot Shots","Backhand Bandits","","",Y,,,,,,,"=IF(L136="""",0,IF(L136>M136,1,0))+IF(N136="""",0,IF(N136>O136,1,0))+IF(P136="""",0,IF(P136>Q136,1,0))","=IF(M136="""",0,IF(M136>L136,1,0))+IF(O136="""",0,IF(O136>N136,1,0))+IF(Q136="""",0,IF(Q136>P136,1,0))","=SUM(L136,N136,P136)","=SUM(M136,O136,Q136)","=IF(K136=""Y"", 1, 0) + IF(AND(R136=1, S136=1, ISBLANK(P136), ISBLANK(Q136), T136=U136), 1, IF(AND(R136=1, S136=1, ISBLANK(P136), ISBLANK(Q136), T136>U136), 2, R136))","=IF(K136=""Y"", 1, 0) + IF(AND(R136=1, S136=1, ISBLANK(P136), ISBLANK(Q136), T136=U136), 1, IF(AND(R136=1, S136=1, ISBLANK(P136), ISBLANK(Q136), U136>T136), 2, S136))","=IF(K136<>""Y"", 0, IF(AND(R136=1, S136=1, ISBLANK(P136), ISBLANK(Q136), T136=U136), 2, 3))"
Wednesday,6,2026-07-01,5:30pm,"Courts 10–13","Line 4 (#4/#5)","Hot Shots","Backhand Bandits","","",Y,,,,,,,"=IF(L137="""",0,IF(L137>M137,1,0))+IF(N137="""",0,IF(N137>O137,1,0))+IF(P137="""",0,IF(P137>Q137,1,0))","=IF(M137="""",0,IF(M137>L137,1,0))+IF(O137="""",0,IF(O137>N137,1,0))+IF(Q137="""",0,IF(Q137>P137,1,0))","=SUM(L137,N137,P137)","=SUM(M137,O137,Q137)","=IF(K137=""Y"", 1, 0) + IF(AND(R137=1, S137=1, ISBLANK(P137), ISBLANK(Q137), T137=U137), 1, IF(AND(R137=1, S137=1, ISBLANK(P137), ISBLANK(Q137), T137>U137), 2, R137))","=IF(K137=""Y"", 1, 0) + IF(AND(R137=1, S137=1, ISBLANK(P137), ISBLANK(Q137), T137=U137), 1, IF(AND(R137=1, S137=1, ISBLANK(P137), ISBLANK(Q137), U137>T137), 2, S137))","=IF(K137<>""Y"", 0, IF(AND(R137=1, S137=1, ISBLANK(P137), ISBLANK(Q137), T137=U137), 2, 3))"
Wednesday,6,2026-07-01,5:30pm,"Courts 6–9","Line 1 (#1/#2)","Simply Smashing","Hit Squad","","",Y,,,,,,,"=IF(L138="""",0,IF(L138>M138,1,0))+IF(N138="""",0,IF(N138>O138,1,0))+IF(P138="""",0,IF(P138>Q138,1,0))","=IF(M138="""",0,IF(M138>L138,1,0))+IF(O138="""",0,IF(O138>N138,1,0))+IF(Q138="""",0,IF(Q138>P138,1,0))","=SUM(L138,N138,P138)","=SUM(M138,O138,Q138)","=IF(K138=""Y"", 1, 0) + IF(AND(R138=1, S138=1, ISBLANK(P138), ISBLANK(Q138), T138=U138), 1, IF(AND(R138=1, S138=1, ISBLANK(P138), ISBLANK(Q138), T138>U138), 2, R138))","=IF(K138=""Y"", 1, 0) + IF(AND(R138=1, S138=1, ISBLANK(P138), ISBLANK(Q138), T138=U138), 1, IF(AND(R138=1, S138=1, ISBLANK(P138), ISBLANK(Q138), U138>T138), 2, S138))","=IF(K138<>""Y"", 0, IF(AND(R138=1, S138=1, ISBLANK(P138), ISBLANK(Q138), T138=U138), 2, 3))"
Wednesday,6,2026-07-01,5:30pm,"Courts 6–9","Line 2 (#3 Pair A)","Simply Smashing","Hit Squad","","",Y,,,,,,,"=IF(L139="""",0,IF(L139>M139,1,0))+IF(N139="""",0,IF(N139>O139,1,0))+IF(P139="""",0,IF(P139>Q139,1,0))","=IF(M139="""",0,IF(M139>L139,1,0))+IF(O139="""",0,IF(O139>N139,1,0))+IF(Q139="""",0,IF(Q139>P139,1,0))","=SUM(L139,N139,P139)","=SUM(M139,O139,Q139)","=IF(K139=""Y"", 1, 0) + IF(AND(R139=1, S139=1, ISBLANK(P139), ISBLANK(Q139), T139=U139), 1, IF(AND(R139=1, S139=1, ISBLANK(P139), ISBLANK(Q139), T139>U139), 2, R139))","=IF(K139=""Y"", 1, 0) + IF(AND(R139=1, S139=1, ISBLANK(P139), ISBLANK(Q139), T139=U139), 1, IF(AND(R139=1, S139=1, ISBLANK(P139), ISBLANK(Q139), U139>T139), 2, S139))","=IF(K139<>""Y"", 0, IF(AND(R139=1, S139=1, ISBLANK(P139), ISBLANK(Q139), T139=U139), 2, 3))"
Wednesday,6,2026-07-01,5:30pm,"Courts 6–9","Line 3 (#3 Pair B)","Simply Smashing","Hit Squad","","",Y,,,,,,,"=IF(L140="""",0,IF(L140>M140,1,0))+IF(N140="""",0,IF(N140>O140,1,0))+IF(P140="""",0,IF(P140>Q140,1,0))","=IF(M140="""",0,IF(M140>L140,1,0))+IF(O140="""",0,IF(O140>N140,1,0))+IF(Q140="""",0,IF(Q140>P140,1,0))","=SUM(L140,N140,P140)","=SUM(M140,O140,Q140)","=IF(K140=""Y"", 1, 0) + IF(AND(R140=1, S140=1, ISBLANK(P140), ISBLANK(Q140), T140=U140), 1, IF(AND(R140=1, S140=1, ISBLANK(P140), ISBLANK(Q140), T140>U140), 2, R140))","=IF(K140=""Y"", 1, 0) + IF(AND(R140=1, S140=1, ISBLANK(P140), ISBLANK(Q140), T140=U140), 1, IF(AND(R140=1, S140=1, ISBLANK(P140), ISBLANK(Q140), U140>T140), 2, S140))","=IF(K140<>""Y"", 0, IF(AND(R140=1, S140=1, ISBLANK(P140), ISBLANK(Q140), T140=U140), 2, 3))"
Wednesday,6,2026-07-01,5:30pm,"Courts 6–9","Line 4 (#4/#5)","Simply Smashing","Hit Squad","","",Y,,,,,,,"=IF(L141="""",0,IF(L141>M141,1,0))+IF(N141="""",0,IF(N141>O141,1,0))+IF(P141="""",0,IF(P141>Q141,1,0))","=IF(M141="""",0,IF(M141>L141,1,0))+IF(O141="""",0,IF(O141>N141,1,0))+IF(Q141="""",0,IF(Q141>P141,1,0))","=SUM(L141,N141,P141)","=SUM(M141,O141,Q141)","=IF(K141=""Y"", 1, 0) + IF(AND(R141=1, S141=1, ISBLANK(P141), ISBLANK(Q141), T141=U141), 1, IF(AND(R141=1, S141=1, ISBLANK(P141), ISBLANK(Q141), T141>U141), 2, R141))","=IF(K141=""Y"", 1, 0) + IF(AND(R141=1, S141=1, ISBLANK(P141), ISBLANK(Q141), T141=U141), 1, IF(AND(R141=1, S141=1, ISBLANK(P141), ISBLANK(Q141), U141>T141), 2, S141))","=IF(K141<>""Y"", 0, IF(AND(R141=1, S141=1, ISBLANK(P141), ISBLANK(Q141), T141=U141), 2, 3))"
Wednesday,6,2026-07-01,7:00pm,"Courts 10–13","Line 1 (#1/#2)","Nothing But Net","Rally Monkeys","","",Y,,,,,,,"=IF(L142="""",0,IF(L142>M142,1,0))+IF(N142="""",0,IF(N142>O142,1,0))+IF(P142="""",0,IF(P142>Q142,1,0))","=IF(M142="""",0,IF(M142>L142,1,0))+IF(O142="""",0,IF(O142>N142,1,0))+IF(Q142="""",0,IF(Q142>P142,1,0))","=SUM(L142,N142,P142)","=SUM(M142,O142,Q142)","=IF(K142=""Y"", 1, 0) + IF(AND(R142=1, S142=1, ISBLANK(P142), ISBLANK(Q142), T142=U142), 1, IF(AND(R142=1, S142=1, ISBLANK(P142), ISBLANK(Q142), T142>U142), 2, R142))","=IF(K142=""Y"", 1, 0) + IF(AND(R142=1, S142=1, ISBLANK(P142), ISBLANK(Q142), T142=U142), 1, IF(AND(R142=1, S142=1, ISBLANK(P142), ISBLANK(Q142), U142>T142), 2, S142))","=IF(K142<>""Y"", 0, IF(AND(R142=1, S142=1, ISBLANK(P142), ISBLANK(Q142), T142=U142), 2, 3))"
Wednesday,6,2026-07-01,7:00pm,"Courts 10–13","Line 2 (#3 Pair A)","Nothing But Net","Rally Monkeys","","",Y,,,,,,,"=IF(L143="""",0,IF(L143>M143,1,0))+IF(N143="""",0,IF(N143>O143,1,0))+IF(P143="""",0,IF(P143>Q143,1,0))","=IF(M143="""",0,IF(M143>L143,1,0))+IF(O143="""",0,IF(O143>N143,1,0))+IF(Q143="""",0,IF(Q143>P143,1,0))","=SUM(L143,N143,P143)","=SUM(M143,O143,Q143)","=IF(K143=""Y"", 1, 0) + IF(AND(R143=1, S143=1, ISBLANK(P143), ISBLANK(Q143), T143=U143), 1, IF(AND(R143=1, S143=1, ISBLANK(P143), ISBLANK(Q143), T143>U143), 2, R143))","=IF(K143=""Y"", 1, 0) + IF(AND(R143=1, S143=1, ISBLANK(P143), ISBLANK(Q143), T143=U143), 1, IF(AND(R143=1, S143=1, ISBLANK(P143), ISBLANK(Q143), U143>T143), 2, S143))","=IF(K143<>""Y"", 0, IF(AND(R143=1, S143=1, ISBLANK(P143), ISBLANK(Q143), T143=U143), 2, 3))"
Wednesday,6,2026-07-01,7:00pm,"Courts 10–13","Line 3 (#3 Pair B)","Nothing But Net","Rally Monkeys","","",Y,,,,,,,"=IF(L144="""",0,IF(L144>M144,1,0))+IF(N144="""",0,IF(N144>O144,1,0))+IF(P144="""",0,IF(P144>Q144,1,0))","=IF(M144="""",0,IF(M144>L144,1,0))+IF(O144="""",0,IF(O144>N144,1,0))+IF(Q144="""",0,IF(Q144>P144,1,0))","=SUM(L144,N144,P144)","=SUM(M144,O144,Q144)","=IF(K144=""Y"", 1, 0) + IF(AND(R144=1, S144=1, ISBLANK(P144), ISBLANK(Q144), T144=U144), 1, IF(AND(R144=1, S144=1, ISBLANK(P144), ISBLANK(Q144), T144>U144), 2, R144))","=IF(K144=""Y"", 1, 0) + IF(AND(R144=1, S144=1, ISBLANK(P144), ISBLANK(Q144), T144=U144), 1, IF(AND(R144=1, S144=1, ISBLANK(P144), ISBLANK(Q144), U144>T144), 2, S144))","=IF(K144<>""Y"", 0, IF(AND(R144=1, S144=1, ISBLANK(P144), ISBLANK(Q144), T144=U144), 2, 3))"
Wednesday,6,2026-07-01,7:00pm,"Courts 10–13","Line 4 (#4/#5)","Nothing But Net","Rally Monkeys","","",Y,,,,,,,"=IF(L145="""",0,IF(L145>M145,1,0))+IF(N145="""",0,IF(N145>O145,1,0))+IF(P145="""",0,IF(P145>Q145,1,0))","=IF(M145="""",0,IF(M145>L145,1,0))+IF(O145="""",0,IF(O145>N145,1,0))+IF(Q145="""",0,IF(Q145>P145,1,0))","=SUM(L145,N145,P145)","=SUM(M145,O145,Q145)","=IF(K145=""Y"", 1, 0) + IF(AND(R145=1, S145=1, ISBLANK(P145), ISBLANK(Q145), T145=U145), 1, IF(AND(R145=1, S145=1, ISBLANK(P145), ISBLANK(Q145), T145>U145), 2, R145))","=IF(K145=""Y"", 1, 0) + IF(AND(R145=1, S145=1, ISBLANK(P145), ISBLANK(Q145), T145=U145), 1, IF(AND(R145=1, S145=1, ISBLANK(P145), ISBLANK(Q145), U145>T145), 2, S145))","=IF(K145<>""Y"", 0, IF(AND(R145=1, S145=1, ISBLANK(P145), ISBLANK(Q145), T145=U145), 2, 3))"
Wednesday,7,2026-07-08,5:30pm,"Courts 6–9","Line 1 (#1/#2)","Howie's Team","LAX-Winona Fusion","","",Y,,,,,,,"=IF(L146="""",0,IF(L146>M146,1,0))+IF(N146="""",0,IF(N146>O146,1,0))+IF(P146="""",0,IF(P146>Q146,1,0))","=IF(M146="""",0,IF(M146>L146,1,0))+IF(O146="""",0,IF(O146>N146,1,0))+IF(Q146="""",0,IF(Q146>P146,1,0))","=SUM(L146,N146,P146)","=SUM(M146,O146,Q146)","=IF(K146=""Y"", 1, 0) + IF(AND(R146=1, S146=1, ISBLANK(P146), ISBLANK(Q146), T146=U146), 1, IF(AND(R146=1, S146=1, ISBLANK(P146), ISBLANK(Q146), T146>U146), 2, R146))","=IF(K146=""Y"", 1, 0) + IF(AND(R146=1, S146=1, ISBLANK(P146), ISBLANK(Q146), T146=U146), 1, IF(AND(R146=1, S146=1, ISBLANK(P146), ISBLANK(Q146), U146>T146), 2, S146))","=IF(K146<>""Y"", 0, IF(AND(R146=1, S146=1, ISBLANK(P146), ISBLANK(Q146), T146=U146), 2, 3))"
Wednesday,7,2026-07-08,5:30pm,"Courts 6–9","Line 2 (#3 Pair A)","Howie's Team","LAX-Winona Fusion","","",Y,,,,,,,"=IF(L147="""",0,IF(L147>M147,1,0))+IF(N147="""",0,IF(N147>O147,1,0))+IF(P147="""",0,IF(P147>Q147,1,0))","=IF(M147="""",0,IF(M147>L147,1,0))+IF(O147="""",0,IF(O147>N147,1,0))+IF(Q147="""",0,IF(Q147>P147,1,0))","=SUM(L147,N147,P147)","=SUM(M147,O147,Q147)","=IF(K147=""Y"", 1, 0) + IF(AND(R147=1, S147=1, ISBLANK(P147), ISBLANK(Q147), T147=U147), 1, IF(AND(R147=1, S147=1, ISBLANK(P147), ISBLANK(Q147), T147>U147), 2, R147))","=IF(K147=""Y"", 1, 0) + IF(AND(R147=1, S147=1, ISBLANK(P147), ISBLANK(Q147), T147=U147), 1, IF(AND(R147=1, S147=1, ISBLANK(P147), ISBLANK(Q147), U147>T147), 2, S147))","=IF(K147<>""Y"", 0, IF(AND(R147=1, S147=1, ISBLANK(P147), ISBLANK(Q147), T147=U147), 2, 3))"
Wednesday,7,2026-07-08,5:30pm,"Courts 6–9","Line 3 (#3 Pair B)","Howie's Team","LAX-Winona Fusion","","",Y,,,,,,,"=IF(L148="""",0,IF(L148>M148,1,0))+IF(N148="""",0,IF(N148>O148,1,0))+IF(P148="""",0,IF(P148>Q148,1,0))","=IF(M148="""",0,IF(M148>L148,1,0))+IF(O148="""",0,IF(O148>N148,1,0))+IF(Q148="""",0,IF(Q148>P148,1,0))","=SUM(L148,N148,P148)","=SUM(M148,O148,Q148)","=IF(K148=""Y"", 1, 0) + IF(AND(R148=1, S148=1, ISBLANK(P148), ISBLANK(Q148), T148=U148), 1, IF(AND(R148=1, S148=1, ISBLANK(P148), ISBLANK(Q148), T148>U148), 2, R148))","=IF(K148=""Y"", 1, 0) + IF(AND(R148=1, S148=1, ISBLANK(P148), ISBLANK(Q148), T148=U148), 1, IF(AND(R148=1, S148=1, ISBLANK(P148), ISBLANK(Q148), U148>T148), 2, S148))","=IF(K148<>""Y"", 0, IF(AND(R148=1, S148=1, ISBLANK(P148), ISBLANK(Q148), T148=U148), 2, 3))"
Wednesday,7,2026-07-08,5:30pm,"Courts 6–9","Line 4 (#4/#5)","Howie's Team","LAX-Winona Fusion","","",Y,,,,,,,"=IF(L149="""",0,IF(L149>M149,1,0))+IF(N149="""",0,IF(N149>O149,1,0))+IF(P149="""",0,IF(P149>Q149,1,0))","=IF(M149="""",0,IF(M149>L149,1,0))+IF(O149="""",0,IF(O149>N149,1,0))+IF(Q149="""",0,IF(Q149>P149,1,0))","=SUM(L149,N149,P149)","=SUM(M149,O149,Q149)","=IF(K149=""Y"", 1, 0) + IF(AND(R149=1, S149=1, ISBLANK(P149), ISBLANK(Q149), T149=U149), 1, IF(AND(R149=1, S149=1, ISBLANK(P149), ISBLANK(Q149), T149>U149), 2, R149))","=IF(K149=""Y"", 1, 0) + IF(AND(R149=1, S149=1, ISBLANK(P149), ISBLANK(Q149), T149=U149), 1, IF(AND(R149=1, S149=1, ISBLANK(P149), ISBLANK(Q149), U149>T149), 2, S149))","=IF(K149<>""Y"", 0, IF(AND(R149=1, S149=1, ISBLANK(P149), ISBLANK(Q149), T149=U149), 2, 3))"
Wednesday,7,2026-07-08,5:30pm,"Courts 10–13","Line 1 (#1/#2)","Serve Aces","Glory Days","","",Y,,,,,,,"=IF(L150="""",0,IF(L150>M150,1,0))+IF(N150="""",0,IF(N150>O150,1,0))+IF(P150="""",0,IF(P150>Q150,1,0))","=IF(M150="""",0,IF(M150>L150,1,0))+IF(O150="""",0,IF(O150>N150,1,0))+IF(Q150="""",0,IF(Q150>P150,1,0))","=SUM(L150,N150,P150)","=SUM(M150,O150,Q150)","=IF(K150=""Y"", 1, 0) + IF(AND(R150=1, S150=1, ISBLANK(P150), ISBLANK(Q150), T150=U150), 1, IF(AND(R150=1, S150=1, ISBLANK(P150), ISBLANK(Q150), T150>U150), 2, R150))","=IF(K150=""Y"", 1, 0) + IF(AND(R150=1, S150=1, ISBLANK(P150), ISBLANK(Q150), T150=U150), 1, IF(AND(R150=1, S150=1, ISBLANK(P150), ISBLANK(Q150), U150>T150), 2, S150))","=IF(K150<>""Y"", 0, IF(AND(R150=1, S150=1, ISBLANK(P150), ISBLANK(Q150), T150=U150), 2, 3))"
Wednesday,7,2026-07-08,5:30pm,"Courts 10–13","Line 2 (#3 Pair A)","Serve Aces","Glory Days","","",Y,,,,,,,"=IF(L151="""",0,IF(L151>M151,1,0))+IF(N151="""",0,IF(N151>O151,1,0))+IF(P151="""",0,IF(P151>Q151,1,0))","=IF(M151="""",0,IF(M151>L151,1,0))+IF(O151="""",0,IF(O151>N151,1,0))+IF(Q151="""",0,IF(Q151>P151,1,0))","=SUM(L151,N151,P151)","=SUM(M151,O151,Q151)","=IF(K151=""Y"", 1, 0) + IF(AND(R151=1, S151=1, ISBLANK(P151), ISBLANK(Q151), T151=U151), 1, IF(AND(R151=1, S151=1, ISBLANK(P151), ISBLANK(Q151), T151>U151), 2, R151))","=IF(K151=""Y"", 1, 0) + IF(AND(R151=1, S151=1, ISBLANK(P151), ISBLANK(Q151), T151=U151), 1, IF(AND(R151=1, S151=1, ISBLANK(P151), ISBLANK(Q151), U151>T151), 2, S151))","=IF(K151<>""Y"", 0, IF(AND(R151=1, S151=1, ISBLANK(P151), ISBLANK(Q151), T151=U151), 2, 3))"
Wednesday,7,2026-07-08,5:30pm,"Courts 10–13","Line 3 (#3 Pair B)","Serve Aces","Glory Days","","",Y,,,,,,,"=IF(L152="""",0,IF(L152>M152,1,0))+IF(N152="""",0,IF(N152>O152,1,0))+IF(P152="""",0,IF(P152>Q152,1,0))","=IF(M152="""",0,IF(M152>L152,1,0))+IF(O152="""",0,IF(O152>N152,1,0))+IF(Q152="""",0,IF(Q152>P152,1,0))","=SUM(L152,N152,P152)","=SUM(M152,O152,Q152)","=IF(K152=""Y"", 1, 0) + IF(AND(R152=1, S152=1, ISBLANK(P152), ISBLANK(Q152), T152=U152), 1, IF(AND(R152=1, S152=1, ISBLANK(P152), ISBLANK(Q152), T152>U152), 2, R152))","=IF(K152=""Y"", 1, 0) + IF(AND(R152=1, S152=1, ISBLANK(P152), ISBLANK(Q152), T152=U152), 1, IF(AND(R152=1, S152=1, ISBLANK(P152), ISBLANK(Q152), U152>T152), 2, S152))","=IF(K152<>""Y"", 0, IF(AND(R152=1, S152=1, ISBLANK(P152), ISBLANK(Q152), T152=U152), 2, 3))"
Wednesday,7,2026-07-08,5:30pm,"Courts 10–13","Line 4 (#4/#5)","Serve Aces","Glory Days","","",Y,,,,,,,"=IF(L153="""",0,IF(L153>M153,1,0))+IF(N153="""",0,IF(N153>O153,1,0))+IF(P153="""",0,IF(P153>Q153,1,0))","=IF(M153="""",0,IF(M153>L153,1,0))+IF(O153="""",0,IF(O153>N153,1,0))+IF(Q153="""",0,IF(Q153>P153,1,0))","=SUM(L153,N153,P153)","=SUM(M153,O153,Q153)","=IF(K153=""Y"", 1, 0) + IF(AND(R153=1, S153=1, ISBLANK(P153), ISBLANK(Q153), T153=U153), 1, IF(AND(R153=1, S153=1, ISBLANK(P153), ISBLANK(Q153), T153>U153), 2, R153))","=IF(K153=""Y"", 1, 0) + IF(AND(R153=1, S153=1, ISBLANK(P153), ISBLANK(Q153), T153=U153), 1, IF(AND(R153=1, S153=1, ISBLANK(P153), ISBLANK(Q153), U153>T153), 2, S153))","=IF(K153<>""Y"", 0, IF(AND(R153=1, S153=1, ISBLANK(P153), ISBLANK(Q153), T153=U153), 2, 3))"
Wednesday,7,2026-07-08,7:00pm,"Courts 10–13","Line 1 (#1/#2)","Not My Fault","Hot Shots","","",Y,,,,,,,"=IF(L154="""",0,IF(L154>M154,1,0))+IF(N154="""",0,IF(N154>O154,1,0))+IF(P154="""",0,IF(P154>Q154,1,0))","=IF(M154="""",0,IF(M154>L154,1,0))+IF(O154="""",0,IF(O154>N154,1,0))+IF(Q154="""",0,IF(Q154>P154,1,0))","=SUM(L154,N154,P154)","=SUM(M154,O154,Q154)","=IF(K154=""Y"", 1, 0) + IF(AND(R154=1, S154=1, ISBLANK(P154), ISBLANK(Q154), T154=U154), 1, IF(AND(R154=1, S154=1, ISBLANK(P154), ISBLANK(Q154), T154>U154), 2, R154))","=IF(K154=""Y"", 1, 0) + IF(AND(R154=1, S154=1, ISBLANK(P154), ISBLANK(Q154), T154=U154), 1, IF(AND(R154=1, S154=1, ISBLANK(P154), ISBLANK(Q154), U154>T154), 2, S154))","=IF(K154<>""Y"", 0, IF(AND(R154=1, S154=1, ISBLANK(P154), ISBLANK(Q154), T154=U154), 2, 3))"
Wednesday,7,2026-07-08,7:00pm,"Courts 10–13","Line 2 (#3 Pair A)","Not My Fault","Hot Shots","","",Y,,,,,,,"=IF(L155="""",0,IF(L155>M155,1,0))+IF(N155="""",0,IF(N155>O155,1,0))+IF(P155="""",0,IF(P155>Q155,1,0))","=IF(M155="""",0,IF(M155>L155,1,0))+IF(O155="""",0,IF(O155>N155,1,0))+IF(Q155="""",0,IF(Q155>P155,1,0))","=SUM(L155,N155,P155)","=SUM(M155,O155,Q155)","=IF(K155=""Y"", 1, 0) + IF(AND(R155=1, S155=1, ISBLANK(P155), ISBLANK(Q155), T155=U155), 1, IF(AND(R155=1, S155=1, ISBLANK(P155), ISBLANK(Q155), T155>U155), 2, R155))","=IF(K155=""Y"", 1, 0) + IF(AND(R155=1, S155=1, ISBLANK(P155), ISBLANK(Q155), T155=U155), 1, IF(AND(R155=1, S155=1, ISBLANK(P155), ISBLANK(Q155), U155>T155), 2, S155))","=IF(K155<>""Y"", 0, IF(AND(R155=1, S155=1, ISBLANK(P155), ISBLANK(Q155), T155=U155), 2, 3))"
Wednesday,7,2026-07-08,7:00pm,"Courts 10–13","Line 3 (#3 Pair B)","Not My Fault","Hot Shots","","",Y,,,,,,,"=IF(L156="""",0,IF(L156>M156,1,0))+IF(N156="""",0,IF(N156>O156,1,0))+IF(P156="""",0,IF(P156>Q156,1,0))","=IF(M156="""",0,IF(M156>L156,1,0))+IF(O156="""",0,IF(O156>N156,1,0))+IF(Q156="""",0,IF(Q156>P156,1,0))","=SUM(L156,N156,P156)","=SUM(M156,O156,Q156)","=IF(K156=""Y"", 1, 0) + IF(AND(R156=1, S156=1, ISBLANK(P156), ISBLANK(Q156), T156=U156), 1, IF(AND(R156=1, S156=1, ISBLANK(P156), ISBLANK(Q156), T156>U156), 2, R156))","=IF(K156=""Y"", 1, 0) + IF(AND(R156=1, S156=1, ISBLANK(P156), ISBLANK(Q156), T156=U156), 1, IF(AND(R156=1, S156=1, ISBLANK(P156), ISBLANK(Q156), U156>T156), 2, S156))","=IF(K156<>""Y"", 0, IF(AND(R156=1, S156=1, ISBLANK(P156), ISBLANK(Q156), T156=U156), 2, 3))"
Wednesday,7,2026-07-08,7:00pm,"Courts 10–13","Line 4 (#4/#5)","Not My Fault","Hot Shots","","",Y,,,,,,,"=IF(L157="""",0,IF(L157>M157,1,0))+IF(N157="""",0,IF(N157>O157,1,0))+IF(P157="""",0,IF(P157>Q157,1,0))","=IF(M157="""",0,IF(M157>L157,1,0))+IF(O157="""",0,IF(O157>N157,1,0))+IF(Q157="""",0,IF(Q157>P157,1,0))","=SUM(L157,N157,P157)","=SUM(M157,O157,Q157)","=IF(K157=""Y"", 1, 0) + IF(AND(R157=1, S157=1, ISBLANK(P157), ISBLANK(Q157), T157=U157), 1, IF(AND(R157=1, S157=1, ISBLANK(P157), ISBLANK(Q157), T157>U157), 2, R157))","=IF(K157=""Y"", 1, 0) + IF(AND(R157=1, S157=1, ISBLANK(P157), ISBLANK(Q157), T157=U157), 1, IF(AND(R157=1, S157=1, ISBLANK(P157), ISBLANK(Q157), U157>T157), 2, S157))","=IF(K157<>""Y"", 0, IF(AND(R157=1, S157=1, ISBLANK(P157), ISBLANK(Q157), T157=U157), 2, 3))"
Wednesday,7,2026-07-08,7:00pm,"Courts 1–5","Line 1 (#1/#2)","Baseliners","Hit Squad","","",Y,,,,,,,"=IF(L158="""",0,IF(L158>M158,1,0))+IF(N158="""",0,IF(N158>O158,1,0))+IF(P158="""",0,IF(P158>Q158,1,0))","=IF(M158="""",0,IF(M158>L158,1,0))+IF(O158="""",0,IF(O158>N158,1,0))+IF(Q158="""",0,IF(Q158>P158,1,0))","=SUM(L158,N158,P158)","=SUM(M158,O158,Q158)","=IF(K158=""Y"", 1, 0) + IF(AND(R158=1, S158=1, ISBLANK(P158), ISBLANK(Q158), T158=U158), 1, IF(AND(R158=1, S158=1, ISBLANK(P158), ISBLANK(Q158), T158>U158), 2, R158))","=IF(K158=""Y"", 1, 0) + IF(AND(R158=1, S158=1, ISBLANK(P158), ISBLANK(Q158), T158=U158), 1, IF(AND(R158=1, S158=1, ISBLANK(P158), ISBLANK(Q158), U158>T158), 2, S158))","=IF(K158<>""Y"", 0, IF(AND(R158=1, S158=1, ISBLANK(P158), ISBLANK(Q158), T158=U158), 2, 3))"
Wednesday,7,2026-07-08,7:00pm,"Courts 1–5","Line 2 (#3 Pair A)","Baseliners","Hit Squad","","",Y,,,,,,,"=IF(L159="""",0,IF(L159>M159,1,0))+IF(N159="""",0,IF(N159>O159,1,0))+IF(P159="""",0,IF(P159>Q159,1,0))","=IF(M159="""",0,IF(M159>L159,1,0))+IF(O159="""",0,IF(O159>N159,1,0))+IF(Q159="""",0,IF(Q159>P159,1,0))","=SUM(L159,N159,P159)","=SUM(M159,O159,Q159)","=IF(K159=""Y"", 1, 0) + IF(AND(R159=1, S159=1, ISBLANK(P159), ISBLANK(Q159), T159=U159), 1, IF(AND(R159=1, S159=1, ISBLANK(P159), ISBLANK(Q159), T159>U159), 2, R159))","=IF(K159=""Y"", 1, 0) + IF(AND(R159=1, S159=1, ISBLANK(P159), ISBLANK(Q159), T159=U159), 1, IF(AND(R159=1, S159=1, ISBLANK(P159), ISBLANK(Q159), U159>T159), 2, S159))","=IF(K159<>""Y"", 0, IF(AND(R159=1, S159=1, ISBLANK(P159), ISBLANK(Q159), T159=U159), 2, 3))"
Wednesday,7,2026-07-08,7:00pm,"Courts 1–5","Line 3 (#3 Pair B)","Baseliners","Hit Squad","","",Y,,,,,,,"=IF(L160="""",0,IF(L160>M160,1,0))+IF(N160="""",0,IF(N160>O160,1,0))+IF(P160="""",0,IF(P160>Q160,1,0))","=IF(M160="""",0,IF(M160>L160,1,0))+IF(O160="""",0,IF(O160>N160,1,0))+IF(Q160="""",0,IF(Q160>P160,1,0))","=SUM(L160,N160,P160)","=SUM(M160,O160,Q160)","=IF(K160=""Y"", 1, 0) + IF(AND(R160=1, S160=1, ISBLANK(P160), ISBLANK(Q160), T160=U160), 1, IF(AND(R160=1, S160=1, ISBLANK(P160), ISBLANK(Q160), T160>U160), 2, R160))","=IF(K160=""Y"", 1, 0) + IF(AND(R160=1, S160=1, ISBLANK(P160), ISBLANK(Q160), T160=U160), 1, IF(AND(R160=1, S160=1, ISBLANK(P160), ISBLANK(Q160), U160>T160), 2, S160))","=IF(K160<>""Y"", 0, IF(AND(R160=1, S160=1, ISBLANK(P160), ISBLANK(Q160), T160=U160), 2, 3))"
Wednesday,7,2026-07-08,7:00pm,"Courts 1–5","Line 4 (#4/#5)","Baseliners","Hit Squad","","",Y,,,,,,,"=IF(L161="""",0,IF(L161>M161,1,0))+IF(N161="""",0,IF(N161>O161,1,0))+IF(P161="""",0,IF(P161>Q161,1,0))","=IF(M161="""",0,IF(M161>L161,1,0))+IF(O161="""",0,IF(O161>N161,1,0))+IF(Q161="""",0,IF(Q161>P161,1,0))","=SUM(L161,N161,P161)","=SUM(M161,O161,Q161)","=IF(K161=""Y"", 1, 0) + IF(AND(R161=1, S161=1, ISBLANK(P161), ISBLANK(Q161), T161=U161), 1, IF(AND(R161=1, S161=1, ISBLANK(P161), ISBLANK(Q161), T161>U161), 2, R161))","=IF(K161=""Y"", 1, 0) + IF(AND(R161=1, S161=1, ISBLANK(P161), ISBLANK(Q161), T161=U161), 1, IF(AND(R161=1, S161=1, ISBLANK(P161), ISBLANK(Q161), U161>T161), 2, S161))","=IF(K161<>""Y"", 0, IF(AND(R161=1, S161=1, ISBLANK(P161), ISBLANK(Q161), T161=U161), 2, 3))"
Wednesday,7,2026-07-08,5:30pm,"Courts 1–5","Line 1 (#1/#2)","Backhand Bandits","Rally Monkeys","","",Y,,,,,,,"=IF(L162="""",0,IF(L162>M162,1,0))+IF(N162="""",0,IF(N162>O162,1,0))+IF(P162="""",0,IF(P162>Q162,1,0))","=IF(M162="""",0,IF(M162>L162,1,0))+IF(O162="""",0,IF(O162>N162,1,0))+IF(Q162="""",0,IF(Q162>P162,1,0))","=SUM(L162,N162,P162)","=SUM(M162,O162,Q162)","=IF(K162=""Y"", 1, 0) + IF(AND(R162=1, S162=1, ISBLANK(P162), ISBLANK(Q162), T162=U162), 1, IF(AND(R162=1, S162=1, ISBLANK(P162), ISBLANK(Q162), T162>U162), 2, R162))","=IF(K162=""Y"", 1, 0) + IF(AND(R162=1, S162=1, ISBLANK(P162), ISBLANK(Q162), T162=U162), 1, IF(AND(R162=1, S162=1, ISBLANK(P162), ISBLANK(Q162), U162>T162), 2, S162))","=IF(K162<>""Y"", 0, IF(AND(R162=1, S162=1, ISBLANK(P162), ISBLANK(Q162), T162=U162), 2, 3))"
Wednesday,7,2026-07-08,5:30pm,"Courts 1–5","Line 2 (#3 Pair A)","Backhand Bandits","Rally Monkeys","","",Y,,,,,,,"=IF(L163="""",0,IF(L163>M163,1,0))+IF(N163="""",0,IF(N163>O163,1,0))+IF(P163="""",0,IF(P163>Q163,1,0))","=IF(M163="""",0,IF(M163>L163,1,0))+IF(O163="""",0,IF(O163>N163,1,0))+IF(Q163="""",0,IF(Q163>P163,1,0))","=SUM(L163,N163,P163)","=SUM(M163,O163,Q163)","=IF(K163=""Y"", 1, 0) + IF(AND(R163=1, S163=1, ISBLANK(P163), ISBLANK(Q163), T163=U163), 1, IF(AND(R163=1, S163=1, ISBLANK(P163), ISBLANK(Q163), T163>U163), 2, R163))","=IF(K163=""Y"", 1, 0) + IF(AND(R163=1, S163=1, ISBLANK(P163), ISBLANK(Q163), T163=U163), 1, IF(AND(R163=1, S163=1, ISBLANK(P163), ISBLANK(Q163), U163>T163), 2, S163))","=IF(K163<>""Y"", 0, IF(AND(R163=1, S163=1, ISBLANK(P163), ISBLANK(Q163), T163=U163), 2, 3))"
Wednesday,7,2026-07-08,5:30pm,"Courts 1–5","Line 3 (#3 Pair B)","Backhand Bandits","Rally Monkeys","","",Y,,,,,,,"=IF(L164="""",0,IF(L164>M164,1,0))+IF(N164="""",0,IF(N164>O164,1,0))+IF(P164="""",0,IF(P164>Q164,1,0))","=IF(M164="""",0,IF(M164>L164,1,0))+IF(O164="""",0,IF(O164>N164,1,0))+IF(Q164="""",0,IF(Q164>P164,1,0))","=SUM(L164,N164,P164)","=SUM(M164,O164,Q164)","=IF(K164=""Y"", 1, 0) + IF(AND(R164=1, S164=1, ISBLANK(P164), ISBLANK(Q164), T164=U164), 1, IF(AND(R164=1, S164=1, ISBLANK(P164), ISBLANK(Q164), T164>U164), 2, R164))","=IF(K164=""Y"", 1, 0) + IF(AND(R164=1, S164=1, ISBLANK(P164), ISBLANK(Q164), T164=U164), 1, IF(AND(R164=1, S164=1, ISBLANK(P164), ISBLANK(Q164), U164>T164), 2, S164))","=IF(K164<>""Y"", 0, IF(AND(R164=1, S164=1, ISBLANK(P164), ISBLANK(Q164), T164=U164), 2, 3))"
Wednesday,7,2026-07-08,5:30pm,"Courts 1–5","Line 4 (#4/#5)","Backhand Bandits","Rally Monkeys","","",Y,,,,,,,"=IF(L165="""",0,IF(L165>M165,1,0))+IF(N165="""",0,IF(N165>O165,1,0))+IF(P165="""",0,IF(P165>Q165,1,0))","=IF(M165="""",0,IF(M165>L165,1,0))+IF(O165="""",0,IF(O165>N165,1,0))+IF(Q165="""",0,IF(Q165>P165,1,0))","=SUM(L165,N165,P165)","=SUM(M165,O165,Q165)","=IF(K165=""Y"", 1, 0) + IF(AND(R165=1, S165=1, ISBLANK(P165), ISBLANK(Q165), T165=U165), 1, IF(AND(R165=1, S165=1, ISBLANK(P165), ISBLANK(Q165), T165>U165), 2, R165))","=IF(K165=""Y"", 1, 0) + IF(AND(R165=1, S165=1, ISBLANK(P165), ISBLANK(Q165), T165=U165), 1, IF(AND(R165=1, S165=1, ISBLANK(P165), ISBLANK(Q165), U165>T165), 2, S165))","=IF(K165<>""Y"", 0, IF(AND(R165=1, S165=1, ISBLANK(P165), ISBLANK(Q165), T165=U165), 2, 3))"
Wednesday,7,2026-07-08,7:00pm,"Courts 6–9","Line 1 (#1/#2)","Simply Smashing","Nothing But Net","","",Y,,,,,,,"=IF(L166="""",0,IF(L166>M166,1,0))+IF(N166="""",0,IF(N166>O166,1,0))+IF(P166="""",0,IF(P166>Q166,1,0))","=IF(M166="""",0,IF(M166>L166,1,0))+IF(O166="""",0,IF(O166>N166,1,0))+IF(Q166="""",0,IF(Q166>P166,1,0))","=SUM(L166,N166,P166)","=SUM(M166,O166,Q166)","=IF(K166=""Y"", 1, 0) + IF(AND(R166=1, S166=1, ISBLANK(P166), ISBLANK(Q166), T166=U166), 1, IF(AND(R166=1, S166=1, ISBLANK(P166), ISBLANK(Q166), T166>U166), 2, R166))","=IF(K166=""Y"", 1, 0) + IF(AND(R166=1, S166=1, ISBLANK(P166), ISBLANK(Q166), T166=U166), 1, IF(AND(R166=1, S166=1, ISBLANK(P166), ISBLANK(Q166), U166>T166), 2, S166))","=IF(K166<>""Y"", 0, IF(AND(R166=1, S166=1, ISBLANK(P166), ISBLANK(Q166), T166=U166), 2, 3))"
Wednesday,7,2026-07-08,7:00pm,"Courts 6–9","Line 2 (#3 Pair A)","Simply Smashing","Nothing But Net","","",Y,,,,,,,"=IF(L167="""",0,IF(L167>M167,1,0))+IF(N167="""",0,IF(N167>O167,1,0))+IF(P167="""",0,IF(P167>Q167,1,0))","=IF(M167="""",0,IF(M167>L167,1,0))+IF(O167="""",0,IF(O167>N167,1,0))+IF(Q167="""",0,IF(Q167>P167,1,0))","=SUM(L167,N167,P167)","=SUM(M167,O167,Q167)","=IF(K167=""Y"", 1, 0) + IF(AND(R167=1, S167=1, ISBLANK(P167), ISBLANK(Q167), T167=U167), 1, IF(AND(R167=1, S167=1, ISBLANK(P167), ISBLANK(Q167), T167>U167), 2, R167))","=IF(K167=""Y"", 1, 0) + IF(AND(R167=1, S167=1, ISBLANK(P167), ISBLANK(Q167), T167=U167), 1, IF(AND(R167=1, S167=1, ISBLANK(P167), ISBLANK(Q167), U167>T167), 2, S167))","=IF(K167<>""Y"", 0, IF(AND(R167=1, S167=1, ISBLANK(P167), ISBLANK(Q167), T167=U167), 2, 3))"
Wednesday,7,2026-07-08,7:00pm,"Courts 6–9","Line 3 (#3 Pair B)","Simply Smashing","Nothing But Net","","",Y,,,,,,,"=IF(L168="""",0,IF(L168>M168,1,0))+IF(N168="""",0,IF(N168>O168,1,0))+IF(P168="""",0,IF(P168>Q168,1,0))","=IF(M168="""",0,IF(M168>L168,1,0))+IF(O168="""",0,IF(O168>N168,1,0))+IF(Q168="""",0,IF(Q168>P168,1,0))","=SUM(L168,N168,P168)","=SUM(M168,O168,Q168)","=IF(K168=""Y"", 1, 0) + IF(AND(R168=1, S168=1, ISBLANK(P168), ISBLANK(Q168), T168=U168), 1, IF(AND(R168=1, S168=1, ISBLANK(P168), ISBLANK(Q168), T168>U168), 2, R168))","=IF(K168=""Y"", 1, 0) + IF(AND(R168=1, S168=1, ISBLANK(P168), ISBLANK(Q168), T168=U168), 1, IF(AND(R168=1, S168=1, ISBLANK(P168), ISBLANK(Q168), U168>T168), 2, S168))","=IF(K168<>""Y"", 0, IF(AND(R168=1, S168=1, ISBLANK(P168), ISBLANK(Q168), T168=U168), 2, 3))"
Wednesday,7,2026-07-08,7:00pm,"Courts 6–9","Line 4 (#4/#5)","Simply Smashing","Nothing But Net","","",Y,,,,,,,"=IF(L169="""",0,IF(L169>M169,1,0))+IF(N169="""",0,IF(N169>O169,1,0))+IF(P169="""",0,IF(P169>Q169,1,0))","=IF(M169="""",0,IF(M169>L169,1,0))+IF(O169="""",0,IF(O169>N169,1,0))+IF(Q169="""",0,IF(Q169>P169,1,0))","=SUM(L169,N169,P169)","=SUM(M169,O169,Q169)","=IF(K169=""Y"", 1, 0) + IF(AND(R169=1, S169=1, ISBLANK(P169), ISBLANK(Q169), T169=U169), 1, IF(AND(R169=1, S169=1, ISBLANK(P169), ISBLANK(Q169), T169>U169), 2, R169))","=IF(K169=""Y"", 1, 0) + IF(AND(R169=1, S169=1, ISBLANK(P169), ISBLANK(Q169), T169=U169), 1, IF(AND(R169=1, S169=1, ISBLANK(P169), ISBLANK(Q169), U169>T169), 2, S169))","=IF(K169<>""Y"", 0, IF(AND(R169=1, S169=1, ISBLANK(P169), ISBLANK(Q169), T169=U169), 2, 3))"
Wednesday,8,2026-07-15,7:00pm,"Courts 10–13","Line 1 (#1/#2)","Glory Days","LAX-Winona Fusion","","",Y,,,,,,,"=IF(L170="""",0,IF(L170>M170,1,0))+IF(N170="""",0,IF(N170>O170,1,0))+IF(P170="""",0,IF(P170>Q170,1,0))","=IF(M170="""",0,IF(M170>L170,1,0))+IF(O170="""",0,IF(O170>N170,1,0))+IF(Q170="""",0,IF(Q170>P170,1,0))","=SUM(L170,N170,P170)","=SUM(M170,O170,Q170)","=IF(K170=""Y"", 1, 0) + IF(AND(R170=1, S170=1, ISBLANK(P170), ISBLANK(Q170), T170=U170), 1, IF(AND(R170=1, S170=1, ISBLANK(P170), ISBLANK(Q170), T170>U170), 2, R170))","=IF(K170=""Y"", 1, 0) + IF(AND(R170=1, S170=1, ISBLANK(P170), ISBLANK(Q170), T170=U170), 1, IF(AND(R170=1, S170=1, ISBLANK(P170), ISBLANK(Q170), U170>T170), 2, S170))","=IF(K170<>""Y"", 0, IF(AND(R170=1, S170=1, ISBLANK(P170), ISBLANK(Q170), T170=U170), 2, 3))"
Wednesday,8,2026-07-15,7:00pm,"Courts 10–13","Line 2 (#3 Pair A)","Glory Days","LAX-Winona Fusion","","",Y,,,,,,,"=IF(L171="""",0,IF(L171>M171,1,0))+IF(N171="""",0,IF(N171>O171,1,0))+IF(P171="""",0,IF(P171>Q171,1,0))","=IF(M171="""",0,IF(M171>L171,1,0))+IF(O171="""",0,IF(O171>N171,1,0))+IF(Q171="""",0,IF(Q171>P171,1,0))","=SUM(L171,N171,P171)","=SUM(M171,O171,Q171)","=IF(K171=""Y"", 1, 0) + IF(AND(R171=1, S171=1, ISBLANK(P171), ISBLANK(Q171), T171=U171), 1, IF(AND(R171=1, S171=1, ISBLANK(P171), ISBLANK(Q171), T171>U171), 2, R171))","=IF(K171=""Y"", 1, 0) + IF(AND(R171=1, S171=1, ISBLANK(P171), ISBLANK(Q171), T171=U171), 1, IF(AND(R171=1, S171=1, ISBLANK(P171), ISBLANK(Q171), U171>T171), 2, S171))","=IF(K171<>""Y"", 0, IF(AND(R171=1, S171=1, ISBLANK(P171), ISBLANK(Q171), T171=U171), 2, 3))"
Wednesday,8,2026-07-15,7:00pm,"Courts 10–13","Line 3 (#3 Pair B)","Glory Days","LAX-Winona Fusion","","",Y,,,,,,,"=IF(L172="""",0,IF(L172>M172,1,0))+IF(N172="""",0,IF(N172>O172,1,0))+IF(P172="""",0,IF(P172>Q172,1,0))","=IF(M172="""",0,IF(M172>L172,1,0))+IF(O172="""",0,IF(O172>N172,1,0))+IF(Q172="""",0,IF(Q172>P172,1,0))","=SUM(L172,N172,P172)","=SUM(M172,O172,Q172)","=IF(K172=""Y"", 1, 0) + IF(AND(R172=1, S172=1, ISBLANK(P172), ISBLANK(Q172), T172=U172), 1, IF(AND(R172=1, S172=1, ISBLANK(P172), ISBLANK(Q172), T172>U172), 2, R172))","=IF(K172=""Y"", 1, 0) + IF(AND(R172=1, S172=1, ISBLANK(P172), ISBLANK(Q172), T172=U172), 1, IF(AND(R172=1, S172=1, ISBLANK(P172), ISBLANK(Q172), U172>T172), 2, S172))","=IF(K172<>""Y"", 0, IF(AND(R172=1, S172=1, ISBLANK(P172), ISBLANK(Q172), T172=U172), 2, 3))"
Wednesday,8,2026-07-15,7:00pm,"Courts 10–13","Line 4 (#4/#5)","Glory Days","LAX-Winona Fusion","","",Y,,,,,,,"=IF(L173="""",0,IF(L173>M173,1,0))+IF(N173="""",0,IF(N173>O173,1,0))+IF(P173="""",0,IF(P173>Q173,1,0))","=IF(M173="""",0,IF(M173>L173,1,0))+IF(O173="""",0,IF(O173>N173,1,0))+IF(Q173="""",0,IF(Q173>P173,1,0))","=SUM(L173,N173,P173)","=SUM(M173,O173,Q173)","=IF(K173=""Y"", 1, 0) + IF(AND(R173=1, S173=1, ISBLANK(P173), ISBLANK(Q173), T173=U173), 1, IF(AND(R173=1, S173=1, ISBLANK(P173), ISBLANK(Q173), T173>U173), 2, R173))","=IF(K173=""Y"", 1, 0) + IF(AND(R173=1, S173=1, ISBLANK(P173), ISBLANK(Q173), T173=U173), 1, IF(AND(R173=1, S173=1, ISBLANK(P173), ISBLANK(Q173), U173>T173), 2, S173))","=IF(K173<>""Y"", 0, IF(AND(R173=1, S173=1, ISBLANK(P173), ISBLANK(Q173), T173=U173), 2, 3))"
Wednesday,8,2026-07-15,5:30pm,"Courts 6–9","Line 1 (#1/#2)","Howie's Team","Hot Shots","","",Y,,,,,,,"=IF(L174="""",0,IF(L174>M174,1,0))+IF(N174="""",0,IF(N174>O174,1,0))+IF(P174="""",0,IF(P174>Q174,1,0))","=IF(M174="""",0,IF(M174>L174,1,0))+IF(O174="""",0,IF(O174>N174,1,0))+IF(Q174="""",0,IF(Q174>P174,1,0))","=SUM(L174,N174,P174)","=SUM(M174,O174,Q174)","=IF(K174=""Y"", 1, 0) + IF(AND(R174=1, S174=1, ISBLANK(P174), ISBLANK(Q174), T174=U174), 1, IF(AND(R174=1, S174=1, ISBLANK(P174), ISBLANK(Q174), T174>U174), 2, R174))","=IF(K174=""Y"", 1, 0) + IF(AND(R174=1, S174=1, ISBLANK(P174), ISBLANK(Q174), T174=U174), 1, IF(AND(R174=1, S174=1, ISBLANK(P174), ISBLANK(Q174), U174>T174), 2, S174))","=IF(K174<>""Y"", 0, IF(AND(R174=1, S174=1, ISBLANK(P174), ISBLANK(Q174), T174=U174), 2, 3))"
Wednesday,8,2026-07-15,5:30pm,"Courts 6–9","Line 2 (#3 Pair A)","Howie's Team","Hot Shots","","",Y,,,,,,,"=IF(L175="""",0,IF(L175>M175,1,0))+IF(N175="""",0,IF(N175>O175,1,0))+IF(P175="""",0,IF(P175>Q175,1,0))","=IF(M175="""",0,IF(M175>L175,1,0))+IF(O175="""",0,IF(O175>N175,1,0))+IF(Q175="""",0,IF(Q175>P175,1,0))","=SUM(L175,N175,P175)","=SUM(M175,O175,Q175)","=IF(K175=""Y"", 1, 0) + IF(AND(R175=1, S175=1, ISBLANK(P175), ISBLANK(Q175), T175=U175), 1, IF(AND(R175=1, S175=1, ISBLANK(P175), ISBLANK(Q175), T175>U175), 2, R175))","=IF(K175=""Y"", 1, 0) + IF(AND(R175=1, S175=1, ISBLANK(P175), ISBLANK(Q175), T175=U175), 1, IF(AND(R175=1, S175=1, ISBLANK(P175), ISBLANK(Q175), U175>T175), 2, S175))","=IF(K175<>""Y"", 0, IF(AND(R175=1, S175=1, ISBLANK(P175), ISBLANK(Q175), T175=U175), 2, 3))"
Wednesday,8,2026-07-15,5:30pm,"Courts 6–9","Line 3 (#3 Pair B)","Howie's Team","Hot Shots","","",Y,,,,,,,"=IF(L176="""",0,IF(L176>M176,1,0))+IF(N176="""",0,IF(N176>O176,1,0))+IF(P176="""",0,IF(P176>Q176,1,0))","=IF(M176="""",0,IF(M176>L176,1,0))+IF(O176="""",0,IF(O176>N176,1,0))+IF(Q176="""",0,IF(Q176>P176,1,0))","=SUM(L176,N176,P176)","=SUM(M176,O176,Q176)","=IF(K176=""Y"", 1, 0) + IF(AND(R176=1, S176=1, ISBLANK(P176), ISBLANK(Q176), T176=U176), 1, IF(AND(R176=1, S176=1, ISBLANK(P176), ISBLANK(Q176), T176>U176), 2, R176))","=IF(K176=""Y"", 1, 0) + IF(AND(R176=1, S176=1, ISBLANK(P176), ISBLANK(Q176), T176=U176), 1, IF(AND(R176=1, S176=1, ISBLANK(P176), ISBLANK(Q176), U176>T176), 2, S176))","=IF(K176<>""Y"", 0, IF(AND(R176=1, S176=1, ISBLANK(P176), ISBLANK(Q176), T176=U176), 2, 3))"
Wednesday,8,2026-07-15,5:30pm,"Courts 6–9","Line 4 (#4/#5)","Howie's Team","Hot Shots","","",Y,,,,,,,"=IF(L177="""",0,IF(L177>M177,1,0))+IF(N177="""",0,IF(N177>O177,1,0))+IF(P177="""",0,IF(P177>Q177,1,0))","=IF(M177="""",0,IF(M177>L177,1,0))+IF(O177="""",0,IF(O177>N177,1,0))+IF(Q177="""",0,IF(Q177>P177,1,0))","=SUM(L177,N177,P177)","=SUM(M177,O177,Q177)","=IF(K177=""Y"", 1, 0) + IF(AND(R177=1, S177=1, ISBLANK(P177), ISBLANK(Q177), T177=U177), 1, IF(AND(R177=1, S177=1, ISBLANK(P177), ISBLANK(Q177), T177>U177), 2, R177))","=IF(K177=""Y"", 1, 0) + IF(AND(R177=1, S177=1, ISBLANK(P177), ISBLANK(Q177), T177=U177), 1, IF(AND(R177=1, S177=1, ISBLANK(P177), ISBLANK(Q177), U177>T177), 2, S177))","=IF(K177<>""Y"", 0, IF(AND(R177=1, S177=1, ISBLANK(P177), ISBLANK(Q177), T177=U177), 2, 3))"
Wednesday,8,2026-07-15,7:00pm,"Courts 1–5","Line 1 (#1/#2)","Serve Aces","Hit Squad","","",Y,,,,,,,"=IF(L178="""",0,IF(L178>M178,1,0))+IF(N178="""",0,IF(N178>O178,1,0))+IF(P178="""",0,IF(P178>Q178,1,0))","=IF(M178="""",0,IF(M178>L178,1,0))+IF(O178="""",0,IF(O178>N178,1,0))+IF(Q178="""",0,IF(Q178>P178,1,0))","=SUM(L178,N178,P178)","=SUM(M178,O178,Q178)","=IF(K178=""Y"", 1, 0) + IF(AND(R178=1, S178=1, ISBLANK(P178), ISBLANK(Q178), T178=U178), 1, IF(AND(R178=1, S178=1, ISBLANK(P178), ISBLANK(Q178), T178>U178), 2, R178))","=IF(K178=""Y"", 1, 0) + IF(AND(R178=1, S178=1, ISBLANK(P178), ISBLANK(Q178), T178=U178), 1, IF(AND(R178=1, S178=1, ISBLANK(P178), ISBLANK(Q178), U178>T178), 2, S178))","=IF(K178<>""Y"", 0, IF(AND(R178=1, S178=1, ISBLANK(P178), ISBLANK(Q178), T178=U178), 2, 3))"
Wednesday,8,2026-07-15,7:00pm,"Courts 1–5","Line 2 (#3 Pair A)","Serve Aces","Hit Squad","","",Y,,,,,,,"=IF(L179="""",0,IF(L179>M179,1,0))+IF(N179="""",0,IF(N179>O179,1,0))+IF(P179="""",0,IF(P179>Q179,1,0))","=IF(M179="""",0,IF(M179>L179,1,0))+IF(O179="""",0,IF(O179>N179,1,0))+IF(Q179="""",0,IF(Q179>P179,1,0))","=SUM(L179,N179,P179)","=SUM(M179,O179,Q179)","=IF(K179=""Y"", 1, 0) + IF(AND(R179=1, S179=1, ISBLANK(P179), ISBLANK(Q179), T179=U179), 1, IF(AND(R179=1, S179=1, ISBLANK(P179), ISBLANK(Q179), T179>U179), 2, R179))","=IF(K179=""Y"", 1, 0) + IF(AND(R179=1, S179=1, ISBLANK(P179), ISBLANK(Q179), T179=U179), 1, IF(AND(R179=1, S179=1, ISBLANK(P179), ISBLANK(Q179), U179>T179), 2, S179))","=IF(K179<>""Y"", 0, IF(AND(R179=1, S179=1, ISBLANK(P179), ISBLANK(Q179), T179=U179), 2, 3))"
Wednesday,8,2026-07-15,7:00pm,"Courts 1–5","Line 3 (#3 Pair B)","Serve Aces","Hit Squad","","",Y,,,,,,,"=IF(L180="""",0,IF(L180>M180,1,0))+IF(N180="""",0,IF(N180>O180,1,0))+IF(P180="""",0,IF(P180>Q180,1,0))","=IF(M180="""",0,IF(M180>L180,1,0))+IF(O180="""",0,IF(O180>N180,1,0))+IF(Q180="""",0,IF(Q180>P180,1,0))","=SUM(L180,N180,P180)","=SUM(M180,O180,Q180)","=IF(K180=""Y"", 1, 0) + IF(AND(R180=1, S180=1, ISBLANK(P180), ISBLANK(Q180), T180=U180), 1, IF(AND(R180=1, S180=1, ISBLANK(P180), ISBLANK(Q180), T180>U180), 2, R180))","=IF(K180=""Y"", 1, 0) + IF(AND(R180=1, S180=1, ISBLANK(P180), ISBLANK(Q180), T180=U180), 1, IF(AND(R180=1, S180=1, ISBLANK(P180), ISBLANK(Q180), U180>T180), 2, S180))","=IF(K180<>""Y"", 0, IF(AND(R180=1, S180=1, ISBLANK(P180), ISBLANK(Q180), T180=U180), 2, 3))"
Wednesday,8,2026-07-15,7:00pm,"Courts 1–5","Line 4 (#4/#5)","Serve Aces","Hit Squad","","",Y,,,,,,,"=IF(L181="""",0,IF(L181>M181,1,0))+IF(N181="""",0,IF(N181>O181,1,0))+IF(P181="""",0,IF(P181>Q181,1,0))","=IF(M181="""",0,IF(M181>L181,1,0))+IF(O181="""",0,IF(O181>N181,1,0))+IF(Q181="""",0,IF(Q181>P181,1,0))","=SUM(L181,N181,P181)","=SUM(M181,O181,Q181)","=IF(K181=""Y"", 1, 0) + IF(AND(R181=1, S181=1, ISBLANK(P181), ISBLANK(Q181), T181=U181), 1, IF(AND(R181=1, S181=1, ISBLANK(P181), ISBLANK(Q181), T181>U181), 2, R181))","=IF(K181=""Y"", 1, 0) + IF(AND(R181=1, S181=1, ISBLANK(P181), ISBLANK(Q181), T181=U181), 1, IF(AND(R181=1, S181=1, ISBLANK(P181), ISBLANK(Q181), U181>T181), 2, S181))","=IF(K181<>""Y"", 0, IF(AND(R181=1, S181=1, ISBLANK(P181), ISBLANK(Q181), T181=U181), 2, 3))"
Wednesday,8,2026-07-15,5:30pm,"Courts 1–5","Line 1 (#1/#2)","Not My Fault","Rally Monkeys","","",Y,,,,,,,"=IF(L182="""",0,IF(L182>M182,1,0))+IF(N182="""",0,IF(N182>O182,1,0))+IF(P182="""",0,IF(P182>Q182,1,0))","=IF(M182="""",0,IF(M182>L182,1,0))+IF(O182="""",0,IF(O182>N182,1,0))+IF(Q182="""",0,IF(Q182>P182,1,0))","=SUM(L182,N182,P182)","=SUM(M182,O182,Q182)","=IF(K182=""Y"", 1, 0) + IF(AND(R182=1, S182=1, ISBLANK(P182), ISBLANK(Q182), T182=U182), 1, IF(AND(R182=1, S182=1, ISBLANK(P182), ISBLANK(Q182), T182>U182), 2, R182))","=IF(K182=""Y"", 1, 0) + IF(AND(R182=1, S182=1, ISBLANK(P182), ISBLANK(Q182), T182=U182), 1, IF(AND(R182=1, S182=1, ISBLANK(P182), ISBLANK(Q182), U182>T182), 2, S182))","=IF(K182<>""Y"", 0, IF(AND(R182=1, S182=1, ISBLANK(P182), ISBLANK(Q182), T182=U182), 2, 3))"
Wednesday,8,2026-07-15,5:30pm,"Courts 1–5","Line 2 (#3 Pair A)","Not My Fault","Rally Monkeys","","",Y,,,,,,,"=IF(L183="""",0,IF(L183>M183,1,0))+IF(N183="""",0,IF(N183>O183,1,0))+IF(P183="""",0,IF(P183>Q183,1,0))","=IF(M183="""",0,IF(M183>L183,1,0))+IF(O183="""",0,IF(O183>N183,1,0))+IF(Q183="""",0,IF(Q183>P183,1,0))","=SUM(L183,N183,P183)","=SUM(M183,O183,Q183)","=IF(K183=""Y"", 1, 0) + IF(AND(R183=1, S183=1, ISBLANK(P183), ISBLANK(Q183), T183=U183), 1, IF(AND(R183=1, S183=1, ISBLANK(P183), ISBLANK(Q183), T183>U183), 2, R183))","=IF(K183=""Y"", 1, 0) + IF(AND(R183=1, S183=1, ISBLANK(P183), ISBLANK(Q183), T183=U183), 1, IF(AND(R183=1, S183=1, ISBLANK(P183), ISBLANK(Q183), U183>T183), 2, S183))","=IF(K183<>""Y"", 0, IF(AND(R183=1, S183=1, ISBLANK(P183), ISBLANK(Q183), T183=U183), 2, 3))"
Wednesday,8,2026-07-15,5:30pm,"Courts 1–5","Line 3 (#3 Pair B)","Not My Fault","Rally Monkeys","","",Y,,,,,,,"=IF(L184="""",0,IF(L184>M184,1,0))+IF(N184="""",0,IF(N184>O184,1,0))+IF(P184="""",0,IF(P184>Q184,1,0))","=IF(M184="""",0,IF(M184>L184,1,0))+IF(O184="""",0,IF(O184>N184,1,0))+IF(Q184="""",0,IF(Q184>P184,1,0))","=SUM(L184,N184,P184)","=SUM(M184,O184,Q184)","=IF(K184=""Y"", 1, 0) + IF(AND(R184=1, S184=1, ISBLANK(P184), ISBLANK(Q184), T184=U184), 1, IF(AND(R184=1, S184=1, ISBLANK(P184), ISBLANK(Q184), T184>U184), 2, R184))","=IF(K184=""Y"", 1, 0) + IF(AND(R184=1, S184=1, ISBLANK(P184), ISBLANK(Q184), T184=U184), 1, IF(AND(R184=1, S184=1, ISBLANK(P184), ISBLANK(Q184), U184>T184), 2, S184))","=IF(K184<>""Y"", 0, IF(AND(R184=1, S184=1, ISBLANK(P184), ISBLANK(Q184), T184=U184), 2, 3))"
Wednesday,8,2026-07-15,5:30pm,"Courts 1–5","Line 4 (#4/#5)","Not My Fault","Rally Monkeys","","",Y,,,,,,,"=IF(L185="""",0,IF(L185>M185,1,0))+IF(N185="""",0,IF(N185>O185,1,0))+IF(P185="""",0,IF(P185>Q185,1,0))","=IF(M185="""",0,IF(M185>L185,1,0))+IF(O185="""",0,IF(O185>N185,1,0))+IF(Q185="""",0,IF(Q185>P185,1,0))","=SUM(L185,N185,P185)","=SUM(M185,O185,Q185)","=IF(K185=""Y"", 1, 0) + IF(AND(R185=1, S185=1, ISBLANK(P185), ISBLANK(Q185), T185=U185), 1, IF(AND(R185=1, S185=1, ISBLANK(P185), ISBLANK(Q185), T185>U185), 2, R185))","=IF(K185=""Y"", 1, 0) + IF(AND(R185=1, S185=1, ISBLANK(P185), ISBLANK(Q185), T185=U185), 1, IF(AND(R185=1, S185=1, ISBLANK(P185), ISBLANK(Q185), U185>T185), 2, S185))","=IF(K185<>""Y"", 0, IF(AND(R185=1, S185=1, ISBLANK(P185), ISBLANK(Q185), T185=U185), 2, 3))"
Wednesday,8,2026-07-15,7:00pm,"Courts 6–9","Line 1 (#1/#2)","Baseliners","Nothing But Net","","",Y,,,,,,,"=IF(L186="""",0,IF(L186>M186,1,0))+IF(N186="""",0,IF(N186>O186,1,0))+IF(P186="""",0,IF(P186>Q186,1,0))","=IF(M186="""",0,IF(M186>L186,1,0))+IF(O186="""",0,IF(O186>N186,1,0))+IF(Q186="""",0,IF(Q186>P186,1,0))","=SUM(L186,N186,P186)","=SUM(M186,O186,Q186)","=IF(K186=""Y"", 1, 0) + IF(AND(R186=1, S186=1, ISBLANK(P186), ISBLANK(Q186), T186=U186), 1, IF(AND(R186=1, S186=1, ISBLANK(P186), ISBLANK(Q186), T186>U186), 2, R186))","=IF(K186=""Y"", 1, 0) + IF(AND(R186=1, S186=1, ISBLANK(P186), ISBLANK(Q186), T186=U186), 1, IF(AND(R186=1, S186=1, ISBLANK(P186), ISBLANK(Q186), U186>T186), 2, S186))","=IF(K186<>""Y"", 0, IF(AND(R186=1, S186=1, ISBLANK(P186), ISBLANK(Q186), T186=U186), 2, 3))"
Wednesday,8,2026-07-15,7:00pm,"Courts 6–9","Line 2 (#3 Pair A)","Baseliners","Nothing But Net","","",Y,,,,,,,"=IF(L187="""",0,IF(L187>M187,1,0))+IF(N187="""",0,IF(N187>O187,1,0))+IF(P187="""",0,IF(P187>Q187,1,0))","=IF(M187="""",0,IF(M187>L187,1,0))+IF(O187="""",0,IF(O187>N187,1,0))+IF(Q187="""",0,IF(Q187>P187,1,0))","=SUM(L187,N187,P187)","=SUM(M187,O187,Q187)","=IF(K187=""Y"", 1, 0) + IF(AND(R187=1, S187=1, ISBLANK(P187), ISBLANK(Q187), T187=U187), 1, IF(AND(R187=1, S187=1, ISBLANK(P187), ISBLANK(Q187), T187>U187), 2, R187))","=IF(K187=""Y"", 1, 0) + IF(AND(R187=1, S187=1, ISBLANK(P187), ISBLANK(Q187), T187=U187), 1, IF(AND(R187=1, S187=1, ISBLANK(P187), ISBLANK(Q187), U187>T187), 2, S187))","=IF(K187<>""Y"", 0, IF(AND(R187=1, S187=1, ISBLANK(P187), ISBLANK(Q187), T187=U187), 2, 3))"
Wednesday,8,2026-07-15,7:00pm,"Courts 6–9","Line 3 (#3 Pair B)","Baseliners","Nothing But Net","","",Y,,,,,,,"=IF(L188="""",0,IF(L188>M188,1,0))+IF(N188="""",0,IF(N188>O188,1,0))+IF(P188="""",0,IF(P188>Q188,1,0))","=IF(M188="""",0,IF(M188>L188,1,0))+IF(O188="""",0,IF(O188>N188,1,0))+IF(Q188="""",0,IF(Q188>P188,1,0))","=SUM(L188,N188,P188)","=SUM(M188,O188,Q188)","=IF(K188=""Y"", 1, 0) + IF(AND(R188=1, S188=1, ISBLANK(P188), ISBLANK(Q188), T188=U188), 1, IF(AND(R188=1, S188=1, ISBLANK(P188), ISBLANK(Q188), T188>U188), 2, R188))","=IF(K188=""Y"", 1, 0) + IF(AND(R188=1, S188=1, ISBLANK(P188), ISBLANK(Q188), T188=U188), 1, IF(AND(R188=1, S188=1, ISBLANK(P188), ISBLANK(Q188), U188>T188), 2, S188))","=IF(K188<>""Y"", 0, IF(AND(R188=1, S188=1, ISBLANK(P188), ISBLANK(Q188), T188=U188), 2, 3))"
Wednesday,8,2026-07-15,7:00pm,"Courts 6–9","Line 4 (#4/#5)","Baseliners","Nothing But Net","","",Y,,,,,,,"=IF(L189="""",0,IF(L189>M189,1,0))+IF(N189="""",0,IF(N189>O189,1,0))+IF(P189="""",0,IF(P189>Q189,1,0))","=IF(M189="""",0,IF(M189>L189,1,0))+IF(O189="""",0,IF(O189>N189,1,0))+IF(Q189="""",0,IF(Q189>P189,1,0))","=SUM(L189,N189,P189)","=SUM(M189,O189,Q189)","=IF(K189=""Y"", 1, 0) + IF(AND(R189=1, S189=1, ISBLANK(P189), ISBLANK(Q189), T189=U189), 1, IF(AND(R189=1, S189=1, ISBLANK(P189), ISBLANK(Q189), T189>U189), 2, R189))","=IF(K189=""Y"", 1, 0) + IF(AND(R189=1, S189=1, ISBLANK(P189), ISBLANK(Q189), T189=U189), 1, IF(AND(R189=1, S189=1, ISBLANK(P189), ISBLANK(Q189), U189>T189), 2, S189))","=IF(K189<>""Y"", 0, IF(AND(R189=1, S189=1, ISBLANK(P189), ISBLANK(Q189), T189=U189), 2, 3))"
Wednesday,8,2026-07-15,5:30pm,"Courts 10–13","Line 1 (#1/#2)","Backhand Bandits","Simply Smashing","","",Y,,,,,,,"=IF(L190="""",0,IF(L190>M190,1,0))+IF(N190="""",0,IF(N190>O190,1,0))+IF(P190="""",0,IF(P190>Q190,1,0))","=IF(M190="""",0,IF(M190>L190,1,0))+IF(O190="""",0,IF(O190>N190,1,0))+IF(Q190="""",0,IF(Q190>P190,1,0))","=SUM(L190,N190,P190)","=SUM(M190,O190,Q190)","=IF(K190=""Y"", 1, 0) + IF(AND(R190=1, S190=1, ISBLANK(P190), ISBLANK(Q190), T190=U190), 1, IF(AND(R190=1, S190=1, ISBLANK(P190), ISBLANK(Q190), T190>U190), 2, R190))","=IF(K190=""Y"", 1, 0) + IF(AND(R190=1, S190=1, ISBLANK(P190), ISBLANK(Q190), T190=U190), 1, IF(AND(R190=1, S190=1, ISBLANK(P190), ISBLANK(Q190), U190>T190), 2, S190))","=IF(K190<>""Y"", 0, IF(AND(R190=1, S190=1, ISBLANK(P190), ISBLANK(Q190), T190=U190), 2, 3))"
Wednesday,8,2026-07-15,5:30pm,"Courts 10–13","Line 2 (#3 Pair A)","Backhand Bandits","Simply Smashing","","",Y,,,,,,,"=IF(L191="""",0,IF(L191>M191,1,0))+IF(N191="""",0,IF(N191>O191,1,0))+IF(P191="""",0,IF(P191>Q191,1,0))","=IF(M191="""",0,IF(M191>L191,1,0))+IF(O191="""",0,IF(O191>N191,1,0))+IF(Q191="""",0,IF(Q191>P191,1,0))","=SUM(L191,N191,P191)","=SUM(M191,O191,Q191)","=IF(K191=""Y"", 1, 0) + IF(AND(R191=1, S191=1, ISBLANK(P191), ISBLANK(Q191), T191=U191), 1, IF(AND(R191=1, S191=1, ISBLANK(P191), ISBLANK(Q191), T191>U191), 2, R191))","=IF(K191=""Y"", 1, 0) + IF(AND(R191=1, S191=1, ISBLANK(P191), ISBLANK(Q191), T191=U191), 1, IF(AND(R191=1, S191=1, ISBLANK(P191), ISBLANK(Q191), U191>T191), 2, S191))","=IF(K191<>""Y"", 0, IF(AND(R191=1, S191=1, ISBLANK(P191), ISBLANK(Q191), T191=U191), 2, 3))"
Wednesday,8,2026-07-15,5:30pm,"Courts 10–13","Line 3 (#3 Pair B)","Backhand Bandits","Simply Smashing","","",Y,,,,,,,"=IF(L192="""",0,IF(L192>M192,1,0))+IF(N192="""",0,IF(N192>O192,1,0))+IF(P192="""",0,IF(P192>Q192,1,0))","=IF(M192="""",0,IF(M192>L192,1,0))+IF(O192="""",0,IF(O192>N192,1,0))+IF(Q192="""",0,IF(Q192>P192,1,0))","=SUM(L192,N192,P192)","=SUM(M192,O192,Q192)","=IF(K192=""Y"", 1, 0) + IF(AND(R192=1, S192=1, ISBLANK(P192), ISBLANK(Q192), T192=U192), 1, IF(AND(R192=1, S192=1, ISBLANK(P192), ISBLANK(Q192), T192>U192), 2, R192))","=IF(K192=""Y"", 1, 0) + IF(AND(R192=1, S192=1, ISBLANK(P192), ISBLANK(Q192), T192=U192), 1, IF(AND(R192=1, S192=1, ISBLANK(P192), ISBLANK(Q192), U192>T192), 2, S192))","=IF(K192<>""Y"", 0, IF(AND(R192=1, S192=1, ISBLANK(P192), ISBLANK(Q192), T192=U192), 2, 3))"
Wednesday,8,2026-07-15,5:30pm,"Courts 10–13","Line 4 (#4/#5)","Backhand Bandits","Simply Smashing","","",Y,,,,,,,"=IF(L193="""",0,IF(L193>M193,1,0))+IF(N193="""",0,IF(N193>O193,1,0))+IF(P193="""",0,IF(P193>Q193,1,0))","=IF(M193="""",0,IF(M193>L193,1,0))+IF(O193="""",0,IF(O193>N193,1,0))+IF(Q193="""",0,IF(Q193>P193,1,0))","=SUM(L193,N193,P193)","=SUM(M193,O193,Q193)","=IF(K193=""Y"", 1, 0) + IF(AND(R193=1, S193=1, ISBLANK(P193), ISBLANK(Q193), T193=U193), 1, IF(AND(R193=1, S193=1, ISBLANK(P193), ISBLANK(Q193), T193>U193), 2, R193))","=IF(K193=""Y"", 1, 0) + IF(AND(R193=1, S193=1, ISBLANK(P193), ISBLANK(Q193), T193=U193), 1, IF(AND(R193=1, S193=1, ISBLANK(P193), ISBLANK(Q193), U193>T193), 2, S193))","=IF(K193<>""Y"", 0, IF(AND(R193=1, S193=1, ISBLANK(P193), ISBLANK(Q193), T193=U193), 2, 3))"
Wednesday,9,2026-07-22,5:30pm,"Courts 1–5","Line 1 (#1/#2)","LAX-Winona Fusion","Hot Shots","","",Y,,,,,,,"=IF(L194="""",0,IF(L194>M194,1,0))+IF(N194="""",0,IF(N194>O194,1,0))+IF(P194="""",0,IF(P194>Q194,1,0))","=IF(M194="""",0,IF(M194>L194,1,0))+IF(O194="""",0,IF(O194>N194,1,0))+IF(Q194="""",0,IF(Q194>P194,1,0))","=SUM(L194,N194,P194)","=SUM(M194,O194,Q194)","=IF(K194=""Y"", 1, 0) + IF(AND(R194=1, S194=1, ISBLANK(P194), ISBLANK(Q194), T194=U194), 1, IF(AND(R194=1, S194=1, ISBLANK(P194), ISBLANK(Q194), T194>U194), 2, R194))","=IF(K194=""Y"", 1, 0) + IF(AND(R194=1, S194=1, ISBLANK(P194), ISBLANK(Q194), T194=U194), 1, IF(AND(R194=1, S194=1, ISBLANK(P194), ISBLANK(Q194), U194>T194), 2, S194))","=IF(K194<>""Y"", 0, IF(AND(R194=1, S194=1, ISBLANK(P194), ISBLANK(Q194), T194=U194), 2, 3))"
Wednesday,9,2026-07-22,5:30pm,"Courts 1–5","Line 2 (#3 Pair A)","LAX-Winona Fusion","Hot Shots","","",Y,,,,,,,"=IF(L195="""",0,IF(L195>M195,1,0))+IF(N195="""",0,IF(N195>O195,1,0))+IF(P195="""",0,IF(P195>Q195,1,0))","=IF(M195="""",0,IF(M195>L195,1,0))+IF(O195="""",0,IF(O195>N195,1,0))+IF(Q195="""",0,IF(Q195>P195,1,0))","=SUM(L195,N195,P195)","=SUM(M195,O195,Q195)","=IF(K195=""Y"", 1, 0) + IF(AND(R195=1, S195=1, ISBLANK(P195), ISBLANK(Q195), T195=U195), 1, IF(AND(R195=1, S195=1, ISBLANK(P195), ISBLANK(Q195), T195>U195), 2, R195))","=IF(K195=""Y"", 1, 0) + IF(AND(R195=1, S195=1, ISBLANK(P195), ISBLANK(Q195), T195=U195), 1, IF(AND(R195=1, S195=1, ISBLANK(P195), ISBLANK(Q195), U195>T195), 2, S195))","=IF(K195<>""Y"", 0, IF(AND(R195=1, S195=1, ISBLANK(P195), ISBLANK(Q195), T195=U195), 2, 3))"
Wednesday,9,2026-07-22,5:30pm,"Courts 1–5","Line 3 (#3 Pair B)","LAX-Winona Fusion","Hot Shots","","",Y,,,,,,,"=IF(L196="""",0,IF(L196>M196,1,0))+IF(N196="""",0,IF(N196>O196,1,0))+IF(P196="""",0,IF(P196>Q196,1,0))","=IF(M196="""",0,IF(M196>L196,1,0))+IF(O196="""",0,IF(O196>N196,1,0))+IF(Q196="""",0,IF(Q196>P196,1,0))","=SUM(L196,N196,P196)","=SUM(M196,O196,Q196)","=IF(K196=""Y"", 1, 0) + IF(AND(R196=1, S196=1, ISBLANK(P196), ISBLANK(Q196), T196=U196), 1, IF(AND(R196=1, S196=1, ISBLANK(P196), ISBLANK(Q196), T196>U196), 2, R196))","=IF(K196=""Y"", 1, 0) + IF(AND(R196=1, S196=1, ISBLANK(P196), ISBLANK(Q196), T196=U196), 1, IF(AND(R196=1, S196=1, ISBLANK(P196), ISBLANK(Q196), U196>T196), 2, S196))","=IF(K196<>""Y"", 0, IF(AND(R196=1, S196=1, ISBLANK(P196), ISBLANK(Q196), T196=U196), 2, 3))"
Wednesday,9,2026-07-22,5:30pm,"Courts 1–5","Line 4 (#4/#5)","LAX-Winona Fusion","Hot Shots","","",Y,,,,,,,"=IF(L197="""",0,IF(L197>M197,1,0))+IF(N197="""",0,IF(N197>O197,1,0))+IF(P197="""",0,IF(P197>Q197,1,0))","=IF(M197="""",0,IF(M197>L197,1,0))+IF(O197="""",0,IF(O197>N197,1,0))+IF(Q197="""",0,IF(Q197>P197,1,0))","=SUM(L197,N197,P197)","=SUM(M197,O197,Q197)","=IF(K197=""Y"", 1, 0) + IF(AND(R197=1, S197=1, ISBLANK(P197), ISBLANK(Q197), T197=U197), 1, IF(AND(R197=1, S197=1, ISBLANK(P197), ISBLANK(Q197), T197>U197), 2, R197))","=IF(K197=""Y"", 1, 0) + IF(AND(R197=1, S197=1, ISBLANK(P197), ISBLANK(Q197), T197=U197), 1, IF(AND(R197=1, S197=1, ISBLANK(P197), ISBLANK(Q197), U197>T197), 2, S197))","=IF(K197<>""Y"", 0, IF(AND(R197=1, S197=1, ISBLANK(P197), ISBLANK(Q197), T197=U197), 2, 3))"
Wednesday,9,2026-07-22,5:30pm,"Courts 6–9","Line 1 (#1/#2)","Glory Days","Hit Squad","","",Y,,,,,,,"=IF(L198="""",0,IF(L198>M198,1,0))+IF(N198="""",0,IF(N198>O198,1,0))+IF(P198="""",0,IF(P198>Q198,1,0))","=IF(M198="""",0,IF(M198>L198,1,0))+IF(O198="""",0,IF(O198>N198,1,0))+IF(Q198="""",0,IF(Q198>P198,1,0))","=SUM(L198,N198,P198)","=SUM(M198,O198,Q198)","=IF(K198=""Y"", 1, 0) + IF(AND(R198=1, S198=1, ISBLANK(P198), ISBLANK(Q198), T198=U198), 1, IF(AND(R198=1, S198=1, ISBLANK(P198), ISBLANK(Q198), T198>U198), 2, R198))","=IF(K198=""Y"", 1, 0) + IF(AND(R198=1, S198=1, ISBLANK(P198), ISBLANK(Q198), T198=U198), 1, IF(AND(R198=1, S198=1, ISBLANK(P198), ISBLANK(Q198), U198>T198), 2, S198))","=IF(K198<>""Y"", 0, IF(AND(R198=1, S198=1, ISBLANK(P198), ISBLANK(Q198), T198=U198), 2, 3))"
Wednesday,9,2026-07-22,5:30pm,"Courts 6–9","Line 2 (#3 Pair A)","Glory Days","Hit Squad","","",Y,,,,,,,"=IF(L199="""",0,IF(L199>M199,1,0))+IF(N199="""",0,IF(N199>O199,1,0))+IF(P199="""",0,IF(P199>Q199,1,0))","=IF(M199="""",0,IF(M199>L199,1,0))+IF(O199="""",0,IF(O199>N199,1,0))+IF(Q199="""",0,IF(Q199>P199,1,0))","=SUM(L199,N199,P199)","=SUM(M199,O199,Q199)","=IF(K199=""Y"", 1, 0) + IF(AND(R199=1, S199=1, ISBLANK(P199), ISBLANK(Q199), T199=U199), 1, IF(AND(R199=1, S199=1, ISBLANK(P199), ISBLANK(Q199), T199>U199), 2, R199))","=IF(K199=""Y"", 1, 0) + IF(AND(R199=1, S199=1, ISBLANK(P199), ISBLANK(Q199), T199=U199), 1, IF(AND(R199=1, S199=1, ISBLANK(P199), ISBLANK(Q199), U199>T199), 2, S199))","=IF(K199<>""Y"", 0, IF(AND(R199=1, S199=1, ISBLANK(P199), ISBLANK(Q199), T199=U199), 2, 3))"
Wednesday,9,2026-07-22,5:30pm,"Courts 6–9","Line 3 (#3 Pair B)","Glory Days","Hit Squad","","",Y,,,,,,,"=IF(L200="""",0,IF(L200>M200,1,0))+IF(N200="""",0,IF(N200>O200,1,0))+IF(P200="""",0,IF(P200>Q200,1,0))","=IF(M200="""",0,IF(M200>L200,1,0))+IF(O200="""",0,IF(O200>N200,1,0))+IF(Q200="""",0,IF(Q200>P200,1,0))","=SUM(L200,N200,P200)","=SUM(M200,O200,Q200)","=IF(K200=""Y"", 1, 0) + IF(AND(R200=1, S200=1, ISBLANK(P200), ISBLANK(Q200), T200=U200), 1, IF(AND(R200=1, S200=1, ISBLANK(P200), ISBLANK(Q200), T200>U200), 2, R200))","=IF(K200=""Y"", 1, 0) + IF(AND(R200=1, S200=1, ISBLANK(P200), ISBLANK(Q200), T200=U200), 1, IF(AND(R200=1, S200=1, ISBLANK(P200), ISBLANK(Q200), U200>T200), 2, S200))","=IF(K200<>""Y"", 0, IF(AND(R200=1, S200=1, ISBLANK(P200), ISBLANK(Q200), T200=U200), 2, 3))"
Wednesday,9,2026-07-22,5:30pm,"Courts 6–9","Line 4 (#4/#5)","Glory Days","Hit Squad","","",Y,,,,,,,"=IF(L201="""",0,IF(L201>M201,1,0))+IF(N201="""",0,IF(N201>O201,1,0))+IF(P201="""",0,IF(P201>Q201,1,0))","=IF(M201="""",0,IF(M201>L201,1,0))+IF(O201="""",0,IF(O201>N201,1,0))+IF(Q201="""",0,IF(Q201>P201,1,0))","=SUM(L201,N201,P201)","=SUM(M201,O201,Q201)","=IF(K201=""Y"", 1, 0) + IF(AND(R201=1, S201=1, ISBLANK(P201), ISBLANK(Q201), T201=U201), 1, IF(AND(R201=1, S201=1, ISBLANK(P201), ISBLANK(Q201), T201>U201), 2, R201))","=IF(K201=""Y"", 1, 0) + IF(AND(R201=1, S201=1, ISBLANK(P201), ISBLANK(Q201), T201=U201), 1, IF(AND(R201=1, S201=1, ISBLANK(P201), ISBLANK(Q201), U201>T201), 2, S201))","=IF(K201<>""Y"", 0, IF(AND(R201=1, S201=1, ISBLANK(P201), ISBLANK(Q201), T201=U201), 2, 3))"
Wednesday,9,2026-07-22,7:00pm,"Courts 6–9","Line 1 (#1/#2)","Howie's Team","Rally Monkeys","","",Y,,,,,,,"=IF(L202="""",0,IF(L202>M202,1,0))+IF(N202="""",0,IF(N202>O202,1,0))+IF(P202="""",0,IF(P202>Q202,1,0))","=IF(M202="""",0,IF(M202>L202,1,0))+IF(O202="""",0,IF(O202>N202,1,0))+IF(Q202="""",0,IF(Q202>P202,1,0))","=SUM(L202,N202,P202)","=SUM(M202,O202,Q202)","=IF(K202=""Y"", 1, 0) + IF(AND(R202=1, S202=1, ISBLANK(P202), ISBLANK(Q202), T202=U202), 1, IF(AND(R202=1, S202=1, ISBLANK(P202), ISBLANK(Q202), T202>U202), 2, R202))","=IF(K202=""Y"", 1, 0) + IF(AND(R202=1, S202=1, ISBLANK(P202), ISBLANK(Q202), T202=U202), 1, IF(AND(R202=1, S202=1, ISBLANK(P202), ISBLANK(Q202), U202>T202), 2, S202))","=IF(K202<>""Y"", 0, IF(AND(R202=1, S202=1, ISBLANK(P202), ISBLANK(Q202), T202=U202), 2, 3))"
Wednesday,9,2026-07-22,7:00pm,"Courts 6–9","Line 2 (#3 Pair A)","Howie's Team","Rally Monkeys","","",Y,,,,,,,"=IF(L203="""",0,IF(L203>M203,1,0))+IF(N203="""",0,IF(N203>O203,1,0))+IF(P203="""",0,IF(P203>Q203,1,0))","=IF(M203="""",0,IF(M203>L203,1,0))+IF(O203="""",0,IF(O203>N203,1,0))+IF(Q203="""",0,IF(Q203>P203,1,0))","=SUM(L203,N203,P203)","=SUM(M203,O203,Q203)","=IF(K203=""Y"", 1, 0) + IF(AND(R203=1, S203=1, ISBLANK(P203), ISBLANK(Q203), T203=U203), 1, IF(AND(R203=1, S203=1, ISBLANK(P203), ISBLANK(Q203), T203>U203), 2, R203))","=IF(K203=""Y"", 1, 0) + IF(AND(R203=1, S203=1, ISBLANK(P203), ISBLANK(Q203), T203=U203), 1, IF(AND(R203=1, S203=1, ISBLANK(P203), ISBLANK(Q203), U203>T203), 2, S203))","=IF(K203<>""Y"", 0, IF(AND(R203=1, S203=1, ISBLANK(P203), ISBLANK(Q203), T203=U203), 2, 3))"
Wednesday,9,2026-07-22,7:00pm,"Courts 6–9","Line 3 (#3 Pair B)","Howie's Team","Rally Monkeys","","",Y,,,,,,,"=IF(L204="""",0,IF(L204>M204,1,0))+IF(N204="""",0,IF(N204>O204,1,0))+IF(P204="""",0,IF(P204>Q204,1,0))","=IF(M204="""",0,IF(M204>L204,1,0))+IF(O204="""",0,IF(O204>N204,1,0))+IF(Q204="""",0,IF(Q204>P204,1,0))","=SUM(L204,N204,P204)","=SUM(M204,O204,Q204)","=IF(K204=""Y"", 1, 0) + IF(AND(R204=1, S204=1, ISBLANK(P204), ISBLANK(Q204), T204=U204), 1, IF(AND(R204=1, S204=1, ISBLANK(P204), ISBLANK(Q204), T204>U204), 2, R204))","=IF(K204=""Y"", 1, 0) + IF(AND(R204=1, S204=1, ISBLANK(P204), ISBLANK(Q204), T204=U204), 1, IF(AND(R204=1, S204=1, ISBLANK(P204), ISBLANK(Q204), U204>T204), 2, S204))","=IF(K204<>""Y"", 0, IF(AND(R204=1, S204=1, ISBLANK(P204), ISBLANK(Q204), T204=U204), 2, 3))"
Wednesday,9,2026-07-22,7:00pm,"Courts 6–9","Line 4 (#4/#5)","Howie's Team","Rally Monkeys","","",Y,,,,,,,"=IF(L205="""",0,IF(L205>M205,1,0))+IF(N205="""",0,IF(N205>O205,1,0))+IF(P205="""",0,IF(P205>Q205,1,0))","=IF(M205="""",0,IF(M205>L205,1,0))+IF(O205="""",0,IF(O205>N205,1,0))+IF(Q205="""",0,IF(Q205>P205,1,0))","=SUM(L205,N205,P205)","=SUM(M205,O205,Q205)","=IF(K205=""Y"", 1, 0) + IF(AND(R205=1, S205=1, ISBLANK(P205), ISBLANK(Q205), T205=U205), 1, IF(AND(R205=1, S205=1, ISBLANK(P205), ISBLANK(Q205), T205>U205), 2, R205))","=IF(K205=""Y"", 1, 0) + IF(AND(R205=1, S205=1, ISBLANK(P205), ISBLANK(Q205), T205=U205), 1, IF(AND(R205=1, S205=1, ISBLANK(P205), ISBLANK(Q205), U205>T205), 2, S205))","=IF(K205<>""Y"", 0, IF(AND(R205=1, S205=1, ISBLANK(P205), ISBLANK(Q205), T205=U205), 2, 3))"
Wednesday,9,2026-07-22,5:30pm,"Courts 10–13","Line 1 (#1/#2)","Serve Aces","Nothing But Net","","",Y,,,,,,,"=IF(L206="""",0,IF(L206>M206,1,0))+IF(N206="""",0,IF(N206>O206,1,0))+IF(P206="""",0,IF(P206>Q206,1,0))","=IF(M206="""",0,IF(M206>L206,1,0))+IF(O206="""",0,IF(O206>N206,1,0))+IF(Q206="""",0,IF(Q206>P206,1,0))","=SUM(L206,N206,P206)","=SUM(M206,O206,Q206)","=IF(K206=""Y"", 1, 0) + IF(AND(R206=1, S206=1, ISBLANK(P206), ISBLANK(Q206), T206=U206), 1, IF(AND(R206=1, S206=1, ISBLANK(P206), ISBLANK(Q206), T206>U206), 2, R206))","=IF(K206=""Y"", 1, 0) + IF(AND(R206=1, S206=1, ISBLANK(P206), ISBLANK(Q206), T206=U206), 1, IF(AND(R206=1, S206=1, ISBLANK(P206), ISBLANK(Q206), U206>T206), 2, S206))","=IF(K206<>""Y"", 0, IF(AND(R206=1, S206=1, ISBLANK(P206), ISBLANK(Q206), T206=U206), 2, 3))"
Wednesday,9,2026-07-22,5:30pm,"Courts 10–13","Line 2 (#3 Pair A)","Serve Aces","Nothing But Net","","",Y,,,,,,,"=IF(L207="""",0,IF(L207>M207,1,0))+IF(N207="""",0,IF(N207>O207,1,0))+IF(P207="""",0,IF(P207>Q207,1,0))","=IF(M207="""",0,IF(M207>L207,1,0))+IF(O207="""",0,IF(O207>N207,1,0))+IF(Q207="""",0,IF(Q207>P207,1,0))","=SUM(L207,N207,P207)","=SUM(M207,O207,Q207)","=IF(K207=""Y"", 1, 0) + IF(AND(R207=1, S207=1, ISBLANK(P207), ISBLANK(Q207), T207=U207), 1, IF(AND(R207=1, S207=1, ISBLANK(P207), ISBLANK(Q207), T207>U207), 2, R207))","=IF(K207=""Y"", 1, 0) + IF(AND(R207=1, S207=1, ISBLANK(P207), ISBLANK(Q207), T207=U207), 1, IF(AND(R207=1, S207=1, ISBLANK(P207), ISBLANK(Q207), U207>T207), 2, S207))","=IF(K207<>""Y"", 0, IF(AND(R207=1, S207=1, ISBLANK(P207), ISBLANK(Q207), T207=U207), 2, 3))"
Wednesday,9,2026-07-22,5:30pm,"Courts 10–13","Line 3 (#3 Pair B)","Serve Aces","Nothing But Net","","",Y,,,,,,,"=IF(L208="""",0,IF(L208>M208,1,0))+IF(N208="""",0,IF(N208>O208,1,0))+IF(P208="""",0,IF(P208>Q208,1,0))","=IF(M208="""",0,IF(M208>L208,1,0))+IF(O208="""",0,IF(O208>N208,1,0))+IF(Q208="""",0,IF(Q208>P208,1,0))","=SUM(L208,N208,P208)","=SUM(M208,O208,Q208)","=IF(K208=""Y"", 1, 0) + IF(AND(R208=1, S208=1, ISBLANK(P208), ISBLANK(Q208), T208=U208), 1, IF(AND(R208=1, S208=1, ISBLANK(P208), ISBLANK(Q208), T208>U208), 2, R208))","=IF(K208=""Y"", 1, 0) + IF(AND(R208=1, S208=1, ISBLANK(P208), ISBLANK(Q208), T208=U208), 1, IF(AND(R208=1, S208=1, ISBLANK(P208), ISBLANK(Q208), U208>T208), 2, S208))","=IF(K208<>""Y"", 0, IF(AND(R208=1, S208=1, ISBLANK(P208), ISBLANK(Q208), T208=U208), 2, 3))"
Wednesday,9,2026-07-22,5:30pm,"Courts 10–13","Line 4 (#4/#5)","Serve Aces","Nothing But Net","","",Y,,,,,,,"=IF(L209="""",0,IF(L209>M209,1,0))+IF(N209="""",0,IF(N209>O209,1,0))+IF(P209="""",0,IF(P209>Q209,1,0))","=IF(M209="""",0,IF(M209>L209,1,0))+IF(O209="""",0,IF(O209>N209,1,0))+IF(Q209="""",0,IF(Q209>P209,1,0))","=SUM(L209,N209,P209)","=SUM(M209,O209,Q209)","=IF(K209=""Y"", 1, 0) + IF(AND(R209=1, S209=1, ISBLANK(P209), ISBLANK(Q209), T209=U209), 1, IF(AND(R209=1, S209=1, ISBLANK(P209), ISBLANK(Q209), T209>U209), 2, R209))","=IF(K209=""Y"", 1, 0) + IF(AND(R209=1, S209=1, ISBLANK(P209), ISBLANK(Q209), T209=U209), 1, IF(AND(R209=1, S209=1, ISBLANK(P209), ISBLANK(Q209), U209>T209), 2, S209))","=IF(K209<>""Y"", 0, IF(AND(R209=1, S209=1, ISBLANK(P209), ISBLANK(Q209), T209=U209), 2, 3))"
Wednesday,9,2026-07-22,7:00pm,"Courts 1–5","Line 1 (#1/#2)","Not My Fault","Simply Smashing","","",Y,,,,,,,"=IF(L210="""",0,IF(L210>M210,1,0))+IF(N210="""",0,IF(N210>O210,1,0))+IF(P210="""",0,IF(P210>Q210,1,0))","=IF(M210="""",0,IF(M210>L210,1,0))+IF(O210="""",0,IF(O210>N210,1,0))+IF(Q210="""",0,IF(Q210>P210,1,0))","=SUM(L210,N210,P210)","=SUM(M210,O210,Q210)","=IF(K210=""Y"", 1, 0) + IF(AND(R210=1, S210=1, ISBLANK(P210), ISBLANK(Q210), T210=U210), 1, IF(AND(R210=1, S210=1, ISBLANK(P210), ISBLANK(Q210), T210>U210), 2, R210))","=IF(K210=""Y"", 1, 0) + IF(AND(R210=1, S210=1, ISBLANK(P210), ISBLANK(Q210), T210=U210), 1, IF(AND(R210=1, S210=1, ISBLANK(P210), ISBLANK(Q210), U210>T210), 2, S210))","=IF(K210<>""Y"", 0, IF(AND(R210=1, S210=1, ISBLANK(P210), ISBLANK(Q210), T210=U210), 2, 3))"
Wednesday,9,2026-07-22,7:00pm,"Courts 1–5","Line 2 (#3 Pair A)","Not My Fault","Simply Smashing","","",Y,,,,,,,"=IF(L211="""",0,IF(L211>M211,1,0))+IF(N211="""",0,IF(N211>O211,1,0))+IF(P211="""",0,IF(P211>Q211,1,0))","=IF(M211="""",0,IF(M211>L211,1,0))+IF(O211="""",0,IF(O211>N211,1,0))+IF(Q211="""",0,IF(Q211>P211,1,0))","=SUM(L211,N211,P211)","=SUM(M211,O211,Q211)","=IF(K211=""Y"", 1, 0) + IF(AND(R211=1, S211=1, ISBLANK(P211), ISBLANK(Q211), T211=U211), 1, IF(AND(R211=1, S211=1, ISBLANK(P211), ISBLANK(Q211), T211>U211), 2, R211))","=IF(K211=""Y"", 1, 0) + IF(AND(R211=1, S211=1, ISBLANK(P211), ISBLANK(Q211), T211=U211), 1, IF(AND(R211=1, S211=1, ISBLANK(P211), ISBLANK(Q211), U211>T211), 2, S211))","=IF(K211<>""Y"", 0, IF(AND(R211=1, S211=1, ISBLANK(P211), ISBLANK(Q211), T211=U211), 2, 3))"
Wednesday,9,2026-07-22,7:00pm,"Courts 1–5","Line 3 (#3 Pair B)","Not My Fault","Simply Smashing","","",Y,,,,,,,"=IF(L212="""",0,IF(L212>M212,1,0))+IF(N212="""",0,IF(N212>O212,1,0))+IF(P212="""",0,IF(P212>Q212,1,0))","=IF(M212="""",0,IF(M212>L212,1,0))+IF(O212="""",0,IF(O212>N212,1,0))+IF(Q212="""",0,IF(Q212>P212,1,0))","=SUM(L212,N212,P212)","=SUM(M212,O212,Q212)","=IF(K212=""Y"", 1, 0) + IF(AND(R212=1, S212=1, ISBLANK(P212), ISBLANK(Q212), T212=U212), 1, IF(AND(R212=1, S212=1, ISBLANK(P212), ISBLANK(Q212), T212>U212), 2, R212))","=IF(K212=""Y"", 1, 0) + IF(AND(R212=1, S212=1, ISBLANK(P212), ISBLANK(Q212), T212=U212), 1, IF(AND(R212=1, S212=1, ISBLANK(P212), ISBLANK(Q212), U212>T212), 2, S212))","=IF(K212<>""Y"", 0, IF(AND(R212=1, S212=1, ISBLANK(P212), ISBLANK(Q212), T212=U212), 2, 3))"
Wednesday,9,2026-07-22,7:00pm,"Courts 1–5","Line 4 (#4/#5)","Not My Fault","Simply Smashing","","",Y,,,,,,,"=IF(L213="""",0,IF(L213>M213,1,0))+IF(N213="""",0,IF(N213>O213,1,0))+IF(P213="""",0,IF(P213>Q213,1,0))","=IF(M213="""",0,IF(M213>L213,1,0))+IF(O213="""",0,IF(O213>N213,1,0))+IF(Q213="""",0,IF(Q213>P213,1,0))","=SUM(L213,N213,P213)","=SUM(M213,O213,Q213)","=IF(K213=""Y"", 1, 0) + IF(AND(R213=1, S213=1, ISBLANK(P213), ISBLANK(Q213), T213=U213), 1, IF(AND(R213=1, S213=1, ISBLANK(P213), ISBLANK(Q213), T213>U213), 2, R213))","=IF(K213=""Y"", 1, 0) + IF(AND(R213=1, S213=1, ISBLANK(P213), ISBLANK(Q213), T213=U213), 1, IF(AND(R213=1, S213=1, ISBLANK(P213), ISBLANK(Q213), U213>T213), 2, S213))","=IF(K213<>""Y"", 0, IF(AND(R213=1, S213=1, ISBLANK(P213), ISBLANK(Q213), T213=U213), 2, 3))"
Wednesday,9,2026-07-22,7:00pm,"Courts 10–13","Line 1 (#1/#2)","Baseliners","Backhand Bandits","","",Y,,,,,,,"=IF(L214="""",0,IF(L214>M214,1,0))+IF(N214="""",0,IF(N214>O214,1,0))+IF(P214="""",0,IF(P214>Q214,1,0))","=IF(M214="""",0,IF(M214>L214,1,0))+IF(O214="""",0,IF(O214>N214,1,0))+IF(Q214="""",0,IF(Q214>P214,1,0))","=SUM(L214,N214,P214)","=SUM(M214,O214,Q214)","=IF(K214=""Y"", 1, 0) + IF(AND(R214=1, S214=1, ISBLANK(P214), ISBLANK(Q214), T214=U214), 1, IF(AND(R214=1, S214=1, ISBLANK(P214), ISBLANK(Q214), T214>U214), 2, R214))","=IF(K214=""Y"", 1, 0) + IF(AND(R214=1, S214=1, ISBLANK(P214), ISBLANK(Q214), T214=U214), 1, IF(AND(R214=1, S214=1, ISBLANK(P214), ISBLANK(Q214), U214>T214), 2, S214))","=IF(K214<>""Y"", 0, IF(AND(R214=1, S214=1, ISBLANK(P214), ISBLANK(Q214), T214=U214), 2, 3))"
Wednesday,9,2026-07-22,7:00pm,"Courts 10–13","Line 2 (#3 Pair A)","Baseliners","Backhand Bandits","","",Y,,,,,,,"=IF(L215="""",0,IF(L215>M215,1,0))+IF(N215="""",0,IF(N215>O215,1,0))+IF(P215="""",0,IF(P215>Q215,1,0))","=IF(M215="""",0,IF(M215>L215,1,0))+IF(O215="""",0,IF(O215>N215,1,0))+IF(Q215="""",0,IF(Q215>P215,1,0))","=SUM(L215,N215,P215)","=SUM(M215,O215,Q215)","=IF(K215=""Y"", 1, 0) + IF(AND(R215=1, S215=1, ISBLANK(P215), ISBLANK(Q215), T215=U215), 1, IF(AND(R215=1, S215=1, ISBLANK(P215), ISBLANK(Q215), T215>U215), 2, R215))","=IF(K215=""Y"", 1, 0) + IF(AND(R215=1, S215=1, ISBLANK(P215), ISBLANK(Q215), T215=U215), 1, IF(AND(R215=1, S215=1, ISBLANK(P215), ISBLANK(Q215), U215>T215), 2, S215))","=IF(K215<>""Y"", 0, IF(AND(R215=1, S215=1, ISBLANK(P215), ISBLANK(Q215), T215=U215), 2, 3))"
Wednesday,9,2026-07-22,7:00pm,"Courts 10–13","Line 3 (#3 Pair B)","Baseliners","Backhand Bandits","","",Y,,,,,,,"=IF(L216="""",0,IF(L216>M216,1,0))+IF(N216="""",0,IF(N216>O216,1,0))+IF(P216="""",0,IF(P216>Q216,1,0))","=IF(M216="""",0,IF(M216>L216,1,0))+IF(O216="""",0,IF(O216>N216,1,0))+IF(Q216="""",0,IF(Q216>P216,1,0))","=SUM(L216,N216,P216)","=SUM(M216,O216,Q216)","=IF(K216=""Y"", 1, 0) + IF(AND(R216=1, S216=1, ISBLANK(P216), ISBLANK(Q216), T216=U216), 1, IF(AND(R216=1, S216=1, ISBLANK(P216), ISBLANK(Q216), T216>U216), 2, R216))","=IF(K216=""Y"", 1, 0) + IF(AND(R216=1, S216=1, ISBLANK(P216), ISBLANK(Q216), T216=U216), 1, IF(AND(R216=1, S216=1, ISBLANK(P216), ISBLANK(Q216), U216>T216), 2, S216))","=IF(K216<>""Y"", 0, IF(AND(R216=1, S216=1, ISBLANK(P216), ISBLANK(Q216), T216=U216), 2, 3))"
Wednesday,9,2026-07-22,7:00pm,"Courts 10–13","Line 4 (#4/#5)","Baseliners","Backhand Bandits","","",Y,,,,,,,"=IF(L217="""",0,IF(L217>M217,1,0))+IF(N217="""",0,IF(N217>O217,1,0))+IF(P217="""",0,IF(P217>Q217,1,0))","=IF(M217="""",0,IF(M217>L217,1,0))+IF(O217="""",0,IF(O217>N217,1,0))+IF(Q217="""",0,IF(Q217>P217,1,0))","=SUM(L217,N217,P217)","=SUM(M217,O217,Q217)","=IF(K217=""Y"", 1, 0) + IF(AND(R217=1, S217=1, ISBLANK(P217), ISBLANK(Q217), T217=U217), 1, IF(AND(R217=1, S217=1, ISBLANK(P217), ISBLANK(Q217), T217>U217), 2, R217))","=IF(K217=""Y"", 1, 0) + IF(AND(R217=1, S217=1, ISBLANK(P217), ISBLANK(Q217), T217=U217), 1, IF(AND(R217=1, S217=1, ISBLANK(P217), ISBLANK(Q217), U217>T217), 2, S217))","=IF(K217<>""Y"", 0, IF(AND(R217=1, S217=1, ISBLANK(P217), ISBLANK(Q217), T217=U217), 2, 3))"
Wednesday,10,2026-07-29,7:00pm,"Courts 10–13","Line 1 (#1/#2)","Hit Squad","LAX-Winona Fusion","","",Y,,,,,,,"=IF(L218="""",0,IF(L218>M218,1,0))+IF(N218="""",0,IF(N218>O218,1,0))+IF(P218="""",0,IF(P218>Q218,1,0))","=IF(M218="""",0,IF(M218>L218,1,0))+IF(O218="""",0,IF(O218>N218,1,0))+IF(Q218="""",0,IF(Q218>P218,1,0))","=SUM(L218,N218,P218)","=SUM(M218,O218,Q218)","=IF(K218=""Y"", 1, 0) + IF(AND(R218=1, S218=1, ISBLANK(P218), ISBLANK(Q218), T218=U218), 1, IF(AND(R218=1, S218=1, ISBLANK(P218), ISBLANK(Q218), T218>U218), 2, R218))","=IF(K218=""Y"", 1, 0) + IF(AND(R218=1, S218=1, ISBLANK(P218), ISBLANK(Q218), T218=U218), 1, IF(AND(R218=1, S218=1, ISBLANK(P218), ISBLANK(Q218), U218>T218), 2, S218))","=IF(K218<>""Y"", 0, IF(AND(R218=1, S218=1, ISBLANK(P218), ISBLANK(Q218), T218=U218), 2, 3))"
Wednesday,10,2026-07-29,7:00pm,"Courts 10–13","Line 2 (#3 Pair A)","Hit Squad","LAX-Winona Fusion","","",Y,,,,,,,"=IF(L219="""",0,IF(L219>M219,1,0))+IF(N219="""",0,IF(N219>O219,1,0))+IF(P219="""",0,IF(P219>Q219,1,0))","=IF(M219="""",0,IF(M219>L219,1,0))+IF(O219="""",0,IF(O219>N219,1,0))+IF(Q219="""",0,IF(Q219>P219,1,0))","=SUM(L219,N219,P219)","=SUM(M219,O219,Q219)","=IF(K219=""Y"", 1, 0) + IF(AND(R219=1, S219=1, ISBLANK(P219), ISBLANK(Q219), T219=U219), 1, IF(AND(R219=1, S219=1, ISBLANK(P219), ISBLANK(Q219), T219>U219), 2, R219))","=IF(K219=""Y"", 1, 0) + IF(AND(R219=1, S219=1, ISBLANK(P219), ISBLANK(Q219), T219=U219), 1, IF(AND(R219=1, S219=1, ISBLANK(P219), ISBLANK(Q219), U219>T219), 2, S219))","=IF(K219<>""Y"", 0, IF(AND(R219=1, S219=1, ISBLANK(P219), ISBLANK(Q219), T219=U219), 2, 3))"
Wednesday,10,2026-07-29,7:00pm,"Courts 10–13","Line 3 (#3 Pair B)","Hit Squad","LAX-Winona Fusion","","",Y,,,,,,,"=IF(L220="""",0,IF(L220>M220,1,0))+IF(N220="""",0,IF(N220>O220,1,0))+IF(P220="""",0,IF(P220>Q220,1,0))","=IF(M220="""",0,IF(M220>L220,1,0))+IF(O220="""",0,IF(O220>N220,1,0))+IF(Q220="""",0,IF(Q220>P220,1,0))","=SUM(L220,N220,P220)","=SUM(M220,O220,Q220)","=IF(K220=""Y"", 1, 0) + IF(AND(R220=1, S220=1, ISBLANK(P220), ISBLANK(Q220), T220=U220), 1, IF(AND(R220=1, S220=1, ISBLANK(P220), ISBLANK(Q220), T220>U220), 2, R220))","=IF(K220=""Y"", 1, 0) + IF(AND(R220=1, S220=1, ISBLANK(P220), ISBLANK(Q220), T220=U220), 1, IF(AND(R220=1, S220=1, ISBLANK(P220), ISBLANK(Q220), U220>T220), 2, S220))","=IF(K220<>""Y"", 0, IF(AND(R220=1, S220=1, ISBLANK(P220), ISBLANK(Q220), T220=U220), 2, 3))"
Wednesday,10,2026-07-29,7:00pm,"Courts 10–13","Line 4 (#4/#5)","Hit Squad","LAX-Winona Fusion","","",Y,,,,,,,"=IF(L221="""",0,IF(L221>M221,1,0))+IF(N221="""",0,IF(N221>O221,1,0))+IF(P221="""",0,IF(P221>Q221,1,0))","=IF(M221="""",0,IF(M221>L221,1,0))+IF(O221="""",0,IF(O221>N221,1,0))+IF(Q221="""",0,IF(Q221>P221,1,0))","=SUM(L221,N221,P221)","=SUM(M221,O221,Q221)","=IF(K221=""Y"", 1, 0) + IF(AND(R221=1, S221=1, ISBLANK(P221), ISBLANK(Q221), T221=U221), 1, IF(AND(R221=1, S221=1, ISBLANK(P221), ISBLANK(Q221), T221>U221), 2, R221))","=IF(K221=""Y"", 1, 0) + IF(AND(R221=1, S221=1, ISBLANK(P221), ISBLANK(Q221), T221=U221), 1, IF(AND(R221=1, S221=1, ISBLANK(P221), ISBLANK(Q221), U221>T221), 2, S221))","=IF(K221<>""Y"", 0, IF(AND(R221=1, S221=1, ISBLANK(P221), ISBLANK(Q221), T221=U221), 2, 3))"
Wednesday,10,2026-07-29,7:00pm,"Courts 6–9","Line 1 (#1/#2)","Hot Shots","Rally Monkeys","","",Y,,,,,,,"=IF(L222="""",0,IF(L222>M222,1,0))+IF(N222="""",0,IF(N222>O222,1,0))+IF(P222="""",0,IF(P222>Q222,1,0))","=IF(M222="""",0,IF(M222>L222,1,0))+IF(O222="""",0,IF(O222>N222,1,0))+IF(Q222="""",0,IF(Q222>P222,1,0))","=SUM(L222,N222,P222)","=SUM(M222,O222,Q222)","=IF(K222=""Y"", 1, 0) + IF(AND(R222=1, S222=1, ISBLANK(P222), ISBLANK(Q222), T222=U222), 1, IF(AND(R222=1, S222=1, ISBLANK(P222), ISBLANK(Q222), T222>U222), 2, R222))","=IF(K222=""Y"", 1, 0) + IF(AND(R222=1, S222=1, ISBLANK(P222), ISBLANK(Q222), T222=U222), 1, IF(AND(R222=1, S222=1, ISBLANK(P222), ISBLANK(Q222), U222>T222), 2, S222))","=IF(K222<>""Y"", 0, IF(AND(R222=1, S222=1, ISBLANK(P222), ISBLANK(Q222), T222=U222), 2, 3))"
Wednesday,10,2026-07-29,7:00pm,"Courts 6–9","Line 2 (#3 Pair A)","Hot Shots","Rally Monkeys","","",Y,,,,,,,"=IF(L223="""",0,IF(L223>M223,1,0))+IF(N223="""",0,IF(N223>O223,1,0))+IF(P223="""",0,IF(P223>Q223,1,0))","=IF(M223="""",0,IF(M223>L223,1,0))+IF(O223="""",0,IF(O223>N223,1,0))+IF(Q223="""",0,IF(Q223>P223,1,0))","=SUM(L223,N223,P223)","=SUM(M223,O223,Q223)","=IF(K223=""Y"", 1, 0) + IF(AND(R223=1, S223=1, ISBLANK(P223), ISBLANK(Q223), T223=U223), 1, IF(AND(R223=1, S223=1, ISBLANK(P223), ISBLANK(Q223), T223>U223), 2, R223))","=IF(K223=""Y"", 1, 0) + IF(AND(R223=1, S223=1, ISBLANK(P223), ISBLANK(Q223), T223=U223), 1, IF(AND(R223=1, S223=1, ISBLANK(P223), ISBLANK(Q223), U223>T223), 2, S223))","=IF(K223<>""Y"", 0, IF(AND(R223=1, S223=1, ISBLANK(P223), ISBLANK(Q223), T223=U223), 2, 3))"
Wednesday,10,2026-07-29,7:00pm,"Courts 6–9","Line 3 (#3 Pair B)","Hot Shots","Rally Monkeys","","",Y,,,,,,,"=IF(L224="""",0,IF(L224>M224,1,0))+IF(N224="""",0,IF(N224>O224,1,0))+IF(P224="""",0,IF(P224>Q224,1,0))","=IF(M224="""",0,IF(M224>L224,1,0))+IF(O224="""",0,IF(O224>N224,1,0))+IF(Q224="""",0,IF(Q224>P224,1,0))","=SUM(L224,N224,P224)","=SUM(M224,O224,Q224)","=IF(K224=""Y"", 1, 0) + IF(AND(R224=1, S224=1, ISBLANK(P224), ISBLANK(Q224), T224=U224), 1, IF(AND(R224=1, S224=1, ISBLANK(P224), ISBLANK(Q224), T224>U224), 2, R224))","=IF(K224=""Y"", 1, 0) + IF(AND(R224=1, S224=1, ISBLANK(P224), ISBLANK(Q224), T224=U224), 1, IF(AND(R224=1, S224=1, ISBLANK(P224), ISBLANK(Q224), U224>T224), 2, S224))","=IF(K224<>""Y"", 0, IF(AND(R224=1, S224=1, ISBLANK(P224), ISBLANK(Q224), T224=U224), 2, 3))"
Wednesday,10,2026-07-29,7:00pm,"Courts 6–9","Line 4 (#4/#5)","Hot Shots","Rally Monkeys","","",Y,,,,,,,"=IF(L225="""",0,IF(L225>M225,1,0))+IF(N225="""",0,IF(N225>O225,1,0))+IF(P225="""",0,IF(P225>Q225,1,0))","=IF(M225="""",0,IF(M225>L225,1,0))+IF(O225="""",0,IF(O225>N225,1,0))+IF(Q225="""",0,IF(Q225>P225,1,0))","=SUM(L225,N225,P225)","=SUM(M225,O225,Q225)","=IF(K225=""Y"", 1, 0) + IF(AND(R225=1, S225=1, ISBLANK(P225), ISBLANK(Q225), T225=U225), 1, IF(AND(R225=1, S225=1, ISBLANK(P225), ISBLANK(Q225), T225>U225), 2, R225))","=IF(K225=""Y"", 1, 0) + IF(AND(R225=1, S225=1, ISBLANK(P225), ISBLANK(Q225), T225=U225), 1, IF(AND(R225=1, S225=1, ISBLANK(P225), ISBLANK(Q225), U225>T225), 2, S225))","=IF(K225<>""Y"", 0, IF(AND(R225=1, S225=1, ISBLANK(P225), ISBLANK(Q225), T225=U225), 2, 3))"
Wednesday,10,2026-07-29,7:00pm,"Courts 1–5","Line 1 (#1/#2)","Glory Days","Nothing But Net","","",Y,,,,,,,"=IF(L226="""",0,IF(L226>M226,1,0))+IF(N226="""",0,IF(N226>O226,1,0))+IF(P226="""",0,IF(P226>Q226,1,0))","=IF(M226="""",0,IF(M226>L226,1,0))+IF(O226="""",0,IF(O226>N226,1,0))+IF(Q226="""",0,IF(Q226>P226,1,0))","=SUM(L226,N226,P226)","=SUM(M226,O226,Q226)","=IF(K226=""Y"", 1, 0) + IF(AND(R226=1, S226=1, ISBLANK(P226), ISBLANK(Q226), T226=U226), 1, IF(AND(R226=1, S226=1, ISBLANK(P226), ISBLANK(Q226), T226>U226), 2, R226))","=IF(K226=""Y"", 1, 0) + IF(AND(R226=1, S226=1, ISBLANK(P226), ISBLANK(Q226), T226=U226), 1, IF(AND(R226=1, S226=1, ISBLANK(P226), ISBLANK(Q226), U226>T226), 2, S226))","=IF(K226<>""Y"", 0, IF(AND(R226=1, S226=1, ISBLANK(P226), ISBLANK(Q226), T226=U226), 2, 3))"
Wednesday,10,2026-07-29,7:00pm,"Courts 1–5","Line 2 (#3 Pair A)","Glory Days","Nothing But Net","","",Y,,,,,,,"=IF(L227="""",0,IF(L227>M227,1,0))+IF(N227="""",0,IF(N227>O227,1,0))+IF(P227="""",0,IF(P227>Q227,1,0))","=IF(M227="""",0,IF(M227>L227,1,0))+IF(O227="""",0,IF(O227>N227,1,0))+IF(Q227="""",0,IF(Q227>P227,1,0))","=SUM(L227,N227,P227)","=SUM(M227,O227,Q227)","=IF(K227=""Y"", 1, 0) + IF(AND(R227=1, S227=1, ISBLANK(P227), ISBLANK(Q227), T227=U227), 1, IF(AND(R227=1, S227=1, ISBLANK(P227), ISBLANK(Q227), T227>U227), 2, R227))","=IF(K227=""Y"", 1, 0) + IF(AND(R227=1, S227=1, ISBLANK(P227), ISBLANK(Q227), T227=U227), 1, IF(AND(R227=1, S227=1, ISBLANK(P227), ISBLANK(Q227), U227>T227), 2, S227))","=IF(K227<>""Y"", 0, IF(AND(R227=1, S227=1, ISBLANK(P227), ISBLANK(Q227), T227=U227), 2, 3))"
Wednesday,10,2026-07-29,7:00pm,"Courts 1–5","Line 3 (#3 Pair B)","Glory Days","Nothing But Net","","",Y,,,,,,,"=IF(L228="""",0,IF(L228>M228,1,0))+IF(N228="""",0,IF(N228>O228,1,0))+IF(P228="""",0,IF(P228>Q228,1,0))","=IF(M228="""",0,IF(M228>L228,1,0))+IF(O228="""",0,IF(O228>N228,1,0))+IF(Q228="""",0,IF(Q228>P228,1,0))","=SUM(L228,N228,P228)","=SUM(M228,O228,Q228)","=IF(K228=""Y"", 1, 0) + IF(AND(R228=1, S228=1, ISBLANK(P228), ISBLANK(Q228), T228=U228), 1, IF(AND(R228=1, S228=1, ISBLANK(P228), ISBLANK(Q228), T228>U228), 2, R228))","=IF(K228=""Y"", 1, 0) + IF(AND(R228=1, S228=1, ISBLANK(P228), ISBLANK(Q228), T228=U228), 1, IF(AND(R228=1, S228=1, ISBLANK(P228), ISBLANK(Q228), U228>T228), 2, S228))","=IF(K228<>""Y"", 0, IF(AND(R228=1, S228=1, ISBLANK(P228), ISBLANK(Q228), T228=U228), 2, 3))"
Wednesday,10,2026-07-29,7:00pm,"Courts 1–5","Line 4 (#4/#5)","Glory Days","Nothing But Net","","",Y,,,,,,,"=IF(L229="""",0,IF(L229>M229,1,0))+IF(N229="""",0,IF(N229>O229,1,0))+IF(P229="""",0,IF(P229>Q229,1,0))","=IF(M229="""",0,IF(M229>L229,1,0))+IF(O229="""",0,IF(O229>N229,1,0))+IF(Q229="""",0,IF(Q229>P229,1,0))","=SUM(L229,N229,P229)","=SUM(M229,O229,Q229)","=IF(K229=""Y"", 1, 0) + IF(AND(R229=1, S229=1, ISBLANK(P229), ISBLANK(Q229), T229=U229), 1, IF(AND(R229=1, S229=1, ISBLANK(P229), ISBLANK(Q229), T229>U229), 2, R229))","=IF(K229=""Y"", 1, 0) + IF(AND(R229=1, S229=1, ISBLANK(P229), ISBLANK(Q229), T229=U229), 1, IF(AND(R229=1, S229=1, ISBLANK(P229), ISBLANK(Q229), U229>T229), 2, S229))","=IF(K229<>""Y"", 0, IF(AND(R229=1, S229=1, ISBLANK(P229), ISBLANK(Q229), T229=U229), 2, 3))"
Wednesday,10,2026-07-29,5:30pm,"Courts 1–5","Line 1 (#1/#2)","Howie's Team","Simply Smashing","","",Y,,,,,,,"=IF(L230="""",0,IF(L230>M230,1,0))+IF(N230="""",0,IF(N230>O230,1,0))+IF(P230="""",0,IF(P230>Q230,1,0))","=IF(M230="""",0,IF(M230>L230,1,0))+IF(O230="""",0,IF(O230>N230,1,0))+IF(Q230="""",0,IF(Q230>P230,1,0))","=SUM(L230,N230,P230)","=SUM(M230,O230,Q230)","=IF(K230=""Y"", 1, 0) + IF(AND(R230=1, S230=1, ISBLANK(P230), ISBLANK(Q230), T230=U230), 1, IF(AND(R230=1, S230=1, ISBLANK(P230), ISBLANK(Q230), T230>U230), 2, R230))","=IF(K230=""Y"", 1, 0) + IF(AND(R230=1, S230=1, ISBLANK(P230), ISBLANK(Q230), T230=U230), 1, IF(AND(R230=1, S230=1, ISBLANK(P230), ISBLANK(Q230), U230>T230), 2, S230))","=IF(K230<>""Y"", 0, IF(AND(R230=1, S230=1, ISBLANK(P230), ISBLANK(Q230), T230=U230), 2, 3))"
Wednesday,10,2026-07-29,5:30pm,"Courts 1–5","Line 2 (#3 Pair A)","Howie's Team","Simply Smashing","","",Y,,,,,,,"=IF(L231="""",0,IF(L231>M231,1,0))+IF(N231="""",0,IF(N231>O231,1,0))+IF(P231="""",0,IF(P231>Q231,1,0))","=IF(M231="""",0,IF(M231>L231,1,0))+IF(O231="""",0,IF(O231>N231,1,0))+IF(Q231="""",0,IF(Q231>P231,1,0))","=SUM(L231,N231,P231)","=SUM(M231,O231,Q231)","=IF(K231=""Y"", 1, 0) + IF(AND(R231=1, S231=1, ISBLANK(P231), ISBLANK(Q231), T231=U231), 1, IF(AND(R231=1, S231=1, ISBLANK(P231), ISBLANK(Q231), T231>U231), 2, R231))","=IF(K231=""Y"", 1, 0) + IF(AND(R231=1, S231=1, ISBLANK(P231), ISBLANK(Q231), T231=U231), 1, IF(AND(R231=1, S231=1, ISBLANK(P231), ISBLANK(Q231), U231>T231), 2, S231))","=IF(K231<>""Y"", 0, IF(AND(R231=1, S231=1, ISBLANK(P231), ISBLANK(Q231), T231=U231), 2, 3))"
Wednesday,10,2026-07-29,5:30pm,"Courts 1–5","Line 3 (#3 Pair B)","Howie's Team","Simply Smashing","","",Y,,,,,,,"=IF(L232="""",0,IF(L232>M232,1,0))+IF(N232="""",0,IF(N232>O232,1,0))+IF(P232="""",0,IF(P232>Q232,1,0))","=IF(M232="""",0,IF(M232>L232,1,0))+IF(O232="""",0,IF(O232>N232,1,0))+IF(Q232="""",0,IF(Q232>P232,1,0))","=SUM(L232,N232,P232)","=SUM(M232,O232,Q232)","=IF(K232=""Y"", 1, 0) + IF(AND(R232=1, S232=1, ISBLANK(P232), ISBLANK(Q232), T232=U232), 1, IF(AND(R232=1, S232=1, ISBLANK(P232), ISBLANK(Q232), T232>U232), 2, R232))","=IF(K232=""Y"", 1, 0) + IF(AND(R232=1, S232=1, ISBLANK(P232), ISBLANK(Q232), T232=U232), 1, IF(AND(R232=1, S232=1, ISBLANK(P232), ISBLANK(Q232), U232>T232), 2, S232))","=IF(K232<>""Y"", 0, IF(AND(R232=1, S232=1, ISBLANK(P232), ISBLANK(Q232), T232=U232), 2, 3))"
Wednesday,10,2026-07-29,5:30pm,"Courts 1–5","Line 4 (#4/#5)","Howie's Team","Simply Smashing","","",Y,,,,,,,"=IF(L233="""",0,IF(L233>M233,1,0))+IF(N233="""",0,IF(N233>O233,1,0))+IF(P233="""",0,IF(P233>Q233,1,0))","=IF(M233="""",0,IF(M233>L233,1,0))+IF(O233="""",0,IF(O233>N233,1,0))+IF(Q233="""",0,IF(Q233>P233,1,0))","=SUM(L233,N233,P233)","=SUM(M233,O233,Q233)","=IF(K233=""Y"", 1, 0) + IF(AND(R233=1, S233=1, ISBLANK(P233), ISBLANK(Q233), T233=U233), 1, IF(AND(R233=1, S233=1, ISBLANK(P233), ISBLANK(Q233), T233>U233), 2, R233))","=IF(K233=""Y"", 1, 0) + IF(AND(R233=1, S233=1, ISBLANK(P233), ISBLANK(Q233), T233=U233), 1, IF(AND(R233=1, S233=1, ISBLANK(P233), ISBLANK(Q233), U233>T233), 2, S233))","=IF(K233<>""Y"", 0, IF(AND(R233=1, S233=1, ISBLANK(P233), ISBLANK(Q233), T233=U233), 2, 3))"
Wednesday,10,2026-07-29,5:30pm,"Courts 6–9","Line 1 (#1/#2)","Serve Aces","Backhand Bandits","","",Y,,,,,,,"=IF(L234="""",0,IF(L234>M234,1,0))+IF(N234="""",0,IF(N234>O234,1,0))+IF(P234="""",0,IF(P234>Q234,1,0))","=IF(M234="""",0,IF(M234>L234,1,0))+IF(O234="""",0,IF(O234>N234,1,0))+IF(Q234="""",0,IF(Q234>P234,1,0))","=SUM(L234,N234,P234)","=SUM(M234,O234,Q234)","=IF(K234=""Y"", 1, 0) + IF(AND(R234=1, S234=1, ISBLANK(P234), ISBLANK(Q234), T234=U234), 1, IF(AND(R234=1, S234=1, ISBLANK(P234), ISBLANK(Q234), T234>U234), 2, R234))","=IF(K234=""Y"", 1, 0) + IF(AND(R234=1, S234=1, ISBLANK(P234), ISBLANK(Q234), T234=U234), 1, IF(AND(R234=1, S234=1, ISBLANK(P234), ISBLANK(Q234), U234>T234), 2, S234))","=IF(K234<>""Y"", 0, IF(AND(R234=1, S234=1, ISBLANK(P234), ISBLANK(Q234), T234=U234), 2, 3))"
Wednesday,10,2026-07-29,5:30pm,"Courts 6–9","Line 2 (#3 Pair A)","Serve Aces","Backhand Bandits","","",Y,,,,,,,"=IF(L235="""",0,IF(L235>M235,1,0))+IF(N235="""",0,IF(N235>O235,1,0))+IF(P235="""",0,IF(P235>Q235,1,0))","=IF(M235="""",0,IF(M235>L235,1,0))+IF(O235="""",0,IF(O235>N235,1,0))+IF(Q235="""",0,IF(Q235>P235,1,0))","=SUM(L235,N235,P235)","=SUM(M235,O235,Q235)","=IF(K235=""Y"", 1, 0) + IF(AND(R235=1, S235=1, ISBLANK(P235), ISBLANK(Q235), T235=U235), 1, IF(AND(R235=1, S235=1, ISBLANK(P235), ISBLANK(Q235), T235>U235), 2, R235))","=IF(K235=""Y"", 1, 0) + IF(AND(R235=1, S235=1, ISBLANK(P235), ISBLANK(Q235), T235=U235), 1, IF(AND(R235=1, S235=1, ISBLANK(P235), ISBLANK(Q235), U235>T235), 2, S235))","=IF(K235<>""Y"", 0, IF(AND(R235=1, S235=1, ISBLANK(P235), ISBLANK(Q235), T235=U235), 2, 3))"
Wednesday,10,2026-07-29,5:30pm,"Courts 6–9","Line 3 (#3 Pair B)","Serve Aces","Backhand Bandits","","",Y,,,,,,,"=IF(L236="""",0,IF(L236>M236,1,0))+IF(N236="""",0,IF(N236>O236,1,0))+IF(P236="""",0,IF(P236>Q236,1,0))","=IF(M236="""",0,IF(M236>L236,1,0))+IF(O236="""",0,IF(O236>N236,1,0))+IF(Q236="""",0,IF(Q236>P236,1,0))","=SUM(L236,N236,P236)","=SUM(M236,O236,Q236)","=IF(K236=""Y"", 1, 0) + IF(AND(R236=1, S236=1, ISBLANK(P236), ISBLANK(Q236), T236=U236), 1, IF(AND(R236=1, S236=1, ISBLANK(P236), ISBLANK(Q236), T236>U236), 2, R236))","=IF(K236=""Y"", 1, 0) + IF(AND(R236=1, S236=1, ISBLANK(P236), ISBLANK(Q236), T236=U236), 1, IF(AND(R236=1, S236=1, ISBLANK(P236), ISBLANK(Q236), U236>T236), 2, S236))","=IF(K236<>""Y"", 0, IF(AND(R236=1, S236=1, ISBLANK(P236), ISBLANK(Q236), T236=U236), 2, 3))"
Wednesday,10,2026-07-29,5:30pm,"Courts 6–9","Line 4 (#4/#5)","Serve Aces","Backhand Bandits","","",Y,,,,,,,"=IF(L237="""",0,IF(L237>M237,1,0))+IF(N237="""",0,IF(N237>O237,1,0))+IF(P237="""",0,IF(P237>Q237,1,0))","=IF(M237="""",0,IF(M237>L237,1,0))+IF(O237="""",0,IF(O237>N237,1,0))+IF(Q237="""",0,IF(Q237>P237,1,0))","=SUM(L237,N237,P237)","=SUM(M237,O237,Q237)","=IF(K237=""Y"", 1, 0) + IF(AND(R237=1, S237=1, ISBLANK(P237), ISBLANK(Q237), T237=U237), 1, IF(AND(R237=1, S237=1, ISBLANK(P237), ISBLANK(Q237), T237>U237), 2, R237))","=IF(K237=""Y"", 1, 0) + IF(AND(R237=1, S237=1, ISBLANK(P237), ISBLANK(Q237), T237=U237), 1, IF(AND(R237=1, S237=1, ISBLANK(P237), ISBLANK(Q237), U237>T237), 2, S237))","=IF(K237<>""Y"", 0, IF(AND(R237=1, S237=1, ISBLANK(P237), ISBLANK(Q237), T237=U237), 2, 3))"
Wednesday,10,2026-07-29,5:30pm,"Courts 10–13","Line 1 (#1/#2)","Not My Fault","Baseliners","","",Y,,,,,,,"=IF(L238="""",0,IF(L238>M238,1,0))+IF(N238="""",0,IF(N238>O238,1,0))+IF(P238="""",0,IF(P238>Q238,1,0))","=IF(M238="""",0,IF(M238>L238,1,0))+IF(O238="""",0,IF(O238>N238,1,0))+IF(Q238="""",0,IF(Q238>P238,1,0))","=SUM(L238,N238,P238)","=SUM(M238,O238,Q238)","=IF(K238=""Y"", 1, 0) + IF(AND(R238=1, S238=1, ISBLANK(P238), ISBLANK(Q238), T238=U238), 1, IF(AND(R238=1, S238=1, ISBLANK(P238), ISBLANK(Q238), T238>U238), 2, R238))","=IF(K238=""Y"", 1, 0) + IF(AND(R238=1, S238=1, ISBLANK(P238), ISBLANK(Q238), T238=U238), 1, IF(AND(R238=1, S238=1, ISBLANK(P238), ISBLANK(Q238), U238>T238), 2, S238))","=IF(K238<>""Y"", 0, IF(AND(R238=1, S238=1, ISBLANK(P238), ISBLANK(Q238), T238=U238), 2, 3))"
Wednesday,10,2026-07-29,5:30pm,"Courts 10–13","Line 2 (#3 Pair A)","Not My Fault","Baseliners","","",Y,,,,,,,"=IF(L239="""",0,IF(L239>M239,1,0))+IF(N239="""",0,IF(N239>O239,1,0))+IF(P239="""",0,IF(P239>Q239,1,0))","=IF(M239="""",0,IF(M239>L239,1,0))+IF(O239="""",0,IF(O239>N239,1,0))+IF(Q239="""",0,IF(Q239>P239,1,0))","=SUM(L239,N239,P239)","=SUM(M239,O239,Q239)","=IF(K239=""Y"", 1, 0) + IF(AND(R239=1, S239=1, ISBLANK(P239), ISBLANK(Q239), T239=U239), 1, IF(AND(R239=1, S239=1, ISBLANK(P239), ISBLANK(Q239), T239>U239), 2, R239))","=IF(K239=""Y"", 1, 0) + IF(AND(R239=1, S239=1, ISBLANK(P239), ISBLANK(Q239), T239=U239), 1, IF(AND(R239=1, S239=1, ISBLANK(P239), ISBLANK(Q239), U239>T239), 2, S239))","=IF(K239<>""Y"", 0, IF(AND(R239=1, S239=1, ISBLANK(P239), ISBLANK(Q239), T239=U239), 2, 3))"
Wednesday,10,2026-07-29,5:30pm,"Courts 10–13","Line 3 (#3 Pair B)","Not My Fault","Baseliners","","",Y,,,,,,,"=IF(L240="""",0,IF(L240>M240,1,0))+IF(N240="""",0,IF(N240>O240,1,0))+IF(P240="""",0,IF(P240>Q240,1,0))","=IF(M240="""",0,IF(M240>L240,1,0))+IF(O240="""",0,IF(O240>N240,1,0))+IF(Q240="""",0,IF(Q240>P240,1,0))","=SUM(L240,N240,P240)","=SUM(M240,O240,Q240)","=IF(K240=""Y"", 1, 0) + IF(AND(R240=1, S240=1, ISBLANK(P240), ISBLANK(Q240), T240=U240), 1, IF(AND(R240=1, S240=1, ISBLANK(P240), ISBLANK(Q240), T240>U240), 2, R240))","=IF(K240=""Y"", 1, 0) + IF(AND(R240=1, S240=1, ISBLANK(P240), ISBLANK(Q240), T240=U240), 1, IF(AND(R240=1, S240=1, ISBLANK(P240), ISBLANK(Q240), U240>T240), 2, S240))","=IF(K240<>""Y"", 0, IF(AND(R240=1, S240=1, ISBLANK(P240), ISBLANK(Q240), T240=U240), 2, 3))"
Wednesday,10,2026-07-29,5:30pm,"Courts 10–13","Line 4 (#4/#5)","Not My Fault","Baseliners","","",Y,,,,,,,"=IF(L241="""",0,IF(L241>M241,1,0))+IF(N241="""",0,IF(N241>O241,1,0))+IF(P241="""",0,IF(P241>Q241,1,0))","=IF(M241="""",0,IF(M241>L241,1,0))+IF(O241="""",0,IF(O241>N241,1,0))+IF(Q241="""",0,IF(Q241>P241,1,0))","=SUM(L241,N241,P241)","=SUM(M241,O241,Q241)","=IF(K241=""Y"", 1, 0) + IF(AND(R241=1, S241=1, ISBLANK(P241), ISBLANK(Q241), T241=U241), 1, IF(AND(R241=1, S241=1, ISBLANK(P241), ISBLANK(Q241), T241>U241), 2, R241))","=IF(K241=""Y"", 1, 0) + IF(AND(R241=1, S241=1, ISBLANK(P241), ISBLANK(Q241), T241=U241), 1, IF(AND(R241=1, S241=1, ISBLANK(P241), ISBLANK(Q241), U241>T241), 2, S241))","=IF(K241<>""Y"", 0, IF(AND(R241=1, S241=1, ISBLANK(P241), ISBLANK(Q241), T241=U241), 2, 3))"
Wednesday,11,2026-08-05,5:30pm,"Courts 6–9","Line 1 (#1/#2)","LAX-Winona Fusion","Rally Monkeys","","",Y,,,,,,,"=IF(L242="""",0,IF(L242>M242,1,0))+IF(N242="""",0,IF(N242>O242,1,0))+IF(P242="""",0,IF(P242>Q242,1,0))","=IF(M242="""",0,IF(M242>L242,1,0))+IF(O242="""",0,IF(O242>N242,1,0))+IF(Q242="""",0,IF(Q242>P242,1,0))","=SUM(L242,N242,P242)","=SUM(M242,O242,Q242)","=IF(K242=""Y"", 1, 0) + IF(AND(R242=1, S242=1, ISBLANK(P242), ISBLANK(Q242), T242=U242), 1, IF(AND(R242=1, S242=1, ISBLANK(P242), ISBLANK(Q242), T242>U242), 2, R242))","=IF(K242=""Y"", 1, 0) + IF(AND(R242=1, S242=1, ISBLANK(P242), ISBLANK(Q242), T242=U242), 1, IF(AND(R242=1, S242=1, ISBLANK(P242), ISBLANK(Q242), U242>T242), 2, S242))","=IF(K242<>""Y"", 0, IF(AND(R242=1, S242=1, ISBLANK(P242), ISBLANK(Q242), T242=U242), 2, 3))"
Wednesday,11,2026-08-05,5:30pm,"Courts 6–9","Line 2 (#3 Pair A)","LAX-Winona Fusion","Rally Monkeys","","",Y,,,,,,,"=IF(L243="""",0,IF(L243>M243,1,0))+IF(N243="""",0,IF(N243>O243,1,0))+IF(P243="""",0,IF(P243>Q243,1,0))","=IF(M243="""",0,IF(M243>L243,1,0))+IF(O243="""",0,IF(O243>N243,1,0))+IF(Q243="""",0,IF(Q243>P243,1,0))","=SUM(L243,N243,P243)","=SUM(M243,O243,Q243)","=IF(K243=""Y"", 1, 0) + IF(AND(R243=1, S243=1, ISBLANK(P243), ISBLANK(Q243), T243=U243), 1, IF(AND(R243=1, S243=1, ISBLANK(P243), ISBLANK(Q243), T243>U243), 2, R243))","=IF(K243=""Y"", 1, 0) + IF(AND(R243=1, S243=1, ISBLANK(P243), ISBLANK(Q243), T243=U243), 1, IF(AND(R243=1, S243=1, ISBLANK(P243), ISBLANK(Q243), U243>T243), 2, S243))","=IF(K243<>""Y"", 0, IF(AND(R243=1, S243=1, ISBLANK(P243), ISBLANK(Q243), T243=U243), 2, 3))"
Wednesday,11,2026-08-05,5:30pm,"Courts 6–9","Line 3 (#3 Pair B)","LAX-Winona Fusion","Rally Monkeys","","",Y,,,,,,,"=IF(L244="""",0,IF(L244>M244,1,0))+IF(N244="""",0,IF(N244>O244,1,0))+IF(P244="""",0,IF(P244>Q244,1,0))","=IF(M244="""",0,IF(M244>L244,1,0))+IF(O244="""",0,IF(O244>N244,1,0))+IF(Q244="""",0,IF(Q244>P244,1,0))","=SUM(L244,N244,P244)","=SUM(M244,O244,Q244)","=IF(K244=""Y"", 1, 0) + IF(AND(R244=1, S244=1, ISBLANK(P244), ISBLANK(Q244), T244=U244), 1, IF(AND(R244=1, S244=1, ISBLANK(P244), ISBLANK(Q244), T244>U244), 2, R244))","=IF(K244=""Y"", 1, 0) + IF(AND(R244=1, S244=1, ISBLANK(P244), ISBLANK(Q244), T244=U244), 1, IF(AND(R244=1, S244=1, ISBLANK(P244), ISBLANK(Q244), U244>T244), 2, S244))","=IF(K244<>""Y"", 0, IF(AND(R244=1, S244=1, ISBLANK(P244), ISBLANK(Q244), T244=U244), 2, 3))"
Wednesday,11,2026-08-05,5:30pm,"Courts 6–9","Line 4 (#4/#5)","LAX-Winona Fusion","Rally Monkeys","","",Y,,,,,,,"=IF(L245="""",0,IF(L245>M245,1,0))+IF(N245="""",0,IF(N245>O245,1,0))+IF(P245="""",0,IF(P245>Q245,1,0))","=IF(M245="""",0,IF(M245>L245,1,0))+IF(O245="""",0,IF(O245>N245,1,0))+IF(Q245="""",0,IF(Q245>P245,1,0))","=SUM(L245,N245,P245)","=SUM(M245,O245,Q245)","=IF(K245=""Y"", 1, 0) + IF(AND(R245=1, S245=1, ISBLANK(P245), ISBLANK(Q245), T245=U245), 1, IF(AND(R245=1, S245=1, ISBLANK(P245), ISBLANK(Q245), T245>U245), 2, R245))","=IF(K245=""Y"", 1, 0) + IF(AND(R245=1, S245=1, ISBLANK(P245), ISBLANK(Q245), T245=U245), 1, IF(AND(R245=1, S245=1, ISBLANK(P245), ISBLANK(Q245), U245>T245), 2, S245))","=IF(K245<>""Y"", 0, IF(AND(R245=1, S245=1, ISBLANK(P245), ISBLANK(Q245), T245=U245), 2, 3))"
Wednesday,11,2026-08-05,5:30pm,"Courts 1–5","Line 1 (#1/#2)","Hit Squad","Nothing But Net","","",Y,,,,,,,"=IF(L246="""",0,IF(L246>M246,1,0))+IF(N246="""",0,IF(N246>O246,1,0))+IF(P246="""",0,IF(P246>Q246,1,0))","=IF(M246="""",0,IF(M246>L246,1,0))+IF(O246="""",0,IF(O246>N246,1,0))+IF(Q246="""",0,IF(Q246>P246,1,0))","=SUM(L246,N246,P246)","=SUM(M246,O246,Q246)","=IF(K246=""Y"", 1, 0) + IF(AND(R246=1, S246=1, ISBLANK(P246), ISBLANK(Q246), T246=U246), 1, IF(AND(R246=1, S246=1, ISBLANK(P246), ISBLANK(Q246), T246>U246), 2, R246))","=IF(K246=""Y"", 1, 0) + IF(AND(R246=1, S246=1, ISBLANK(P246), ISBLANK(Q246), T246=U246), 1, IF(AND(R246=1, S246=1, ISBLANK(P246), ISBLANK(Q246), U246>T246), 2, S246))","=IF(K246<>""Y"", 0, IF(AND(R246=1, S246=1, ISBLANK(P246), ISBLANK(Q246), T246=U246), 2, 3))"
Wednesday,11,2026-08-05,5:30pm,"Courts 1–5","Line 2 (#3 Pair A)","Hit Squad","Nothing But Net","","",Y,,,,,,,"=IF(L247="""",0,IF(L247>M247,1,0))+IF(N247="""",0,IF(N247>O247,1,0))+IF(P247="""",0,IF(P247>Q247,1,0))","=IF(M247="""",0,IF(M247>L247,1,0))+IF(O247="""",0,IF(O247>N247,1,0))+IF(Q247="""",0,IF(Q247>P247,1,0))","=SUM(L247,N247,P247)","=SUM(M247,O247,Q247)","=IF(K247=""Y"", 1, 0) + IF(AND(R247=1, S247=1, ISBLANK(P247), ISBLANK(Q247), T247=U247), 1, IF(AND(R247=1, S247=1, ISBLANK(P247), ISBLANK(Q247), T247>U247), 2, R247))","=IF(K247=""Y"", 1, 0) + IF(AND(R247=1, S247=1, ISBLANK(P247), ISBLANK(Q247), T247=U247), 1, IF(AND(R247=1, S247=1, ISBLANK(P247), ISBLANK(Q247), U247>T247), 2, S247))","=IF(K247<>""Y"", 0, IF(AND(R247=1, S247=1, ISBLANK(P247), ISBLANK(Q247), T247=U247), 2, 3))"
Wednesday,11,2026-08-05,5:30pm,"Courts 1–5","Line 3 (#3 Pair B)","Hit Squad","Nothing But Net","","",Y,,,,,,,"=IF(L248="""",0,IF(L248>M248,1,0))+IF(N248="""",0,IF(N248>O248,1,0))+IF(P248="""",0,IF(P248>Q248,1,0))","=IF(M248="""",0,IF(M248>L248,1,0))+IF(O248="""",0,IF(O248>N248,1,0))+IF(Q248="""",0,IF(Q248>P248,1,0))","=SUM(L248,N248,P248)","=SUM(M248,O248,Q248)","=IF(K248=""Y"", 1, 0) + IF(AND(R248=1, S248=1, ISBLANK(P248), ISBLANK(Q248), T248=U248), 1, IF(AND(R248=1, S248=1, ISBLANK(P248), ISBLANK(Q248), T248>U248), 2, R248))","=IF(K248=""Y"", 1, 0) + IF(AND(R248=1, S248=1, ISBLANK(P248), ISBLANK(Q248), T248=U248), 1, IF(AND(R248=1, S248=1, ISBLANK(P248), ISBLANK(Q248), U248>T248), 2, S248))","=IF(K248<>""Y"", 0, IF(AND(R248=1, S248=1, ISBLANK(P248), ISBLANK(Q248), T248=U248), 2, 3))"
Wednesday,11,2026-08-05,5:30pm,"Courts 1–5","Line 4 (#4/#5)","Hit Squad","Nothing But Net","","",Y,,,,,,,"=IF(L249="""",0,IF(L249>M249,1,0))+IF(N249="""",0,IF(N249>O249,1,0))+IF(P249="""",0,IF(P249>Q249,1,0))","=IF(M249="""",0,IF(M249>L249,1,0))+IF(O249="""",0,IF(O249>N249,1,0))+IF(Q249="""",0,IF(Q249>P249,1,0))","=SUM(L249,N249,P249)","=SUM(M249,O249,Q249)","=IF(K249=""Y"", 1, 0) + IF(AND(R249=1, S249=1, ISBLANK(P249), ISBLANK(Q249), T249=U249), 1, IF(AND(R249=1, S249=1, ISBLANK(P249), ISBLANK(Q249), T249>U249), 2, R249))","=IF(K249=""Y"", 1, 0) + IF(AND(R249=1, S249=1, ISBLANK(P249), ISBLANK(Q249), T249=U249), 1, IF(AND(R249=1, S249=1, ISBLANK(P249), ISBLANK(Q249), U249>T249), 2, S249))","=IF(K249<>""Y"", 0, IF(AND(R249=1, S249=1, ISBLANK(P249), ISBLANK(Q249), T249=U249), 2, 3))"
Wednesday,11,2026-08-05,5:30pm,"Courts 10–13","Line 1 (#1/#2)","Hot Shots","Simply Smashing","","",Y,,,,,,,"=IF(L250="""",0,IF(L250>M250,1,0))+IF(N250="""",0,IF(N250>O250,1,0))+IF(P250="""",0,IF(P250>Q250,1,0))","=IF(M250="""",0,IF(M250>L250,1,0))+IF(O250="""",0,IF(O250>N250,1,0))+IF(Q250="""",0,IF(Q250>P250,1,0))","=SUM(L250,N250,P250)","=SUM(M250,O250,Q250)","=IF(K250=""Y"", 1, 0) + IF(AND(R250=1, S250=1, ISBLANK(P250), ISBLANK(Q250), T250=U250), 1, IF(AND(R250=1, S250=1, ISBLANK(P250), ISBLANK(Q250), T250>U250), 2, R250))","=IF(K250=""Y"", 1, 0) + IF(AND(R250=1, S250=1, ISBLANK(P250), ISBLANK(Q250), T250=U250), 1, IF(AND(R250=1, S250=1, ISBLANK(P250), ISBLANK(Q250), U250>T250), 2, S250))","=IF(K250<>""Y"", 0, IF(AND(R250=1, S250=1, ISBLANK(P250), ISBLANK(Q250), T250=U250), 2, 3))"
Wednesday,11,2026-08-05,5:30pm,"Courts 10–13","Line 2 (#3 Pair A)","Hot Shots","Simply Smashing","","",Y,,,,,,,"=IF(L251="""",0,IF(L251>M251,1,0))+IF(N251="""",0,IF(N251>O251,1,0))+IF(P251="""",0,IF(P251>Q251,1,0))","=IF(M251="""",0,IF(M251>L251,1,0))+IF(O251="""",0,IF(O251>N251,1,0))+IF(Q251="""",0,IF(Q251>P251,1,0))","=SUM(L251,N251,P251)","=SUM(M251,O251,Q251)","=IF(K251=""Y"", 1, 0) + IF(AND(R251=1, S251=1, ISBLANK(P251), ISBLANK(Q251), T251=U251), 1, IF(AND(R251=1, S251=1, ISBLANK(P251), ISBLANK(Q251), T251>U251), 2, R251))","=IF(K251=""Y"", 1, 0) + IF(AND(R251=1, S251=1, ISBLANK(P251), ISBLANK(Q251), T251=U251), 1, IF(AND(R251=1, S251=1, ISBLANK(P251), ISBLANK(Q251), U251>T251), 2, S251))","=IF(K251<>""Y"", 0, IF(AND(R251=1, S251=1, ISBLANK(P251), ISBLANK(Q251), T251=U251), 2, 3))"
Wednesday,11,2026-08-05,5:30pm,"Courts 10–13","Line 3 (#3 Pair B)","Hot Shots","Simply Smashing","","",Y,,,,,,,"=IF(L252="""",0,IF(L252>M252,1,0))+IF(N252="""",0,IF(N252>O252,1,0))+IF(P252="""",0,IF(P252>Q252,1,0))","=IF(M252="""",0,IF(M252>L252,1,0))+IF(O252="""",0,IF(O252>N252,1,0))+IF(Q252="""",0,IF(Q252>P252,1,0))","=SUM(L252,N252,P252)","=SUM(M252,O252,Q252)","=IF(K252=""Y"", 1, 0) + IF(AND(R252=1, S252=1, ISBLANK(P252), ISBLANK(Q252), T252=U252), 1, IF(AND(R252=1, S252=1, ISBLANK(P252), ISBLANK(Q252), T252>U252), 2, R252))","=IF(K252=""Y"", 1, 0) + IF(AND(R252=1, S252=1, ISBLANK(P252), ISBLANK(Q252), T252=U252), 1, IF(AND(R252=1, S252=1, ISBLANK(P252), ISBLANK(Q252), U252>T252), 2, S252))","=IF(K252<>""Y"", 0, IF(AND(R252=1, S252=1, ISBLANK(P252), ISBLANK(Q252), T252=U252), 2, 3))"
Wednesday,11,2026-08-05,5:30pm,"Courts 10–13","Line 4 (#4/#5)","Hot Shots","Simply Smashing","","",Y,,,,,,,"=IF(L253="""",0,IF(L253>M253,1,0))+IF(N253="""",0,IF(N253>O253,1,0))+IF(P253="""",0,IF(P253>Q253,1,0))","=IF(M253="""",0,IF(M253>L253,1,0))+IF(O253="""",0,IF(O253>N253,1,0))+IF(Q253="""",0,IF(Q253>P253,1,0))","=SUM(L253,N253,P253)","=SUM(M253,O253,Q253)","=IF(K253=""Y"", 1, 0) + IF(AND(R253=1, S253=1, ISBLANK(P253), ISBLANK(Q253), T253=U253), 1, IF(AND(R253=1, S253=1, ISBLANK(P253), ISBLANK(Q253), T253>U253), 2, R253))","=IF(K253=""Y"", 1, 0) + IF(AND(R253=1, S253=1, ISBLANK(P253), ISBLANK(Q253), T253=U253), 1, IF(AND(R253=1, S253=1, ISBLANK(P253), ISBLANK(Q253), U253>T253), 2, S253))","=IF(K253<>""Y"", 0, IF(AND(R253=1, S253=1, ISBLANK(P253), ISBLANK(Q253), T253=U253), 2, 3))"
Wednesday,11,2026-08-05,7:00pm,"Courts 10–13","Line 1 (#1/#2)","Glory Days","Backhand Bandits","","",Y,,,,,,,"=IF(L254="""",0,IF(L254>M254,1,0))+IF(N254="""",0,IF(N254>O254,1,0))+IF(P254="""",0,IF(P254>Q254,1,0))","=IF(M254="""",0,IF(M254>L254,1,0))+IF(O254="""",0,IF(O254>N254,1,0))+IF(Q254="""",0,IF(Q254>P254,1,0))","=SUM(L254,N254,P254)","=SUM(M254,O254,Q254)","=IF(K254=""Y"", 1, 0) + IF(AND(R254=1, S254=1, ISBLANK(P254), ISBLANK(Q254), T254=U254), 1, IF(AND(R254=1, S254=1, ISBLANK(P254), ISBLANK(Q254), T254>U254), 2, R254))","=IF(K254=""Y"", 1, 0) + IF(AND(R254=1, S254=1, ISBLANK(P254), ISBLANK(Q254), T254=U254), 1, IF(AND(R254=1, S254=1, ISBLANK(P254), ISBLANK(Q254), U254>T254), 2, S254))","=IF(K254<>""Y"", 0, IF(AND(R254=1, S254=1, ISBLANK(P254), ISBLANK(Q254), T254=U254), 2, 3))"
Wednesday,11,2026-08-05,7:00pm,"Courts 10–13","Line 2 (#3 Pair A)","Glory Days","Backhand Bandits","","",Y,,,,,,,"=IF(L255="""",0,IF(L255>M255,1,0))+IF(N255="""",0,IF(N255>O255,1,0))+IF(P255="""",0,IF(P255>Q255,1,0))","=IF(M255="""",0,IF(M255>L255,1,0))+IF(O255="""",0,IF(O255>N255,1,0))+IF(Q255="""",0,IF(Q255>P255,1,0))","=SUM(L255,N255,P255)","=SUM(M255,O255,Q255)","=IF(K255=""Y"", 1, 0) + IF(AND(R255=1, S255=1, ISBLANK(P255), ISBLANK(Q255), T255=U255), 1, IF(AND(R255=1, S255=1, ISBLANK(P255), ISBLANK(Q255), T255>U255), 2, R255))","=IF(K255=""Y"", 1, 0) + IF(AND(R255=1, S255=1, ISBLANK(P255), ISBLANK(Q255), T255=U255), 1, IF(AND(R255=1, S255=1, ISBLANK(P255), ISBLANK(Q255), U255>T255), 2, S255))","=IF(K255<>""Y"", 0, IF(AND(R255=1, S255=1, ISBLANK(P255), ISBLANK(Q255), T255=U255), 2, 3))"
Wednesday,11,2026-08-05,7:00pm,"Courts 10–13","Line 3 (#3 Pair B)","Glory Days","Backhand Bandits","","",Y,,,,,,,"=IF(L256="""",0,IF(L256>M256,1,0))+IF(N256="""",0,IF(N256>O256,1,0))+IF(P256="""",0,IF(P256>Q256,1,0))","=IF(M256="""",0,IF(M256>L256,1,0))+IF(O256="""",0,IF(O256>N256,1,0))+IF(Q256="""",0,IF(Q256>P256,1,0))","=SUM(L256,N256,P256)","=SUM(M256,O256,Q256)","=IF(K256=""Y"", 1, 0) + IF(AND(R256=1, S256=1, ISBLANK(P256), ISBLANK(Q256), T256=U256), 1, IF(AND(R256=1, S256=1, ISBLANK(P256), ISBLANK(Q256), T256>U256), 2, R256))","=IF(K256=""Y"", 1, 0) + IF(AND(R256=1, S256=1, ISBLANK(P256), ISBLANK(Q256), T256=U256), 1, IF(AND(R256=1, S256=1, ISBLANK(P256), ISBLANK(Q256), U256>T256), 2, S256))","=IF(K256<>""Y"", 0, IF(AND(R256=1, S256=1, ISBLANK(P256), ISBLANK(Q256), T256=U256), 2, 3))"
Wednesday,11,2026-08-05,7:00pm,"Courts 10–13","Line 4 (#4/#5)","Glory Days","Backhand Bandits","","",Y,,,,,,,"=IF(L257="""",0,IF(L257>M257,1,0))+IF(N257="""",0,IF(N257>O257,1,0))+IF(P257="""",0,IF(P257>Q257,1,0))","=IF(M257="""",0,IF(M257>L257,1,0))+IF(O257="""",0,IF(O257>N257,1,0))+IF(Q257="""",0,IF(Q257>P257,1,0))","=SUM(L257,N257,P257)","=SUM(M257,O257,Q257)","=IF(K257=""Y"", 1, 0) + IF(AND(R257=1, S257=1, ISBLANK(P257), ISBLANK(Q257), T257=U257), 1, IF(AND(R257=1, S257=1, ISBLANK(P257), ISBLANK(Q257), T257>U257), 2, R257))","=IF(K257=""Y"", 1, 0) + IF(AND(R257=1, S257=1, ISBLANK(P257), ISBLANK(Q257), T257=U257), 1, IF(AND(R257=1, S257=1, ISBLANK(P257), ISBLANK(Q257), U257>T257), 2, S257))","=IF(K257<>""Y"", 0, IF(AND(R257=1, S257=1, ISBLANK(P257), ISBLANK(Q257), T257=U257), 2, 3))"
Wednesday,11,2026-08-05,7:00pm,"Courts 1–5","Line 1 (#1/#2)","Howie's Team","Baseliners","","",Y,,,,,,,"=IF(L258="""",0,IF(L258>M258,1,0))+IF(N258="""",0,IF(N258>O258,1,0))+IF(P258="""",0,IF(P258>Q258,1,0))","=IF(M258="""",0,IF(M258>L258,1,0))+IF(O258="""",0,IF(O258>N258,1,0))+IF(Q258="""",0,IF(Q258>P258,1,0))","=SUM(L258,N258,P258)","=SUM(M258,O258,Q258)","=IF(K258=""Y"", 1, 0) + IF(AND(R258=1, S258=1, ISBLANK(P258), ISBLANK(Q258), T258=U258), 1, IF(AND(R258=1, S258=1, ISBLANK(P258), ISBLANK(Q258), T258>U258), 2, R258))","=IF(K258=""Y"", 1, 0) + IF(AND(R258=1, S258=1, ISBLANK(P258), ISBLANK(Q258), T258=U258), 1, IF(AND(R258=1, S258=1, ISBLANK(P258), ISBLANK(Q258), U258>T258), 2, S258))","=IF(K258<>""Y"", 0, IF(AND(R258=1, S258=1, ISBLANK(P258), ISBLANK(Q258), T258=U258), 2, 3))"
Wednesday,11,2026-08-05,7:00pm,"Courts 1–5","Line 2 (#3 Pair A)","Howie's Team","Baseliners","","",Y,,,,,,,"=IF(L259="""",0,IF(L259>M259,1,0))+IF(N259="""",0,IF(N259>O259,1,0))+IF(P259="""",0,IF(P259>Q259,1,0))","=IF(M259="""",0,IF(M259>L259,1,0))+IF(O259="""",0,IF(O259>N259,1,0))+IF(Q259="""",0,IF(Q259>P259,1,0))","=SUM(L259,N259,P259)","=SUM(M259,O259,Q259)","=IF(K259=""Y"", 1, 0) + IF(AND(R259=1, S259=1, ISBLANK(P259), ISBLANK(Q259), T259=U259), 1, IF(AND(R259=1, S259=1, ISBLANK(P259), ISBLANK(Q259), T259>U259), 2, R259))","=IF(K259=""Y"", 1, 0) + IF(AND(R259=1, S259=1, ISBLANK(P259), ISBLANK(Q259), T259=U259), 1, IF(AND(R259=1, S259=1, ISBLANK(P259), ISBLANK(Q259), U259>T259), 2, S259))","=IF(K259<>""Y"", 0, IF(AND(R259=1, S259=1, ISBLANK(P259), ISBLANK(Q259), T259=U259), 2, 3))"
Wednesday,11,2026-08-05,7:00pm,"Courts 1–5","Line 3 (#3 Pair B)","Howie's Team","Baseliners","","",Y,,,,,,,"=IF(L260="""",0,IF(L260>M260,1,0))+IF(N260="""",0,IF(N260>O260,1,0))+IF(P260="""",0,IF(P260>Q260,1,0))","=IF(M260="""",0,IF(M260>L260,1,0))+IF(O260="""",0,IF(O260>N260,1,0))+IF(Q260="""",0,IF(Q260>P260,1,0))","=SUM(L260,N260,P260)","=SUM(M260,O260,Q260)","=IF(K260=""Y"", 1, 0) + IF(AND(R260=1, S260=1, ISBLANK(P260), ISBLANK(Q260), T260=U260), 1, IF(AND(R260=1, S260=1, ISBLANK(P260), ISBLANK(Q260), T260>U260), 2, R260))","=IF(K260=""Y"", 1, 0) + IF(AND(R260=1, S260=1, ISBLANK(P260), ISBLANK(Q260), T260=U260), 1, IF(AND(R260=1, S260=1, ISBLANK(P260), ISBLANK(Q260), U260>T260), 2, S260))","=IF(K260<>""Y"", 0, IF(AND(R260=1, S260=1, ISBLANK(P260), ISBLANK(Q260), T260=U260), 2, 3))"
Wednesday,11,2026-08-05,7:00pm,"Courts 1–5","Line 4 (#4/#5)","Howie's Team","Baseliners","","",Y,,,,,,,"=IF(L261="""",0,IF(L261>M261,1,0))+IF(N261="""",0,IF(N261>O261,1,0))+IF(P261="""",0,IF(P261>Q261,1,0))","=IF(M261="""",0,IF(M261>L261,1,0))+IF(O261="""",0,IF(O261>N261,1,0))+IF(Q261="""",0,IF(Q261>P261,1,0))","=SUM(L261,N261,P261)","=SUM(M261,O261,Q261)","=IF(K261=""Y"", 1, 0) + IF(AND(R261=1, S261=1, ISBLANK(P261), ISBLANK(Q261), T261=U261), 1, IF(AND(R261=1, S261=1, ISBLANK(P261), ISBLANK(Q261), T261>U261), 2, R261))","=IF(K261=""Y"", 1, 0) + IF(AND(R261=1, S261=1, ISBLANK(P261), ISBLANK(Q261), T261=U261), 1, IF(AND(R261=1, S261=1, ISBLANK(P261), ISBLANK(Q261), U261>T261), 2, S261))","=IF(K261<>""Y"", 0, IF(AND(R261=1, S261=1, ISBLANK(P261), ISBLANK(Q261), T261=U261), 2, 3))"
Wednesday,11,2026-08-05,7:00pm,"Courts 6–9","Line 1 (#1/#2)","Serve Aces","Not My Fault","","",Y,,,,,,,"=IF(L262="""",0,IF(L262>M262,1,0))+IF(N262="""",0,IF(N262>O262,1,0))+IF(P262="""",0,IF(P262>Q262,1,0))","=IF(M262="""",0,IF(M262>L262,1,0))+IF(O262="""",0,IF(O262>N262,1,0))+IF(Q262="""",0,IF(Q262>P262,1,0))","=SUM(L262,N262,P262)","=SUM(M262,O262,Q262)","=IF(K262=""Y"", 1, 0) + IF(AND(R262=1, S262=1, ISBLANK(P262), ISBLANK(Q262), T262=U262), 1, IF(AND(R262=1, S262=1, ISBLANK(P262), ISBLANK(Q262), T262>U262), 2, R262))","=IF(K262=""Y"", 1, 0) + IF(AND(R262=1, S262=1, ISBLANK(P262), ISBLANK(Q262), T262=U262), 1, IF(AND(R262=1, S262=1, ISBLANK(P262), ISBLANK(Q262), U262>T262), 2, S262))","=IF(K262<>""Y"", 0, IF(AND(R262=1, S262=1, ISBLANK(P262), ISBLANK(Q262), T262=U262), 2, 3))"
Wednesday,11,2026-08-05,7:00pm,"Courts 6–9","Line 2 (#3 Pair A)","Serve Aces","Not My Fault","","",Y,,,,,,,"=IF(L263="""",0,IF(L263>M263,1,0))+IF(N263="""",0,IF(N263>O263,1,0))+IF(P263="""",0,IF(P263>Q263,1,0))","=IF(M263="""",0,IF(M263>L263,1,0))+IF(O263="""",0,IF(O263>N263,1,0))+IF(Q263="""",0,IF(Q263>P263,1,0))","=SUM(L263,N263,P263)","=SUM(M263,O263,Q263)","=IF(K263=""Y"", 1, 0) + IF(AND(R263=1, S263=1, ISBLANK(P263), ISBLANK(Q263), T263=U263), 1, IF(AND(R263=1, S263=1, ISBLANK(P263), ISBLANK(Q263), T263>U263), 2, R263))","=IF(K263=""Y"", 1, 0) + IF(AND(R263=1, S263=1, ISBLANK(P263), ISBLANK(Q263), T263=U263), 1, IF(AND(R263=1, S263=1, ISBLANK(P263), ISBLANK(Q263), U263>T263), 2, S263))","=IF(K263<>""Y"", 0, IF(AND(R263=1, S263=1, ISBLANK(P263), ISBLANK(Q263), T263=U263), 2, 3))"
Wednesday,11,2026-08-05,7:00pm,"Courts 6–9","Line 3 (#3 Pair B)","Serve Aces","Not My Fault","","",Y,,,,,,,"=IF(L264="""",0,IF(L264>M264,1,0))+IF(N264="""",0,IF(N264>O264,1,0))+IF(P264="""",0,IF(P264>Q264,1,0))","=IF(M264="""",0,IF(M264>L264,1,0))+IF(O264="""",0,IF(O264>N264,1,0))+IF(Q264="""",0,IF(Q264>P264,1,0))","=SUM(L264,N264,P264)","=SUM(M264,O264,Q264)","=IF(K264=""Y"", 1, 0) + IF(AND(R264=1, S264=1, ISBLANK(P264), ISBLANK(Q264), T264=U264), 1, IF(AND(R264=1, S264=1, ISBLANK(P264), ISBLANK(Q264), T264>U264), 2, R264))","=IF(K264=""Y"", 1, 0) + IF(AND(R264=1, S264=1, ISBLANK(P264), ISBLANK(Q264), T264=U264), 1, IF(AND(R264=1, S264=1, ISBLANK(P264), ISBLANK(Q264), U264>T264), 2, S264))","=IF(K264<>""Y"", 0, IF(AND(R264=1, S264=1, ISBLANK(P264), ISBLANK(Q264), T264=U264), 2, 3))"
Wednesday,11,2026-08-05,7:00pm,"Courts 6–9","Line 4 (#4/#5)","Serve Aces","Not My Fault","","",Y,,,,,,,"=IF(L265="""",0,IF(L265>M265,1,0))+IF(N265="""",0,IF(N265>O265,1,0))+IF(P265="""",0,IF(P265>Q265,1,0))","=IF(M265="""",0,IF(M265>L265,1,0))+IF(O265="""",0,IF(O265>N265,1,0))+IF(Q265="""",0,IF(Q265>P265,1,0))","=SUM(L265,N265,P265)","=SUM(M265,O265,Q265)","=IF(K265=""Y"", 1, 0) + IF(AND(R265=1, S265=1, ISBLANK(P265), ISBLANK(Q265), T265=U265), 1, IF(AND(R265=1, S265=1, ISBLANK(P265), ISBLANK(Q265), T265>U265), 2, R265))","=IF(K265=""Y"", 1, 0) + IF(AND(R265=1, S265=1, ISBLANK(P265), ISBLANK(Q265), T265=U265), 1, IF(AND(R265=1, S265=1, ISBLANK(P265), ISBLANK(Q265), U265>T265), 2, S265))","=IF(K265<>""Y"", 0, IF(AND(R265=1, S265=1, ISBLANK(P265), ISBLANK(Q265), T265=U265), 2, 3))"


"=== WEDNESDAY TEAM STANDINGS LEADERBOARD ===",,,,,,,,,,,,,,,,,,,,,,,
Team Name,Total Points Earned,Total Points Available,Winning Percentage,,,,,,,,,,,,,,,,,,
"LAX-Winona Fusion","=SUMIFS(V$2:V$265, G$2:G$265, "LAX-Winona Fusion") + SUMIFS(W$2:W$265, H$2:H$265, "LAX-Winona Fusion")","=SUMIFS(X$2:X$265, G$2:G$265, "LAX-Winona Fusion") + SUMIFS(X$2:X$265, H$2:H$265, "LAX-Winona Fusion")","=IF(C270>0, TEXT(B270/C270, ""0.0%""), ""0.0%"")"
"Backhand Bandits","=SUMIFS(V$2:V$265, G$2:G$265, "Backhand Bandits") + SUMIFS(W$2:W$265, H$2:H$265, "Backhand Bandits")","=SUMIFS(X$2:X$265, G$2:G$265, "Backhand Bandits") + SUMIFS(X$2:X$265, H$2:H$265, "Backhand Bandits")","=IF(C271>0, TEXT(B271/C271, ""0.0%""), ""0.0%"")"
"Simply Smashing","=SUMIFS(V$2:V$265, G$2:G$265, "Simply Smashing") + SUMIFS(W$2:W$265, H$2:H$265, "Simply Smashing")","=SUMIFS(X$2:X$265, G$2:G$265, "Simply Smashing") + SUMIFS(X$2:X$265, H$2:H$265, "Simply Smashing")","=IF(C272>0, TEXT(B272/C272, ""0.0%""), ""0.0%"")"
"Nothing But Net","=SUMIFS(V$2:V$265, G$2:G$265, "Nothing But Net") + SUMIFS(W$2:W$265, H$2:H$265, "Nothing But Net")","=SUMIFS(X$2:X$265, G$2:G$265, "Nothing But Net") + SUMIFS(X$2:X$265, H$2:H$265, "Nothing But Net")","=IF(C273>0, TEXT(B273/C273, ""0.0%""), ""0.0%"")"
"Rally Monkeys","=SUMIFS(V$2:V$265, G$2:G$265, "Rally Monkeys") + SUMIFS(W$2:W$265, H$2:H$265, "Rally Monkeys")","=SUMIFS(X$2:X$265, G$2:G$265, "Rally Monkeys") + SUMIFS(X$2:X$265, H$2:H$265, "Rally Monkeys")","=IF(C274>0, TEXT(B274/C274, ""0.0%""), ""0.0%"")"
"Hit Squad","=SUMIFS(V$2:V$265, G$2:G$265, "Hit Squad") + SUMIFS(W$2:W$265, H$2:H$265, "Hit Squad")","=SUMIFS(X$2:X$265, G$2:G$265, "Hit Squad") + SUMIFS(X$2:X$265, H$2:H$265, "Hit Squad")","=IF(C275>0, TEXT(B275/C275, ""0.0%""), ""0.0%"")"
"Hot Shots","=SUMIFS(V$2:V$265, G$2:G$265, "Hot Shots") + SUMIFS(W$2:W$265, H$2:H$265, "Hot Shots")","=SUMIFS(X$2:X$265, G$2:G$265, "Hot Shots") + SUMIFS(X$2:X$265, H$2:H$265, "Hot Shots")","=IF(C276>0, TEXT(B276/C276, ""0.0%""), ""0.0%"")"
"Glory Days","=SUMIFS(V$2:V$265, G$2:G$265, "Glory Days") + SUMIFS(W$2:W$265, H$2:H$265, "Glory Days")","=SUMIFS(X$2:X$265, G$2:G$265, "Glory Days") + SUMIFS(X$2:X$265, H$2:H$265, "Glory Days")","=IF(C277>0, TEXT(B277/C277, ""0.0%""), ""0.0%"")"
"Howie's Team","=SUMIFS(V$2:V$265, G$2:G$265, "Howie's Team") + SUMIFS(W$2:W$265, H$2:H$265, "Howie's Team")","=SUMIFS(X$2:X$265, G$2:G$265, "Howie's Team") + SUMIFS(X$2:X$265, H$2:H$265, "Howie's Team")","=IF(C278>0, TEXT(B278/C278, ""0.0%""), ""0.0%"")"
"Serve Aces","=SUMIFS(V$2:V$265, G$2:G$265, "Serve Aces") + SUMIFS(W$2:W$265, H$2:H$265, "Serve Aces")","=SUMIFS(X$2:X$265, G$2:G$265, "Serve Aces") + SUMIFS(X$2:X$265, H$2:H$265, "Serve Aces")","=IF(C279>0, TEXT(B279/C279, ""0.0%""), ""0.0%"")"
"Not My Fault","=SUMIFS(V$2:V$265, G$2:G$265, "Not My Fault") + SUMIFS(W$2:W$265, H$2:H$265, "Not My Fault")","=SUMIFS(X$2:X$265, G$2:G$265, "Not My Fault") + SUMIFS(X$2:X$265, H$2:H$265, "Not My Fault")","=IF(C280>0, TEXT(B280/C280, ""0.0%""), ""0.0%"")"
"Baseliners","=SUMIFS(V$2:V$265, G$2:G$265, "Baseliners") + SUMIFS(W$2:W$265, H$2:H$265, "Baseliners")","=SUMIFS(X$2:X$265, G$2:G$265, "Baseliners") + SUMIFS(X$2:X$265, H$2:H$265, "Baseliners")","=IF(C281>0, TEXT(B281/C281, ""0.0%""), ""0.0%"")"


"=== WEDNESDAY WINNINGEST LINES LEADERBOARD BY LINE TYPE ===",,,,,,,,,,,,,,,,,,,,,,,
Line Category,Team Name,Line Points Earned,Line Points Available,Line Winning Pct,,,,,,,,,,,,,,,,,,
"Line 1 (#1/#2)","LAX-Winona Fusion","=SUMIFS(V$2:V$265, F$2:F$265, "Line 1 (#1/#2)", G$2:G$265, "LAX-Winona Fusion") + SUMIFS(W$2:W$265, F$2:F$265, "Line 1 (#1/#2)", H$2:H$265, "LAX-Winona Fusion")","=SUMIFS(X$2:X$265, F$2:F$265, "Line 1 (#1/#2)", G$2:G$265, "LAX-Winona Fusion") + SUMIFS(X$2:X$265, F$2:F$265, "Line 1 (#1/#2)", H$2:H$265, "LAX-Winona Fusion")","=IF(D286>0, TEXT(C286/D286, ""0.0%""), ""0.0%"")"
"Line 1 (#1/#2)","Backhand Bandits","=SUMIFS(V$2:V$265, F$2:F$265, "Line 1 (#1/#2)", G$2:G$265, "Backhand Bandits") + SUMIFS(W$2:W$265, F$2:F$265, "Line 1 (#1/#2)", H$2:H$265, "Backhand Bandits")","=SUMIFS(X$2:X$265, F$2:F$265, "Line 1 (#1/#2)", G$2:G$265, "Backhand Bandits") + SUMIFS(X$2:X$265, F$2:F$265, "Line 1 (#1/#2)", H$2:H$265, "Backhand Bandits")","=IF(D287>0, TEXT(C287/D287, ""0.0%""), ""0.0%"")"
"Line 1 (#1/#2)","Simply Smashing","=SUMIFS(V$2:V$265, F$2:F$265, "Line 1 (#1/#2)", G$2:G$265, "Simply Smashing") + SUMIFS(W$2:W$265, F$2:F$265, "Line 1 (#1/#2)", H$2:H$265, "Simply Smashing")","=SUMIFS(X$2:X$265, F$2:F$265, "Line 1 (#1/#2)", G$2:G$265, "Simply Smashing") + SUMIFS(X$2:X$265, F$2:F$265, "Line 1 (#1/#2)", H$2:H$265, "Simply Smashing")","=IF(D288>0, TEXT(C288/D288, ""0.0%""), ""0.0%"")"
"Line 1 (#1/#2)","Nothing But Net","=SUMIFS(V$2:V$265, F$2:F$265, "Line 1 (#1/#2)", G$2:G$265, "Nothing But Net") + SUMIFS(W$2:W$265, F$2:F$265, "Line 1 (#1/#2)", H$2:H$265, "Nothing But Net")","=SUMIFS(X$2:X$265, F$2:F$265, "Line 1 (#1/#2)", G$2:G$265, "Nothing But Net") + SUMIFS(X$2:X$265, F$2:F$265, "Line 1 (#1/#2)", H$2:H$265, "Nothing But Net")","=IF(D289>0, TEXT(C289/D289, ""0.0%""), ""0.0%"")"
"Line 1 (#1/#2)","Rally Monkeys","=SUMIFS(V$2:V$265, F$2:F$265, "Line 1 (#1/#2)", G$2:G$265, "Rally Monkeys") + SUMIFS(W$2:W$265, F$2:F$265, "Line 1 (#1/#2)", H$2:H$265, "Rally Monkeys")","=SUMIFS(X$2:X$265, F$2:F$265, "Line 1 (#1/#2)", G$2:G$265, "Rally Monkeys") + SUMIFS(X$2:X$265, F$2:F$265, "Line 1 (#1/#2)", H$2:H$265, "Rally Monkeys")","=IF(D290>0, TEXT(C290/D290, ""0.0%""), ""0.0%"")"
"Line 1 (#1/#2)","Hit Squad","=SUMIFS(V$2:V$265, F$2:F$265, "Line 1 (#1/#2)", G$2:G$265, "Hit Squad") + SUMIFS(W$2:W$265, F$2:F$265, "Line 1 (#1/#2)", H$2:H$265, "Hit Squad")","=SUMIFS(X$2:X$265, F$2:F$265, "Line 1 (#1/#2)", G$2:G$265, "Hit Squad") + SUMIFS(X$2:X$265, F$2:F$265, "Line 1 (#1/#2)", H$2:H$265, "Hit Squad")","=IF(D291>0, TEXT(C291/D291, ""0.0%""), ""0.0%"")"
"Line 1 (#1/#2)","Hot Shots","=SUMIFS(V$2:V$265, F$2:F$265, "Line 1 (#1/#2)", G$2:G$265, "Hot Shots") + SUMIFS(W$2:W$265, F$2:F$265, "Line 1 (#1/#2)", H$2:H$265, "Hot Shots")","=SUMIFS(X$2:X$265, F$2:F$265, "Line 1 (#1/#2)", G$2:G$265, "Hot Shots") + SUMIFS(X$2:X$265, F$2:F$265, "Line 1 (#1/#2)", H$2:H$265, "Hot Shots")","=IF(D292>0, TEXT(C292/D292, ""0.0%""), ""0.0%"")"
"Line 1 (#1/#2)","Glory Days","=SUMIFS(V$2:V$265, F$2:F$265, "Line 1 (#1/#2)", G$2:G$265, "Glory Days") + SUMIFS(W$2:W$265, F$2:F$265, "Line 1 (#1/#2)", H$2:H$265, "Glory Days")","=SUMIFS(X$2:X$265, F$2:F$265, "Line 1 (#1/#2)", G$2:G$265, "Glory Days") + SUMIFS(X$2:X$265, F$2:F$265, "Line 1 (#1/#2)", H$2:H$265, "Glory Days")","=IF(D293>0, TEXT(C293/D293, ""0.0%""), ""0.0%"")"
"Line 1 (#1/#2)","Howie's Team","=SUMIFS(V$2:V$265, F$2:F$265, "Line 1 (#1/#2)", G$2:G$265, "Howie's Team") + SUMIFS(W$2:W$265, F$2:F$265, "Line 1 (#1/#2)", H$2:H$265, "Howie's Team")","=SUMIFS(X$2:X$265, F$2:F$265, "Line 1 (#1/#2)", G$2:G$265, "Howie's Team") + SUMIFS(X$2:X$265, F$2:F$265, "Line 1 (#1/#2)", H$2:H$265, "Howie's Team")","=IF(D294>0, TEXT(C294/D294, ""0.0%""), ""0.0%"")"
"Line 1 (#1/#2)","Serve Aces","=SUMIFS(V$2:V$265, F$2:F$265, "Line 1 (#1/#2)", G$2:G$265, "Serve Aces") + SUMIFS(W$2:W$265, F$2:F$265, "Line 1 (#1/#2)", H$2:H$265, "Serve Aces")","=SUMIFS(X$2:X$265, F$2:F$265, "Line 1 (#1/#2)", G$2:G$265, "Serve Aces") + SUMIFS(X$2:X$265, F$2:F$265, "Line 1 (#1/#2)", H$2:H$265, "Serve Aces")","=IF(D295>0, TEXT(C295/D295, ""0.0%""), ""0.0%"")"
"Line 1 (#1/#2)","Not My Fault","=SUMIFS(V$2:V$265, F$2:F$265, "Line 1 (#1/#2)", G$2:G$265, "Not My Fault") + SUMIFS(W$2:W$265, F$2:F$265, "Line 1 (#1/#2)", H$2:H$265, "Not My Fault")","=SUMIFS(X$2:X$265, F$2:F$265, "Line 1 (#1/#2)", G$2:G$265, "Not My Fault") + SUMIFS(X$2:X$265, F$2:F$265, "Line 1 (#1/#2)", H$2:H$265, "Not My Fault")","=IF(D296>0, TEXT(C296/D296, ""0.0%""), ""0.0%"")"
"Line 1 (#1/#2)","Baseliners","=SUMIFS(V$2:V$265, F$2:F$265, "Line 1 (#1/#2)", G$2:G$265, "Baseliners") + SUMIFS(W$2:W$265, F$2:F$265, "Line 1 (#1/#2)", H$2:H$265, "Baseliners")","=SUMIFS(X$2:X$265, F$2:F$265, "Line 1 (#1/#2)", G$2:G$265, "Baseliners") + SUMIFS(X$2:X$265, F$2:F$265, "Line 1 (#1/#2)", H$2:H$265, "Baseliners")","=IF(D297>0, TEXT(C297/D297, ""0.0%""), ""0.0%"")"
"Line 2 (#3 Pair A)","LAX-Winona Fusion","=SUMIFS(V$2:V$265, F$2:F$265, "Line 2 (#3 Pair A)", G$2:G$265, "LAX-Winona Fusion") + SUMIFS(W$2:W$265, F$2:F$265, "Line 2 (#3 Pair A)", H$2:H$265, "LAX-Winona Fusion")","=SUMIFS(X$2:X$265, F$2:F$265, "Line 2 (#3 Pair A)", G$2:G$265, "LAX-Winona Fusion") + SUMIFS(X$2:X$265, F$2:F$265, "Line 2 (#3 Pair A)", H$2:H$265, "LAX-Winona Fusion")","=IF(D298>0, TEXT(C298/D298, ""0.0%""), ""0.0%"")"
"Line 2 (#3 Pair A)","Backhand Bandits","=SUMIFS(V$2:V$265, F$2:F$265, "Line 2 (#3 Pair A)", G$2:G$265, "Backhand Bandits") + SUMIFS(W$2:W$265, F$2:F$265, "Line 2 (#3 Pair A)", H$2:H$265, "Backhand Bandits")","=SUMIFS(X$2:X$265, F$2:F$265, "Line 2 (#3 Pair A)", G$2:G$265, "Backhand Bandits") + SUMIFS(X$2:X$265, F$2:F$265, "Line 2 (#3 Pair A)", H$2:H$265, "Backhand Bandits")","=IF(D299>0, TEXT(C299/D299, ""0.0%""), ""0.0%"")"
"Line 2 (#3 Pair A)","Simply Smashing","=SUMIFS(V$2:V$265, F$2:F$265, "Line 2 (#3 Pair A)", G$2:G$265, "Simply Smashing") + SUMIFS(W$2:W$265, F$2:F$265, "Line 2 (#3 Pair A)", H$2:H$265, "Simply Smashing")","=SUMIFS(X$2:X$265, F$2:F$265, "Line 2 (#3 Pair A)", G$2:G$265, "Simply Smashing") + SUMIFS(X$2:X$265, F$2:F$265, "Line 2 (#3 Pair A)", H$2:H$265, "Simply Smashing")","=IF(D300>0, TEXT(C300/D300, ""0.0%""), ""0.0%"")"
"Line 2 (#3 Pair A)","Nothing But Net","=SUMIFS(V$2:V$265, F$2:F$265, "Line 2 (#3 Pair A)", G$2:G$265, "Nothing But Net") + SUMIFS(W$2:W$265, F$2:F$265, "Line 2 (#3 Pair A)", H$2:H$265, "Nothing But Net")","=SUMIFS(X$2:X$265, F$2:F$265, "Line 2 (#3 Pair A)", G$2:G$265, "Nothing But Net") + SUMIFS(X$2:X$265, F$2:F$265, "Line 2 (#3 Pair A)", H$2:H$265, "Nothing But Net")","=IF(D301>0, TEXT(C301/D301, ""0.0%""), ""0.0%"")"
"Line 2 (#3 Pair A)","Rally Monkeys","=SUMIFS(V$2:V$265, F$2:F$265, "Line 2 (#3 Pair A)", G$2:G$265, "Rally Monkeys") + SUMIFS(W$2:W$265, F$2:F$265, "Line 2 (#3 Pair A)", H$2:H$265, "Rally Monkeys")","=SUMIFS(X$2:X$265, F$2:F$265, "Line 2 (#3 Pair A)", G$2:G$265, "Rally Monkeys") + SUMIFS(X$2:X$265, F$2:F$265, "Line 2 (#3 Pair A)", H$2:H$265, "Rally Monkeys")","=IF(D302>0, TEXT(C302/D302, ""0.0%""), ""0.0%"")"
"Line 2 (#3 Pair A)","Hit Squad","=SUMIFS(V$2:V$265, F$2:F$265, "Line 2 (#3 Pair A)", G$2:G$265, "Hit Squad") + SUMIFS(W$2:W$265, F$2:F$265, "Line 2 (#3 Pair A)", H$2:H$265, "Hit Squad")","=SUMIFS(X$2:X$265, F$2:F$265, "Line 2 (#3 Pair A)", G$2:G$265, "Hit Squad") + SUMIFS(X$2:X$265, F$2:F$265, "Line 2 (#3 Pair A)", H$2:H$265, "Hit Squad")","=IF(D303>0, TEXT(C303/D303, ""0.0%""), ""0.0%"")"
"Line 2 (#3 Pair A)","Hot Shots","=SUMIFS(V$2:V$265, F$2:F$265, "Line 2 (#3 Pair A)", G$2:G$265, "Hot Shots") + SUMIFS(W$2:W$265, F$2:F$265, "Line 2 (#3 Pair A)", H$2:H$265, "Hot Shots")","=SUMIFS(X$2:X$265, F$2:F$265, "Line 2 (#3 Pair A)", G$2:G$265, "Hot Shots") + SUMIFS(X$2:X$265, F$2:F$265, "Line 2 (#3 Pair A)", H$2:H$265, "Hot Shots")","=IF(D304>0, TEXT(C304/D304, ""0.0%""), ""0.0%"")"
"Line 2 (#3 Pair A)","Glory Days","=SUMIFS(V$2:V$265, F$2:F$265, "Line 2 (#3 Pair A)", G$2:G$265, "Glory Days") + SUMIFS(W$2:W$265, F$2:F$265, "Line 2 (#3 Pair A)", H$2:H$265, "Glory Days")","=SUMIFS(X$2:X$265, F$2:F$265, "Line 2 (#3 Pair A)", G$2:G$265, "Glory Days") + SUMIFS(X$2:X$265, F$2:F$265, "Line 2 (#3 Pair A)", H$2:H$265, "Glory Days")","=IF(D305>0, TEXT(C305/D305, ""0.0%""), ""0.0%"")"
"Line 2 (#3 Pair A)","Howie's Team","=SUMIFS(V$2:V$265, F$2:F$265, "Line 2 (#3 Pair A)", G$2:G$265, "Howie's Team") + SUMIFS(W$2:W$265, F$2:F$265, "Line 2 (#3 Pair A)", H$2:H$265, "Howie's Team")","=SUMIFS(X$2:X$265, F$2:F$265, "Line 2 (#3 Pair A)", G$2:G$265, "Howie's Team") + SUMIFS(X$2:X$265, F$2:F$265, "Line 2 (#3 Pair A)", H$2:H$265, "Howie's Team")","=IF(D306>0, TEXT(C306/D306, ""0.0%""), ""0.0%"")"
"Line 2 (#3 Pair A)","Serve Aces","=SUMIFS(V$2:V$265, F$2:F$265, "Line 2 (#3 Pair A)", G$2:G$265, "Serve Aces") + SUMIFS(W$2:W$265, F$2:F$265, "Line 2 (#3 Pair A)", H$2:H$265, "Serve Aces")","=SUMIFS(X$2:X$265, F$2:F$265, "Line 2 (#3 Pair A)", G$2:G$265, "Serve Aces") + SUMIFS(X$2:X$265, F$2:F$265, "Line 2 (#3 Pair A)", H$2:H$265, "Serve Aces")","=IF(D307>0, TEXT(C307/D307, ""0.0%""), ""0.0%"")"
"Line 2 (#3 Pair A)","Not My Fault","=SUMIFS(V$2:V$265, F$2:F$265, "Line 2 (#3 Pair A)", G$2:G$265, "Not My Fault") + SUMIFS(W$2:W$265, F$2:F$265, "Line 2 (#3 Pair A)", H$2:H$265, "Not My Fault")","=SUMIFS(X$2:X$265, F$2:F$265, "Line 2 (#3 Pair A)", G$2:G$265, "Not My Fault") + SUMIFS(X$2:X$265, F$2:F$265, "Line 2 (#3 Pair A)", H$2:H$265, "Not My Fault")","=IF(D308>0, TEXT(C308/D308, ""0.0%""), ""0.0%"")"
"Line 2 (#3 Pair A)","Baseliners","=SUMIFS(V$2:V$265, F$2:F$265, "Line 2 (#3 Pair A)", G$2:G$265, "Baseliners") + SUMIFS(W$2:W$265, F$2:F$265, "Line 2 (#3 Pair A)", H$2:H$265, "Baseliners")","=SUMIFS(X$2:X$265, F$2:F$265, "Line 2 (#3 Pair A)", G$2:G$265, "Baseliners") + SUMIFS(X$2:X$265, F$2:F$265, "Line 2 (#3 Pair A)", H$2:H$265, "Baseliners")","=IF(D309>0, TEXT(C309/D309, ""0.0%""), ""0.0%"")"
"Line 3 (#3 Pair B)","LAX-Winona Fusion","=SUMIFS(V$2:V$265, F$2:F$265, "Line 3 (#3 Pair B)", G$2:G$265, "LAX-Winona Fusion") + SUMIFS(W$2:W$265, F$2:F$265, "Line 3 (#3 Pair B)", H$2:H$265, "LAX-Winona Fusion")","=SUMIFS(X$2:X$265, F$2:F$265, "Line 3 (#3 Pair B)", G$2:G$265, "LAX-Winona Fusion") + SUMIFS(X$2:X$265, F$2:F$265, "Line 3 (#3 Pair B)", H$2:H$265, "LAX-Winona Fusion")","=IF(D310>0, TEXT(C310/D310, ""0.0%""), ""0.0%"")"
"Line 3 (#3 Pair B)","Backhand Bandits","=SUMIFS(V$2:V$265, F$2:F$265, "Line 3 (#3 Pair B)", G$2:G$265, "Backhand Bandits") + SUMIFS(W$2:W$265, F$2:F$265, "Line 3 (#3 Pair B)", H$2:H$265, "Backhand Bandits")","=SUMIFS(X$2:X$265, F$2:F$265, "Line 3 (#3 Pair B)", G$2:G$265, "Backhand Bandits") + SUMIFS(X$2:X$265, F$2:F$265, "Line 3 (#3 Pair B)", H$2:H$265, "Backhand Bandits")","=IF(D311>0, TEXT(C311/D311, ""0.0%""), ""0.0%"")"
"Line 3 (#3 Pair B)","Simply Smashing","=SUMIFS(V$2:V$265, F$2:F$265, "Line 3 (#3 Pair B)", G$2:G$265, "Simply Smashing") + SUMIFS(W$2:W$265, F$2:F$265, "Line 3 (#3 Pair B)", H$2:H$265, "Simply Smashing")","=SUMIFS(X$2:X$265, F$2:F$265, "Line 3 (#3 Pair B)", G$2:G$265, "Simply Smashing") + SUMIFS(X$2:X$265, F$2:F$265, "Line 3 (#3 Pair B)", H$2:H$265, "Simply Smashing")","=IF(D312>0, TEXT(C312/D312, ""0.0%""), ""0.0%"")"
"Line 3 (#3 Pair B)","Nothing But Net","=SUMIFS(V$2:V$265, F$2:F$265, "Line 3 (#3 Pair B)", G$2:G$265, "Nothing But Net") + SUMIFS(W$2:W$265, F$2:F$265, "Line 3 (#3 Pair B)", H$2:H$265, "Nothing But Net")","=SUMIFS(X$2:X$265, F$2:F$265, "Line 3 (#3 Pair B)", G$2:G$265, "Nothing But Net") + SUMIFS(X$2:X$265, F$2:F$265, "Line 3 (#3 Pair B)", H$2:H$265, "Nothing But Net")","=IF(D313>0, TEXT(C313/D313, ""0.0%""), ""0.0%"")"
"Line 3 (#3 Pair B)","Rally Monkeys","=SUMIFS(V$2:V$265, F$2:F$265, "Line 3 (#3 Pair B)", G$2:G$265, "Rally Monkeys") + SUMIFS(W$2:W$265, F$2:F$265, "Line 3 (#3 Pair B)", H$2:H$265, "Rally Monkeys")","=SUMIFS(X$2:X$265, F$2:F$265, "Line 3 (#3 Pair B)", G$2:G$265, "Rally Monkeys") + SUMIFS(X$2:X$265, F$2:F$265, "Line 3 (#3 Pair B)", H$2:H$265, "Rally Monkeys")","=IF(D314>0, TEXT(C314/D314, ""0.0%""), ""0.0%"")"
"Line 3 (#3 Pair B)","Hit Squad","=SUMIFS(V$2:V$265, F$2:F$265, "Line 3 (#3 Pair B)", G$2:G$265, "Hit Squad") + SUMIFS(W$2:W$265, F$2:F$265, "Line 3 (#3 Pair B)", H$2:H$265, "Hit Squad")","=SUMIFS(X$2:X$265, F$2:F$265, "Line 3 (#3 Pair B)", G$2:G$265, "Hit Squad") + SUMIFS(X$2:X$265, F$2:F$265, "Line 3 (#3 Pair B)", H$2:H$265, "Hit Squad")","=IF(D315>0, TEXT(C315/D315, ""0.0%""), ""0.0%"")"
"Line 3 (#3 Pair B)","Hot Shots","=SUMIFS(V$2:V$265, F$2:F$265, "Line 3 (#3 Pair B)", G$2:G$265, "Hot Shots") + SUMIFS(W$2:W$265, F$2:F$265, "Line 3 (#3 Pair B)", H$2:H$265, "Hot Shots")","=SUMIFS(X$2:X$265, F$2:F$265, "Line 3 (#3 Pair B)", G$2:G$265, "Hot Shots") + SUMIFS(X$2:X$265, F$2:F$265, "Line 3 (#3 Pair B)", H$2:H$265, "Hot Shots")","=IF(D316>0, TEXT(C316/D316, ""0.0%""), ""0.0%"")"
"Line 3 (#3 Pair B)","Glory Days","=SUMIFS(V$2:V$265, F$2:F$265, "Line 3 (#3 Pair B)", G$2:G$265, "Glory Days") + SUMIFS(W$2:W$265, F$2:F$265, "Line 3 (#3 Pair B)", H$2:H$265, "Glory Days")","=SUMIFS(X$2:X$265, F$2:F$265, "Line 3 (#3 Pair B)", G$2:G$265, "Glory Days") + SUMIFS(X$2:X$265, F$2:F$265, "Line 3 (#3 Pair B)", H$2:H$265, "Glory Days")","=IF(D317>0, TEXT(C317/D317, ""0.0%""), ""0.0%"")"
"Line 3 (#3 Pair B)","Howie's Team","=SUMIFS(V$2:V$265, F$2:F$265, "Line 3 (#3 Pair B)", G$2:G$265, "Howie's Team") + SUMIFS(W$2:W$265, F$2:F$265, "Line 3 (#3 Pair B)", H$2:H$265, "Howie's Team")","=SUMIFS(X$2:X$265, F$2:F$265, "Line 3 (#3 Pair B)", G$2:G$265, "Howie's Team") + SUMIFS(X$2:X$265, F$2:F$265, "Line 3 (#3 Pair B)", H$2:H$265, "Howie's Team")","=IF(D318>0, TEXT(C318/D318, ""0.0%""), ""0.0%"")"
"Line 3 (#3 Pair B)","Serve Aces","=SUMIFS(V$2:V$265, F$2:F$265, "Line 3 (#3 Pair B)", G$2:G$265, "Serve Aces") + SUMIFS(W$2:W$265, F$2:F$265, "Line 3 (#3 Pair B)", H$2:H$265, "Serve Aces")","=SUMIFS(X$2:X$265, F$2:F$265, "Line 3 (#3 Pair B)", G$2:G$265, "Serve Aces") + SUMIFS(X$2:X$265, F$2:F$265, "Line 3 (#3 Pair B)", H$2:H$265, "Serve Aces")","=IF(D319>0, TEXT(C319/D319, ""0.0%""), ""0.0%"")"
"Line 3 (#3 Pair B)","Not My Fault","=SUMIFS(V$2:V$265, F$2:F$265, "Line 3 (#3 Pair B)", G$2:G$265, "Not My Fault") + SUMIFS(W$2:W$265, F$2:F$265, "Line 3 (#3 Pair B)", H$2:H$265, "Not My Fault")","=SUMIFS(X$2:X$265, F$2:F$265, "Line 3 (#3 Pair B)", G$2:G$265, "Not My Fault") + SUMIFS(X$2:X$265, F$2:F$265, "Line 3 (#3 Pair B)", H$2:H$265, "Not My Fault")","=IF(D320>0, TEXT(C320/D320, ""0.0%""), ""0.0%"")"
"Line 3 (#3 Pair B)","Baseliners","=SUMIFS(V$2:V$265, F$2:F$265, "Line 3 (#3 Pair B)", G$2:G$265, "Baseliners") + SUMIFS(W$2:W$265, F$2:F$265, "Line 3 (#3 Pair B)", H$2:H$265, "Baseliners")","=SUMIFS(X$2:X$265, F$2:F$265, "Line 3 (#3 Pair B)", G$2:G$265, "Baseliners") + SUMIFS(X$2:X$265, F$2:F$265, "Line 3 (#3 Pair B)", H$2:H$265, "Baseliners")","=IF(D321>0, TEXT(C321/D321, ""0.0%""), ""0.0%"")"
"Line 4 (#4/#5)","LAX-Winona Fusion","=SUMIFS(V$2:V$265, F$2:F$265, "Line 4 (#4/#5)", G$2:G$265, "LAX-Winona Fusion") + SUMIFS(W$2:W$265, F$2:F$265, "Line 4 (#4/#5)", H$2:H$265, "LAX-Winona Fusion")","=SUMIFS(X$2:X$265, F$2:F$265, "Line 4 (#4/#5)", G$2:G$265, "LAX-Winona Fusion") + SUMIFS(X$2:X$265, F$2:F$265, "Line 4 (#4/#5)", H$2:H$265, "LAX-Winona Fusion")","=IF(D322>0, TEXT(C322/D322, ""0.0%""), ""0.0%"")"
"Line 4 (#4/#5)","Backhand Bandits","=SUMIFS(V$2:V$265, F$2:F$265, "Line 4 (#4/#5)", G$2:G$265, "Backhand Bandits") + SUMIFS(W$2:W$265, F$2:F$265, "Line 4 (#4/#5)", H$2:H$265, "Backhand Bandits")","=SUMIFS(X$2:X$265, F$2:F$265, "Line 4 (#4/#5)", G$2:G$265, "Backhand Bandits") + SUMIFS(X$2:X$265, F$2:F$265, "Line 4 (#4/#5)", H$2:H$265, "Backhand Bandits")","=IF(D323>0, TEXT(C323/D323, ""0.0%""), ""0.0%"")"
"Line 4 (#4/#5)","Simply Smashing","=SUMIFS(V$2:V$265, F$2:F$265, "Line 4 (#4/#5)", G$2:G$265, "Simply Smashing") + SUMIFS(W$2:W$265, F$2:F$265, "Line 4 (#4/#5)", H$2:H$265, "Simply Smashing")","=SUMIFS(X$2:X$265, F$2:F$265, "Line 4 (#4/#5)", G$2:G$265, "Simply Smashing") + SUMIFS(X$2:X$265, F$2:F$265, "Line 4 (#4/#5)", H$2:H$265, "Simply Smashing")","=IF(D324>0, TEXT(C324/D324, ""0.0%""), ""0.0%"")"
"Line 4 (#4/#5)","Nothing But Net","=SUMIFS(V$2:V$265, F$2:F$265, "Line 4 (#4/#5)", G$2:G$265, "Nothing But Net") + SUMIFS(W$2:W$265, F$2:F$265, "Line 4 (#4/#5)", H$2:H$265, "Nothing But Net")","=SUMIFS(X$2:X$265, F$2:F$265, "Line 4 (#4/#5)", G$2:G$265, "Nothing But Net") + SUMIFS(X$2:X$265, F$2:F$265, "Line 4 (#4/#5)", H$2:H$265, "Nothing But Net")","=IF(D325>0, TEXT(C325/D325, ""0.0%""), ""0.0%"")"
"Line 4 (#4/#5)","Rally Monkeys","=SUMIFS(V$2:V$265, F$2:F$265, "Line 4 (#4/#5)", G$2:G$265, "Rally Monkeys") + SUMIFS(W$2:W$265, F$2:F$265, "Line 4 (#4/#5)", H$2:H$265, "Rally Monkeys")","=SUMIFS(X$2:X$265, F$2:F$265, "Line 4 (#4/#5)", G$2:G$265, "Rally Monkeys") + SUMIFS(X$2:X$265, F$2:F$265, "Line 4 (#4/#5)", H$2:H$265, "Rally Monkeys")","=IF(D326>0, TEXT(C326/D326, ""0.0%""), ""0.0%"")"
"Line 4 (#4/#5)","Hit Squad","=SUMIFS(V$2:V$265, F$2:F$265, "Line 4 (#4/#5)", G$2:G$265, "Hit Squad") + SUMIFS(W$2:W$265, F$2:F$265, "Line 4 (#4/#5)", H$2:H$265, "Hit Squad")","=SUMIFS(X$2:X$265, F$2:F$265, "Line 4 (#4/#5)", G$2:G$265, "Hit Squad") + SUMIFS(X$2:X$265, F$2:F$265, "Line 4 (#4/#5)", H$2:H$265, "Hit Squad")","=IF(D327>0, TEXT(C327/D327, ""0.0%""), ""0.0%"")"
"Line 4 (#4/#5)","Hot Shots","=SUMIFS(V$2:V$265, F$2:F$265, "Line 4 (#4/#5)", G$2:G$265, "Hot Shots") + SUMIFS(W$2:W$265, F$2:F$265, "Line 4 (#4/#5)", H$2:H$265, "Hot Shots")","=SUMIFS(X$2:X$265, F$2:F$265, "Line 4 (#4/#5)", G$2:G$265, "Hot Shots") + SUMIFS(X$2:X$265, F$2:F$265, "Line 4 (#4/#5)", H$2:H$265, "Hot Shots")","=IF(D328>0, TEXT(C328/D328, ""0.0%""), ""0.0%"")"
"Line 4 (#4/#5)","Glory Days","=SUMIFS(V$2:V$265, F$2:F$265, "Line 4 (#4/#5)", G$2:G$265, "Glory Days") + SUMIFS(W$2:W$265, F$2:F$265, "Line 4 (#4/#5)", H$2:H$265, "Glory Days")","=SUMIFS(X$2:X$265, F$2:F$265, "Line 4 (#4/#5)", G$2:G$265, "Glory Days") + SUMIFS(X$2:X$265, F$2:F$265, "Line 4 (#4/#5)", H$2:H$265, "Glory Days")","=IF(D329>0, TEXT(C329/D329, ""0.0%""), ""0.0%"")"
"Line 4 (#4/#5)","Howie's Team","=SUMIFS(V$2:V$265, F$2:F$265, "Line 4 (#4/#5)", G$2:G$265, "Howie's Team") + SUMIFS(W$2:W$265, F$2:F$265, "Line 4 (#4/#5)", H$2:H$265, "Howie's Team")","=SUMIFS(X$2:X$265, F$2:F$265, "Line 4 (#4/#5)", G$2:G$265, "Howie's Team") + SUMIFS(X$2:X$265, F$2:F$265, "Line 4 (#4/#5)", H$2:H$265, "Howie's Team")","=IF(D330>0, TEXT(C330/D330, ""0.0%""), ""0.0%"")"
"Line 4 (#4/#5)","Serve Aces","=SUMIFS(V$2:V$265, F$2:F$265, "Line 4 (#4/#5)", G$2:G$265, "Serve Aces") + SUMIFS(W$2:W$265, F$2:F$265, "Line 4 (#4/#5)", H$2:H$265, "Serve Aces")","=SUMIFS(X$2:X$265, F$2:F$265, "Line 4 (#4/#5)", G$2:G$265, "Serve Aces") + SUMIFS(X$2:X$265, F$2:F$265, "Line 4 (#4/#5)", H$2:H$265, "Serve Aces")","=IF(D331>0, TEXT(C331/D331, ""0.0%""), ""0.0%"")"
"Line 4 (#4/#5)","Not My Fault","=SUMIFS(V$2:V$265, F$2:F$265, "Line 4 (#4/#5)", G$2:G$265, "Not My Fault") + SUMIFS(W$2:W$265, F$2:F$265, "Line 4 (#4/#5)", H$2:H$265, "Not My Fault")","=SUMIFS(X$2:X$265, F$2:F$265, "Line 4 (#4/#5)", G$2:G$265, "Not My Fault") + SUMIFS(X$2:X$265, F$2:F$265, "Line 4 (#4/#5)", H$2:H$265, "Not My Fault")","=IF(D332>0, TEXT(C332/D332, ""0.0%""), ""0.0%"")"
"Line 4 (#4/#5)","Baseliners","=SUMIFS(V$2:V$265, F$2:F$265, "Line 4 (#4/#5)", G$2:G$265, "Baseliners") + SUMIFS(W$2:W$265, F$2:F$265, "Line 4 (#4/#5)", H$2:H$265, "Baseliners")","=SUMIFS(X$2:X$265, F$2:F$265, "Line 4 (#4/#5)", G$2:G$265, "Baseliners") + SUMIFS(X$2:X$265, F$2:F$265, "Line 4 (#4/#5)", H$2:H$265, "Baseliners")","=IF(D333>0, TEXT(C333/D333, ""0.0%""), ""0.0%"")"